id_transaccion,id_cliente,fecha,categoria_producto,cantidad_items,monto_total,canal_venta,medio_pago,localidad
TX-000003,CLI-00028,2024-06-07,Pinturas y revestimientos,8,268556.4,Telefónico,Transferencia,Ushuaia
TX-000005,CLI-00526,2024-06-08,Herramientas manuales,3,34075.08,App,Efectivo en sucursal,Ushuaia
TX-000006,CLI-01234,2024-06-17,Plomería y caños,6,25251.74,Web,Transferencia,Río Grande
TX-000007,CLI-00912,2024-06-19,Pisos y cerámicos,17,362860.21,App,Transferencia,Tolhuin
TX-000008,CLI-00443,2024-06-19,Herramientas manuales,2,18054.89,App,Tarjeta de débito,Río Grande
TX-000010,CLI-00701,2024-06-19,Ferretería general,15,162665.89,Telefónico,Cuenta corriente,Río Grande
TX-000011,CLI-00835,2024-06-19,Maderas y tableros,2,25186.56,Web,Tarjeta de crédito,Río Grande
TX-000012,CLI-00614,2024-06-19,Pinturas y revestimientos,4,42000.42,Web,Tarjeta de crédito,Río Grande
TX-000015,CLI-01013,2024-06-21,Herramientas manuales,2,80548.61,Telefónico,Efectivo en sucursal,Ushuaia
TX-000014,CLI-00867,2024-06-21,Ferretería general,7,14444.02,Web,Tarjeta de crédito,Río Grande
TX-000013,CLI-00629,2024-06-21,Cemento y áridos,27,410573.07,Web,Cuenta corriente,Río Grande
TX-000016,CLI-00351,2024-06-22,Sanitarios y grifería,4,237904.38,App,Cuenta corriente,RÍO GRANDE
TX-000017,CLI-00912,2024-06-23,Maderas y tableros,5,98895.45,App,Transferencia,Tolhuin
TX-000018,CLI-00298,2024-06-24,Herramientas manuales,1,15025.92,Web,Tarjeta de débito,Río Grande
TX-000019,CLI-00057,2024-06-24,Seguridad e indumentaria,5,84234.15,Web,Transferencia,Río Grande
TX-000020,CLI-00304,2024-06-24,Cemento y áridos,39,426675.3,Web,Cuenta corriente,Ushuaia
TX-000021,CLI-01277,2024-06-25,Herramientas eléctricas,1,98746.33,Web,Efectivo en sucursal,Ushuaia
TX-000022,CLI-00079,2024-06-26,Pisos y cerámicos,7,80260.14,Web,Tarjeta de débito,Ushuaia
TX-000024,CLI-01234,2024-06-27,Pinturas y revestimientos,3,40293.06,App,Efectivo en sucursal,Río Grande
TX-000023,CLI-01033,2024-06-27,Plomería y caños,9,50786.19,Web,Tarjeta de débito,Tolhuin
TX-000025,CLI-00980,2024-06-28,Electricidad e iluminación,2,17180.82,Web,Transferencia,Tolhuin
TX-000026,CLI-00980,2024-06-28,Seguridad e indumentaria,4,118131.61,Web,Transferencia,Tolhuin
TX-000027,CLI-00393,2024-06-28,Ferretería general,3,6463.18,Web,Tarjeta de débito,ushuaia
TX-000028,CLI-00298,2024-06-29,Sanitarios y grifería,3,115512.4,Web,Tarjeta de débito,Rio Grande
TX-000030,CLI-00926,2024-06-29,Plomería y caños,3,13112.18,Web,Transferencia,Ushuaia
TX-000031,CLI-01237,2024-06-29,Pisos y cerámicos,16,150800.01,App,Tarjeta de débito,Río Grande
TX-000033,CLI-00413,2024-07-01,Cemento y áridos,60,955361.47,Telefónico,Tarjeta de crédito,Río Grande
TX-000034,CLI-00823,2024-07-01,Electricidad e iluminación,3,26309.39,Web,Transferencia,Rio Grande
TX-000032,CLI-00595,2024-07-01,Electricidad e iluminación,3,24013.56,Web,Transferencia,río grande
TX-000035,CLI-00828,2024-07-02,Ferretería general,9,38615.98,App,Cuenta corriente,Ushuaia
TX-000036,CLI-01089,2024-07-02,Plomería y caños,4,25503.41,Web,Transferencia,Tolhuin
TX-000037,CLI-00912,2024-07-02,Plomería y caños,6,79471.94,Telefónico,Tarjeta de débito,Tolhuin
TX-000038,CLI-00977,2024-07-03,Ferretería general,9,20905.15,App,Transferencia,Río Grande
TX-000039,CLI-00236,2024-07-03,Herramientas manuales,2,20950.04,App,Tarjeta de débito,Río Grande
TX-000040,CLI-01013,2024-07-03,Ferretería general,7,58581.36,App,Transferencia,Ushuaia
TX-000041,CLI-00256,2024-07-04,Plomería y caños,4,42590.81,App,Cuenta corriente,Río Grande
TX-000042,CLI-00304,2024-07-05,Cemento y áridos,8,103543.1,Web,Transferencia,Ushuaia
TX-000044,CLI-00912,2024-07-06,Ferretería general,54,238845.46,App,Cuenta corriente,Tolhuin
TX-000046,CLI-01128,2024-07-06,Herramientas manuales,2,24494.48,Web,Transferencia,Río Grande
TX-000043,CLI-01042,2024-07-06,Pisos y cerámicos,7,84617.66,App,Tarjeta de crédito,Río Grande
TX-000047,CLI-00773,2024-07-07,Electricidad e iluminación,4,51266.6,App,Tarjeta de crédito,Río Grande
TX-000048,CLI-01013,2024-07-08,Cemento y áridos,42,966151.35,App,Cuenta corriente,Ushuaia
TX-000049,CLI-00746,2024-07-08,Seguridad e indumentaria,10,475486.85,Telefónico,Cuenta corriente,Ushuaia
TX-000050,CLI-01347,2024-07-08,Electricidad e iluminación,1,29534.76,Telefónico,Cuenta corriente,Río Grande
TX-000051,CLI-00393,2024-07-08,Pisos y cerámicos,12,108816.4,Web,T. crédito,USHUAIA
TX-000052,CLI-00553,2024-07-09,Ferretería general,8,46532.18,Telefónico,Tarjeta de crédito,Río Grande
TX-000053,CLI-00055,2024-07-09,Herramientas manuales,2,16143.7,App,,Río Grande
TX-000058,CLI-00055,2024-07-10,Seguridad e indumentaria,2,58718.99,App,Tarjeta de débito,Río Grande
TX-000057,CLI-00020,2024-07-10,Pinturas y revestimientos,6,165295.98,Telefónico,Tarjeta de crédito,Ushuaia
TX-000055,CLI-00021,2024-07-10,Plomería y caños,2,7015.99,Web,Tarjeta de crédito,Ushuaia
TX-000054,CLI-01037,2024-07-10,Aberturas,2,290435.97,Telefónico,Cuenta corriente,ushuaia
TX-000056,CLI-00855,2024-07-10,Herramientas manuales,1,9708.07,App,Efectivo en sucursal,Río Grande
TX-000059,CLI-00876,2024-07-11,Plomería y caños,10,49451.63,Web,Transferencia,Ushuaia
TX-000060,CLI-00178,2024-07-11,Cemento y áridos,20,247097.24,Telefónico,Cuenta corriente,Ushuaia
TX-000061,CLI-00276,2024-07-11,Seguridad e indumentaria,7,296053.8,Telefónico,Transferencia,Ushuaia
TX-000062,CLI-00232,2024-07-11,Pisos y cerámicos,33,927948.21,Telefónico,Tarjeta de crédito,Río Grande
TX-000064,CLI-00814,2024-07-11,Pisos y cerámicos,2,26748.46,App,Tarjeta de crédito,Ushuaia
TX-000069,CLI-00392,2024-07-13,Cemento y áridos,38,533580.78,App,Tarjeta de crédito,Río Grande
TX-000068,CLI-00234,2024-07-13,Herramientas manuales,7,65347.65,Telefónico,Tarjeta de débito,Río Grande
TX-000066,CLI-00488,2024-07-13,Ferretería general,3,7312.88,Web,Transferencia,Ushuaia
TX-000067,CLI-01083,2024-07-13,Plomería y caños,1,7585.17,App,Cuenta corriente,Río Grande
TX-000070,CLI-00701,2024-07-14,Pisos y cerámicos,22,625867.44,App,Cuenta corriente,Río Grande
TX-000071,CLI-00828,2024-07-15,Pisos y cerámicos,7,140676.96,Web,Cuenta corriente,ushuaia
TX-000072,CLI-00980,2024-07-15,Ferretería general,3,9068.04,Web,Tarjeta de crédito,TOLHUIN
TX-000073,CLI-01347,2024-07-16,Pinturas y revestimientos,3,156716.16,App,Efectivo en sucursal,Río Grande
TX-000074,CLI-01340,2024-07-16,Ferretería general,7,16003.67,Telefónico,Tarjeta de crédito,USHUAIA
TX-000077,CLI-00614,2024-07-16,Ferretería general,8,18735.75,Web,Tarjeta de crédito,Río Grande
TX-000079,CLI-01302,2024-07-16,Herramientas manuales,4,39542.15,Web,Transferencia,Río Grande
TX-000080,CLI-00188,2024-07-17,Maderas y tableros,13,245942.34,Web,Transferencia,Tolhuin
TX-000082,CLI-00350,2024-07-17,Herramientas manuales,3,39061.97,Telefónico,Efectivo en sucursal,Río Grande
TX-000083,CLI-00930,2024-07-17,Seguridad e indumentaria,4,189335.85,Telefónico,Cuenta corriente,Río Grande
TX-000088,CLI-01297,2024-07-18,Herramientas manuales,15,156685.48,Web,Transferencia,Tolhuin
TX-000084,CLI-01142,2024-07-18,Cemento y áridos,9,62339.53,Web,Tarjeta de débito,Ushuaia
TX-000085,CLI-01277,2024-07-18,Sanitarios y grifería,4,132967.83,Web,Tarjeta de crédito,Ushuaia
TX-000087,CLI-00703,2024-07-18,Ferretería general,4,8863.61,Telefónico,Efectivo en sucursal,Río Grande
TX-000095,CLI-00232,2024-07-19,Cemento y áridos,19,278843.21,Telefónico,Transferencia,Río Grande
TX-000096,CLI-00292,2024-07-19,Seguridad e indumentaria,2,48717.54,Web,Tarjeta de débito,Ushuaia
TX-000089,CLI-00860,2024-07-19,Cemento y áridos,6,105881.37,Telefónico,Transferencia,Río Grande
TX-000090,CLI-01348,2024-07-19,Sanitarios y grifería,2,,App,Efectivo en sucursal,Tolhuin
TX-000099,CLI-00413,2024-07-20,Seguridad e indumentaria,19,892960.38,Telefónico,Transferencia,Rio Grande
TX-000100,CLI-01096,2024-07-20,Herramientas eléctricas,2,233835.88,Web,Transferencia,Ushuaia
TX-000097,CLI-00078,2024-07-20,Herramientas manuales,2,37187.67,Web,Cuenta corriente,Ushuaia
TX-000101,CLI-00285,2024-07-22,Electricidad e iluminación,5,42342.57,Web,Tarjeta de crédito,USHUAIA
TX-000104,CLI-00229,2024-07-23,Maderas y tableros,6,60085.84,App,Tarjeta de débito,Río Grande
TX-000105,CLI-00894,2024-07-23,Electricidad e iluminación,2,17654.36,Web,Tarjeta de débito,Ushuaia
TX-000107,CLI-00229,2024-07-24,Ferretería general,4,8224.62,App,Tarjeta de débito,Río Grande
TX-000108,CLI-01037,2024-07-24,Cemento y áridos,48,737058.92,Web,Transferencia,Ushuaia
TX-000109,CLI-01013,2024-07-24,Plomería y caños,11,265754.93,App,Tarjeta de crédito,Ushuaia
TX-000110,CLI-00883,2024-07-24,Herramientas eléctricas,2,590004.1,Telefónico,Tarjeta de crédito,Río Grande
TX-000111,CLI-01270,2024-07-24,Plomería y caños,4,27366.81,Web,Tarjeta de crédito,Ushuaia
TX-000114,CLI-00439,2024-07-25,Seguridad e indumentaria,12,333325.53,App,Tarjeta de crédito,Rio Grande
TX-000112,CLI-00413,2024-07-25,Ferretería general,5,27394.81,Telefónico,Cuenta corriente,Río Grande
TX-000113,CLI-01075,2024-07-25,Plomería y caños,5,29043.61,App,Efectivo en sucursal,Río Grande
TX-000115,CLI-01210,2024-07-26,Pinturas y revestimientos,2,37798.01,Web,Transferencia,Río Grande
TX-000116,CLI-01084,2024-07-26,Sanitarios y grifería,6,617692.74,Telefónico,Cuenta corriente,Ushuaia
TX-000118,CLI-00006,2024-07-26,Ferretería general,35,110911.52,Web,Tarjeta de crédito,Río Grande
TX-000119,CLI-00715,2024-07-27,Aberturas,1,67602.19,Web,T. débito,Ushuaia
TX-000120,CLI-00058,2024-07-27,Pisos y cerámicos,10,118055.95,Web,Tarjeta de débito,Río Grande
TX-000121,CLI-00883,2024-07-27,Aberturas,3,698925.15,App,Tarjeta de crédito,Río Grande
TX-000122,CLI-00892,2024-07-28,Pisos y cerámicos,13,173918.16,App,Efectivo en sucursal,Tolhuin
TX-000124,CLI-00295,2024-07-29,Pinturas y revestimientos,5,88474.07,Web,Tarjeta de crédito,RÍO GRANDE
TX-000123,CLI-00159,2024-07-29,Plomería y caños,34,342241.26,Telefónico,Tarjeta de crédito,Ushuaia
TX-000125,CLI-00276,2024-07-30,Seguridad e indumentaria,4,179907.75,Telefónico,Tarjeta de débito,Ushuaia
TX-000135,CLI-01084,2024-07-31,Sanitarios y grifería,4,516375.46,Telefónico,Cuenta corriente,Ushuaia
TX-000134,CLI-00028,2024-07-31,Cemento y áridos,25,422306.63,App,Transferencia,Ushuaia
TX-000133,CLI-01081,2024-07-31,Seguridad e indumentaria,4,191752.67,Telefónico,Transferencia,Río Grande
TX-000137,CLI-00860,2024-07-31,Sanitarios y grifería,3,193512.58,App,Tarjeta de crédito,Río Grande
TX-000128,CLI-00066,2024-07-31,Pisos y cerámicos,10,250782.1,App,Transferencia,Río Grande
TX-000127,CLI-00860,2024-07-31,Seguridad e indumentaria,2,-103953.16,App,Cuenta corriente,Río Grande
TX-000126,CLI-00413,2024-07-31,Seguridad e indumentaria,12,418061.86,Telefónico,Cuenta corriente,Río Grande
TX-000131,CLI-00926,2024-07-31,Electricidad e iluminación,3,27765.17,App,Cuenta corriente,USHUAIA
TX-000138,CLI-01075,2024-08-01,Pisos y cerámicos,8,132395.44,Web,Tarjeta de crédito,Río Grande
TX-000139,CLI-01049,2024-08-01,Plomería y caños,10,212503.61,App,Cuenta corriente,Río Grande
TX-000142,CLI-00609,2024-08-01,Pisos y cerámicos,6,94944.89,Web,Tarjeta de débito,RÍO GRANDE
TX-000143,CLI-01248,2024-08-01,Cemento y áridos,8,91637.86,Web,Tarjeta de crédito,Ushuaia
TX-000144,CLI-00912,2024-08-02,Ferretería general,13,53457.49,App,Transferencia,Tolhuin
TX-000147,CLI-00393,2024-08-02,Pinturas y revestimientos,2,24432.57,Web,Tarjeta de crédito,Ushuaia
TX-000148,CLI-00766,2024-08-02,Ferretería general,4,13628.02,Telefónico,Tarjeta de débito,Río Grande 
TX-000150,CLI-00394,2024-08-03,Cemento y áridos,18,257244.26,Telefónico,Cuenta corriente,Ushuaia
TX-000151,CLI-00384,2024-08-04,Pisos y cerámicos,7,102758.38,Web,Transferencia,Ushuaia
TX-000153,CLI-00229,2024-08-05,Plomería y caños,5,26324.9,Web,Tarjeta de crédito,Río Grande
TX-000157,CLI-00444,2024-08-05,Aberturas,4,673945.51,Web,Cuenta corriente,Ushuaia
TX-000156,CLI-00597,2024-08-05,Cemento y áridos,5,40825.34,App,Tarjeta de débito,Ushuaia
TX-000152,CLI-00055,2024-08-05,Herramientas manuales,3,28866.15,Web,Tarjeta de crédito,RÍO GRANDE
TX-000154,CLI-01093,2024-08-05,Pisos y cerámicos,24,-609484.56,App,Cuenta corriente,Ushuaia
TX-000155,CLI-00066,2024-08-05,Sanitarios y grifería,8,566239.73,Telefónico,Transferencia,Río Grande
TX-000158,CLI-00028,2024-08-06,Pinturas y revestimientos,5,137140.37,App,Transferencia,Ushuaia
TX-000159,CLI-00828,2024-08-06,Electricidad e iluminación,4,55506.86,Telefónico,Transferencia,Ushuaia
TX-000160,CLI-00444,2024-08-06,Cemento y áridos,300,3939268.06,App,Tarjeta de crédito,Ushuaia
TX-000161,CLI-00701,2024-08-06,Pisos y cerámicos,25,887190.37,Telefónico,Tarjeta de crédito,Río Grande
TX-000162,CLI-01347,2024-08-06,Cemento y áridos,15,263218.4,Web,transf.,Río Grande
TX-000163,CLI-00375,2024-08-06,Cemento y áridos,6,53530.99,Web,Transferencia,Ushuaia
TX-000177,CLI-00674,2024-08-07,Ferretería general,9,26023.35,App,Tarjeta de crédito,Río Grande
TX-000174,CLI-01091,2024-08-07,Ferretería general,13,22131.52,App,Tarjeta de crédito,Río Grande
TX-000173,CLI-00812,2024-08-07,Herramientas manuales,9,119918.64,Telefónico,Tarjeta de débito,Ushuaia
TX-000172,CLI-00684,2024-08-07,Seguridad e indumentaria,2,58730.44,Web,Tarjeta de débito,Río Grande
TX-000171,CLI-00291,2024-08-07,Electricidad e iluminación,13,75799.97,Web,Tarjeta de débito,Río Grande
TX-000176,CLI-01042,2024-08-07,Maderas y tableros,5,83623.42,Web,Transferencia,Río Grande
TX-000168,CLI-00987,2024-08-07,Ferretería general,3,7884.45,Web,Tarjeta de débito,Río Grande
TX-000167,CLI-00461,2024-08-07,Herramientas manuales,7,64184.17,Web,Transferencia,Ushuaia
TX-000166,CLI-00046,2024-08-07,Herramientas manuales,1,16055.35,App,Tarjeta de crédito,Río Grande
TX-000165,CLI-00616,2024-08-07,Pinturas y revestimientos,3,62390.57,Web,Tarjeta de débito,Ushuaia
TX-000170,CLI-00304,2024-08-07,Electricidad e iluminación,20,264909.58,App,Efectivo en sucursal,Ushuaia
TX-000179,CLI-00883,2024-08-08,Herramientas manuales,5,187853.07,Web,Cuenta corriente,Río Grande
TX-000180,CLI-00885,2024-08-08,Cemento y áridos,9,76696.7,Web,Tarjeta de crédito,Río Grande 
TX-000181,CLI-00766,2024-08-08,Ferretería general,19,43312.02,Web,Efectivo en sucursal,Río Grande
TX-000182,CLI-01300,2024-08-08,Cemento y áridos,10,204602.68,App,Cuenta corriente,Río Grande
TX-000197,CLI-00015,2024-08-09,Sanitarios y grifería,3,87746.32,Web,Transferencia,Tolhuin
TX-000196,CLI-00560,2024-08-09,Electricidad e iluminación,8,98475.92,Telefónico,Transferencia,Río Grande
TX-000195,CLI-01274,2024-08-09,Aberturas,2,131056.18,App,Tarjeta de crédito,Ushuaia
TX-000194,CLI-00629,2024-08-09,Ferretería general,9,,Telefónico,Cuenta corriente,Río Grande
TX-000193,CLI-00624,2024-08-09,Seguridad e indumentaria,3,54846.02,Web,Tarjeta de débito,RÍO GRANDE
TX-000186,CLI-01280,2024-08-09,Electricidad e iluminación,2,18066.05,Web,Tarjeta de crédito,Ushuaia
TX-000191,CLI-00448,2024-08-09,Electricidad e iluminación,3,45096.18,App,Cuenta corriente,Río Grande
TX-000188,CLI-00396,2024-08-09,Herramientas manuales,4,43099.72,Web,,RÍO GRANDE
TX-000187,CLI-00506,2024-08-09,Electricidad e iluminación,11,80884.34,Telefónico,Transferencia,Río Grande
TX-000183,CLI-00482,2024-08-09,Electricidad e iluminación,5,76212.95,Telefónico,Transferencia,Río Grande
TX-000192,CLI-00984,2024-08-09,Ferretería general,7,20447.61,Web,Tarjeta de débito,Río Grande
TX-000198,CLI-00338,2024-08-11,Plomería y caños,2,12069.64,Web,Transferencia,Río Grande
TX-000207,CLI-00295,2024-08-12,Pinturas y revestimientos,1,19290.01,App,Efectivo en sucursal,Río Grande
TX-000206,CLI-00982,2024-08-12,Ferretería general,6,25912.89,Telefónico,transf.,Ushuaia
TX-000208,CLI-00912,2024-08-12,Cemento y áridos,5,83214.79,Web,Cuenta corriente,Tolhuin
TX-000204,CLI-00597,2024-08-12,Sanitarios y grifería,3,106482.01,Web,Tarjeta de crédito,Ushuaia
TX-000203,CLI-00779,2024-08-12,Plomería y caños,2,9385.38,Web,Tarjeta de crédito,Río Grande
TX-000202,CLI-01234,2024-08-12,Pisos y cerámicos,12,82030.97,Web,Tarjeta de débito,Río Grande
TX-000201,CLI-00463,2024-08-12,Pisos y cerámicos,5,70646.34,App,,Tolhuin 
TX-000200,CLI-01212,2024-08-12,Sanitarios y grifería,1,37044.95,Telefónico,Tarjeta de crédito,Río Grande
TX-000209,CLI-00178,2024-08-13,Maderas y tableros,27,590705.08,App,Cuenta corriente,Ushuaia
TX-000210,CLI-00079,2024-08-13,Plomería y caños,2,13019.01,Web,Tarjeta de crédito,Ushuaia
TX-000211,CLI-00912,2024-08-13,Herramientas manuales,9,191650.17,Telefónico,Cuenta corriente,Tolhuin
TX-000212,CLI-00526,2024-08-13,Plomería y caños,15,99159.33,Web,Tarjeta de crédito,Ushuaia
TX-000214,CLI-00348,2024-08-13,Cemento y áridos,22,501074.88,App,Transferencia,Tolhuin
TX-000224,CLI-00351,2024-08-14,Cemento y áridos,7,102586.07,App,Cuenta corriente,Río Grande
TX-000223,CLI-01161,2024-08-14,Herramientas manuales,2,21977.27,Web,Tarjeta de débito,Ushuaia
TX-000222,CLI-00027,2024-08-14,Seguridad e indumentaria,1,25067.17,App,Tarjeta de débito,Ushuaia
TX-000216,CLI-00720,2024-08-14,Plomería y caños,3,26949.88,Web,Tarjeta de crédito,Río Grande
TX-000218,CLI-00394,2024-08-14,Sanitarios y grifería,9,715797.26,App,Cuenta corriente,ushuaia
TX-000217,CLI-01308,2024-08-14,Seguridad e indumentaria,2,52500.41,Web,Tarjeta de débito,Tolhuin
TX-000221,CLI-00159,2024-08-14,Maderas y tableros,9,279624.88,Web,Cuenta corriente,Ushuaia
TX-000232,CLI-00413,2024-08-15,Ferretería general,13,88604.3,Web,Transferencia,Río Grande
TX-000234,CLI-00352,2024-08-15,Plomería y caños,11,55206.24,Web,Tarjeta de débito,Río Grande
TX-000231,CLI-01236,2024-08-15,Sanitarios y grifería,7,173879.38,App,Tarjeta de débito,Ushuaia
TX-000230,CLI-00575,2024-08-15,Herramientas eléctricas,4,813044.52,Web,Cuenta corriente,Río Grande
TX-000228,CLI-00015,2024-08-15,Herramientas manuales,3,32844.6,Web,Tarjeta de crédito,Tolhuin
TX-000227,CLI-00823,2024-08-15,Plomería y caños,5,30987.42,Web,Tarjeta de crédito,
TX-000225,CLI-00854,2024-08-15,Herramientas manuales,8,93404.43,Web,Transferencia,Río Grande
TX-000229,CLI-00982,2024-08-15,Ferretería general,4,27400.61,Telefónico,Tarjeta de crédito,Ushuaia
TX-000235,CLI-01210,2024-08-16,Sanitarios y grifería,3,163626.29,Web,Tarjeta de crédito,Río Grande
TX-000237,CLI-00979,2024-08-16,Pinturas y revestimientos,1,12410.46,App,Tarjeta de crédito,Río Grande
TX-000238,CLI-00828,2024-08-16,Cemento y áridos,35,535314.58,Telefónico,Cuenta corriente,Ushuaia
TX-000241,CLI-00448,2024-08-18,Ferretería general,11,65047.38,Telefónico,Cuenta corriente,Río Grande
TX-000240,CLI-01347,2024-08-18,Electricidad e iluminación,9,283853.1,Telefónico,Cuenta corriente,Río Grande
TX-000242,CLI-00298,2024-08-18,Plomería y caños,3,19220.25,App,Transferencia,Río Grande
TX-000247,CLI-00016,2024-08-19,Pinturas y revestimientos,6,235673.22,Telefónico,Transferencia,Río Grande
TX-000246,CLI-01128,2024-08-19,Sanitarios y grifería,2,77466.15,App,Efectivo en sucursal,Río Grande
TX-000243,CLI-01210,2024-08-19,Cemento y áridos,18,222319.85,Web,Tarjeta de débito,Río Grande
TX-000244,CLI-00982,2024-08-19,Electricidad e iluminación,4,72826.27,App,Tarjeta de crédito,ushuaia
TX-000249,CLI-01274,2024-08-19,Pisos y cerámicos,7,108128.28,Web,Tarjeta de crédito,Ushuaia
TX-000245,CLI-00521,2024-08-19,Electricidad e iluminación,10,72670.53,Web,Tarjeta de débito,Río Grande
TX-000252,CLI-00081,2024-08-20,Ferretería general,8,23333.22,Web,Tarjeta de débito,Tolhuin
TX-000253,CLI-01142,2024-08-20,Pisos y cerámicos,18,175628.0,Web,Tarjeta de débito,Ushuaia
TX-000250,CLI-00357,2024-08-20,Herramientas manuales,4,180219.7,Telefónico,Cuenta corriente,Ushuaia
TX-000251,CLI-00038,2024-08-20,Ferretería general,3,8975.14,Web,Tarjeta de crédito,Río Grande
TX-000254,CLI-00701,2024-08-20,Herramientas eléctricas,7,2611480.3,Web,Tarjeta de crédito,Río Grande
TX-000256,CLI-01097,2024-08-21,Ferretería general,8,18955.81,App,Transferencia,Río Grande
TX-000255,CLI-00597,2024-08-21,Ferretería general,8,16023.61,App,Tarjeta de crédito,Ushuaia
TX-000257,CLI-00922,2024-08-22,Herramientas manuales,1,14051.27,App,Tarjeta de débito,Tolhuin
TX-000258,CLI-00541,2024-08-22,Sanitarios y grifería,2,50936.29,Web,Transferencia,Río Grande
TX-000259,CLI-01348,2024-08-22,Ferretería general,23,53124.6,App,Tarjeta de débito,Tolhuin
TX-000260,CLI-00727,2024-08-22,Herramientas manuales,1,9941.35,Web,Tarjeta de débito,Río Grande
TX-000264,CLI-00413,2024-08-22,Pisos y cerámicos,12,248293.03,Web,Cuenta corriente,Rio Grande
TX-000265,CLI-00922,2024-08-22,Ferretería general,2,3376.41,Web,Transferencia,Tolhuin
TX-000266,CLI-00356,2024-08-22,Cemento y áridos,27,456368.93,Web,Cuenta corriente,Río Grande
TX-000267,CLI-00154,2024-08-22,Cemento y áridos,10,90092.21,App,Efectivo en sucursal,Río Grande
TX-000269,CLI-00159,2024-08-23,Aberturas,3,463573.78,Web,Cuenta corriente,Ushuaia
TX-000272,CLI-00703,2024-08-23,Pinturas y revestimientos,5,63787.62,App,transf.,Río Grande
TX-000268,CLI-00980,2024-08-23,Ferretería general,5,11509.13,Web,Tarjeta de crédito,Tolhuin
TX-000270,CLI-00701,2024-08-23,Pinturas y revestimientos,2,-134218.65,App,Cuenta corriente,Río Grande
TX-000273,CLI-01016,2024-08-24,Seguridad e indumentaria,3,56643.82,App,Tarjeta de crédito,Río Grande
TX-000275,CLI-01348,2024-08-24,Herramientas manuales,4,37435.61,Web,Tarjeta de crédito,Tolhuin
TX-000276,CLI-00444,2024-08-24,Cemento y áridos,10,193033.98,Telefónico,Transferencia,Ushuaia
TX-000278,CLI-01049,2024-08-24,Herramientas eléctricas,2,669841.83,Telefónico,Cuenta corriente,Río Grande
TX-000280,CLI-01081,2024-08-25,Sanitarios y grifería,2,150725.59,Telefónico,Cuenta corriente,Río Grande
TX-000281,CLI-00338,2024-08-26,Electricidad e iluminación,3,38541.15,Web,Tarjeta de crédito,Río Grande
TX-000285,CLI-00079,2024-08-27,Herramientas manuales,2,21215.72,Web,Tarjeta de débito,Ushuaia
TX-000289,CLI-00247,2024-08-27,Maderas y tableros,2,22297.73,Web,Transferencia,río grande
TX-000288,CLI-01016,2024-08-27,Herramientas manuales,1,8685.44,App,Tarjeta de crédito,Río Grande
TX-000284,CLI-00461,2024-08-27,Ferretería general,2,5101.18,App,T. crédito,Ushuaia
TX-000286,CLI-01252,2024-08-27,Seguridad e indumentaria,1,26604.33,App,Tarjeta de débito,Rio Grande
TX-000287,CLI-01270,2024-08-27,Herramientas manuales,3,28615.47,Web,Efectivo en sucursal,Ushuaia
TX-000291,CLI-00394,2024-08-28,Maderas y tableros,6,145746.91,Telefónico,Cuenta corriente,Ushuaia
TX-000293,CLI-00357,2024-08-28,Cemento y áridos,16,361575.56,Telefónico,Cuenta corriente,Ushuaia
TX-000294,CLI-00930,2024-08-29,Ferretería general,12,79460.03,Telefónico,Cuenta corriente,Rio Grande
TX-000295,CLI-00825,2024-08-29,Ferretería general,3,7195.46,Web,Tarjeta de crédito,Río Grande
TX-000296,CLI-00892,2024-08-29,Pisos y cerámicos,5,71387.51,Telefónico,Tarjeta de débito,Tolhuin
TX-000297,CLI-01049,2024-08-29,Seguridad e indumentaria,2,152331.95,Telefónico,Cuenta corriente,Río Grande
TX-000299,CLI-01160,2024-08-29,Plomería y caños,5,27872.99,Web,Transferencia,Ushuaia
TX-000300,CLI-01059,2024-08-29,Cemento y áridos,6,170697.56,Telefónico,Cuenta corriente,Ushuaia
TX-000301,CLI-00257,2024-08-29,Cemento y áridos,8,62125.38,Telefónico,Tarjeta de crédito,Río Grande
TX-000307,CLI-00569,2024-08-30,Herramientas manuales,6,51786.81,App,Transferencia,Ushuaia 
TX-000302,CLI-00408,2024-08-30,Pinturas y revestimientos,2,28594.49,App,Tarjeta de débito,Tolhuin
TX-000303,CLI-00256,2024-08-30,Plomería y caños,6,74523.17,Web,Cuenta corriente,Río Grande
TX-000306,CLI-00883,2024-08-30,Cemento y áridos,20,533320.29,Web,Transferencia,Río Grande
TX-000309,CLI-00252,2024-08-30,Cemento y áridos,102,1429086.73,Web,T. débito,Río Grande
TX-000316,CLI-00461,2024-08-31,Pinturas y revestimientos,3,54878.0,Web,Tarjeta de crédito,Ushuaia
TX-000318,CLI-00451,2024-08-31,Maderas y tableros,18,220358.54,App,Tarjeta de crédito,ushuaia
TX-000314,CLI-00387,2024-08-31,Ferretería general,19,90193.87,Web,Transferencia,Río Grande
TX-000310,CLI-00352,2024-08-31,Ferretería general,3,6879.59,App,Efectivo en sucursal,Río Grande
TX-000312,CLI-00190,2024-08-31,Plomería y caños,7,40621.27,Web,Tarjeta de crédito,Ushuaia
TX-000313,CLI-01067,2024-08-31,Herramientas manuales,6,93300.39,Web,Transferencia,Tolhuin
TX-000319,CLI-00577,2024-09-01,Pisos y cerámicos,39,845165.83,Web,Tarjeta de crédito,Río Grande
TX-000320,CLI-00500,2024-09-01,Pinturas y revestimientos,2,61717.61,Telefónico,Tarjeta de crédito,Ushuaia
TX-000321,CLI-00854,2024-09-01,Herramientas manuales,2,20225.01,Web,Cuenta corriente,Río Grande
TX-000333,CLI-00715,2024-09-02,Sanitarios y grifería,13,572116.9,App,Efectivo en sucursal,Ushuaia
TX-000330,CLI-00392,2024-09-02,Cemento y áridos,28,555732.43,Web,Transferencia,Río Grande
TX-000329,CLI-00524,2024-09-02,Sanitarios y grifería,3,111174.26,Web,Transferencia,Río Grande
TX-000328,CLI-00141,2024-09-02,Cemento y áridos,35,271009.28,Web,Tarjeta de crédito,río grande
TX-000327,CLI-00596,2024-09-02,Herramientas eléctricas,3,511142.94,Telefónico,Cuenta corriente,Río Grande
TX-000325,CLI-00524,2024-09-02,Plomería y caños,6,42241.72,App,Tarjeta de débito,Río Grande
TX-000324,CLI-00304,2024-09-02,Pisos y cerámicos,33,664265.33,App,Cuenta corriente,Ushuaia
TX-000323,CLI-00924,2024-09-02,Maderas y tableros,8,92833.47,Web,Transferencia,Ushuaia
TX-000326,CLI-01128,2024-09-02,Electricidad e iluminación,2,168643.8,Web,Tarjeta de débito,Río Grande
TX-000346,CLI-00560,2024-09-03,Pisos y cerámicos,32,618679.97,Web,Tarjeta de crédito,Río Grande
TX-000344,CLI-00629,2024-09-03,Seguridad e indumentaria,4,188154.58,Telefónico,,Río Grande
TX-000343,CLI-00357,2024-09-03,Pinturas y revestimientos,16,744170.23,App,Cuenta corriente,Ushuaia
TX-000342,CLI-00481,2024-09-03,Plomería y caños,16,150551.77,Telefónico,Transferencia,Río Grande
TX-000341,CLI-00345,2024-09-03,Herramientas manuales,3,79122.43,Telefónico,Tarjeta de débito,Río Grande
TX-000338,CLI-00926,2024-09-03,Herramientas eléctricas,1,170357.15,Web,Tarjeta de débito,Ushuaia
TX-000339,CLI-01110,2024-09-03,Pinturas y revestimientos,3,37314.62,Web,Transferencia,Río Grande
TX-000337,CLI-00159,2024-09-03,Electricidad e iluminación,6,137688.1,App,Cuenta corriente,Ushuaia
TX-000336,CLI-00448,2024-09-03,Pisos y cerámicos,4,96032.24,App,Transferencia,Río Grande
TX-000334,CLI-01142,2024-09-03,Cemento y áridos,4,22237.57,App,Efectivo en sucursal,Ushuaia
TX-000340,CLI-00597,2024-09-03,Maderas y tableros,4,59453.57,Web,Tarjeta de débito,Ushuaia
TX-000347,CLI-00189,2024-09-04,Herramientas manuales,4,63255.23,Web,Tarjeta de débito,Ushuaia
TX-000348,CLI-00553,2024-09-04,Pisos y cerámicos,5,92998.21,Telefónico,Transferencia,Río Grande
TX-000349,CLI-00862,2024-09-04,Electricidad e iluminación,7,123211.32,Telefónico,Transferencia,Ushuaia
TX-000351,CLI-00298,2024-09-04,Pisos y cerámicos,8,-130864.83,Web,Tarjeta de débito,Río Grande
TX-000352,CLI-00790,2024-09-04,Cemento y áridos,49,314099.53,Web,Tarjeta de débito,Tolhuin
TX-000353,CLI-01179,2024-09-04,Aberturas,1,74872.8,Web,Tarjeta de crédito,Río Grande
TX-000355,CLI-00553,2024-09-04,Cemento y áridos,40,879421.23,Web,Transferencia,Río Grande
TX-000366,CLI-01093,2024-09-05,Plomería y caños,4,58366.33,App,Cuenta corriente,Ushuaia
TX-000365,CLI-01013,2024-09-05,Cemento y áridos,26,772636.57,Telefónico,Transferencia,Ushuaia
TX-000364,CLI-01219,2024-09-05,Electricidad e iluminación,10,65639.29,App,Tarjeta de débito,Río Grande
TX-000362,CLI-00614,2024-09-05,Aberturas,1,79618.71,Web,Cuenta corriente,Río Grande
TX-000363,CLI-00912,2024-09-05,Pisos y cerámicos,2,49900.7,Telefónico,Cuenta corriente,Tolhuin
TX-000360,CLI-01248,2024-09-05,Electricidad e iluminación,8,62521.08,Web,Transferencia,Ushuaia
TX-000358,CLI-00575,2024-09-05,Cemento y áridos,60,1190288.71,App,Transferencia,Río Grande
TX-000357,CLI-00614,2024-09-05,Plomería y caños,9,50714.04,Web,Transferencia,Río Grande
TX-000356,CLI-00912,2024-09-05,Electricidad e iluminación,14,194979.01,App,Tarjeta de crédito,Tolhuin
TX-000361,CLI-00547,2024-09-05,Sanitarios y grifería,2,63963.52,Telefónico,Tarjeta de débito,Tolhuin
TX-000379,CLI-01084,2024-09-06,Pinturas y revestimientos,2,171982.57,App,Cuenta corriente,Ushuaia
TX-000377,CLI-00081,2024-09-06,Pisos y cerámicos,27,303090.69,App,Tarjeta de débito,Tolhuin
TX-000376,CLI-00481,2024-09-06,Herramientas eléctricas,5,1414769.14,Telefónico,Tarjeta de débito,Río Grande
TX-000374,CLI-00256,2024-09-06,Herramientas eléctricas,4,773599.69,Telefónico,Transferencia,Río Grande
TX-000372,CLI-00463,2024-09-06,Pisos y cerámicos,6,111281.42,Web,Tarjeta de débito,Tolhuin
TX-000370,CLI-01081,2024-09-06,Ferretería general,29,133007.84,Web,Cuenta corriente,Río Grande
TX-000369,CLI-00385,2024-09-06,Herramientas manuales,5,55349.3,Web,Tarjeta de débito,Ushuaia
TX-000368,CLI-00982,2024-09-06,Ferretería general,7,37246.02,Telefónico,Cuenta corriente,Ushuaia
TX-000367,CLI-01114,2024-09-06,Ferretería general,2,4642.54,Web,Transferencia,Ushuaia
TX-000371,CLI-00982,2024-09-06,Plomería y caños,32,400003.46,Telefónico,Transferencia,Ushuaia
TX-000386,CLI-00145,2024-09-07,Pisos y cerámicos,3,51112.84,Web,Transferencia,Ushuaia
TX-000384,CLI-00551,2024-09-07,Maderas y tableros,27,1080807.73,App,Cuenta corriente,Ushuaia
TX-000388,CLI-00684,2024-09-07,Ferretería general,3,12601.29,Web,Transferencia,Río Grande
TX-000381,CLI-01132,2024-09-07,Cemento y áridos,27,217790.62,Web,Transferencia,Rio Grande
TX-000380,CLI-00483,2024-09-07,Plomería y caños,21,311939.09,Telefónico,Cuenta corriente,Río Grande
TX-000382,CLI-01347,2024-09-07,Aberturas,5,1345443.25,App,Cuenta corriente,RÍO GRANDE
TX-000389,CLI-00423,2024-09-08,Ferretería general,16,50407.64,App,Tarjeta de débito,Río Grande
TX-000390,CLI-00560,2024-09-08,Aberturas,2,411532.84,App,Cuenta corriente,Río Grande 
TX-000405,CLI-01214,2024-09-09,Pinturas y revestimientos,29,571768.15,Web,Tarjeta de débito,río grande
TX-000404,CLI-00772,2024-09-09,Plomería y caños,6,99308.97,Web,Cuenta corriente,Río Grande
TX-000403,CLI-00784,2024-09-09,Herramientas manuales,1,11030.26,Web,Tarjeta de crédito,Tolhuin
TX-000402,CLI-01224,2024-09-09,Herramientas eléctricas,3,478848.11,Web,Tarjeta de débito,Río Grande
TX-000401,CLI-01089,2024-09-09,Herramientas manuales,9,146912.82,Web,Transferencia,Tolhuin
TX-000400,CLI-00999,2024-09-09,Electricidad e iluminación,4,43479.89,App,Efectivo en sucursal,Río Grande
TX-000399,CLI-00338,2024-09-09,Cemento y áridos,7,65928.96,Web,Tarjeta de crédito,Río Grande
TX-000397,CLI-01093,2024-09-09,Ferretería general,8,51155.07,Telefónico,Cuenta corriente,Ushuaia
TX-000396,CLI-00954,2024-09-09,Cemento y áridos,3,27739.1,Web,Tarjeta de débito,Río Grande
TX-000395,CLI-00289,2024-09-09,Pinturas y revestimientos,11,360568.37,App,Cuenta corriente,Río Grande
TX-000394,CLI-00016,2024-09-09,Ferretería general,5,25554.44,Telefónico,Cuenta corriente,Río Grande
TX-000393,CLI-00431,2024-09-09,Cemento y áridos,15,136517.35,Web,Tarjeta de débito,Río Grande
TX-000392,CLI-01084,2024-09-09,Ferretería general,5,37397.51,App,transf.,Ushuaia
TX-000391,CLI-00128,2024-09-09,Pisos y cerámicos,11,262432.65,Telefónico,Cuenta corriente,Río Grande
TX-000398,CLI-00066,2024-09-09,Sanitarios y grifería,5,338579.39,Telefónico,Cuenta corriente,Río Grande
TX-000418,CLI-00892,2024-09-10,Plomería y caños,2,14975.46,App,Tarjeta de crédito,Tolhuin
TX-000419,CLI-00553,2024-09-10,Plomería y caños,4,46615.52,App,Cuenta corriente,Río Grande
TX-000416,CLI-00067,2024-09-10,Ferretería general,14,53556.02,Web,Transferencia,Río Grande
TX-000417,CLI-00577,2024-09-10,Herramientas manuales,2,54506.77,App,Transferencia,Río Grande
TX-000412,CLI-01089,2024-09-10,Ferretería general,4,17872.16,App,Transferencia,Tolhuin
TX-000413,CLI-00473,2024-09-10,Pinturas y revestimientos,3,58822.94,Web,Efectivo en sucursal,Ushuaia
TX-000411,CLI-01111,2024-09-10,Herramientas manuales,4,41971.69,Web,Tarjeta de débito,Ushuaia
TX-000407,CLI-00676,2024-09-10,Plomería y caños,2,8970.22,Web,Tarjeta de débito,Río Grande
TX-000434,CLI-00413,2024-09-11,Sanitarios y grifería,3,146374.03,App,Transferencia,Río Grande
TX-000433,CLI-00345,2024-09-11,Sanitarios y grifería,6,305000.96,Telefónico,Transferencia,Rio Grande
TX-000432,CLI-00150,2024-09-11,Herramientas manuales,2,25279.93,Web,Tarjeta de crédito,Río Grande
TX-000431,CLI-00883,2024-09-11,Plomería y caños,18,502317.72,Telefónico,Cuenta corriente,Río Grande
TX-000429,CLI-00701,2024-09-11,Sanitarios y grifería,3,306426.42,App,Cuenta corriente,Río Grande
TX-000430,CLI-00016,2024-09-11,Plomería y caños,13,150591.62,App,Cuenta corriente,RÍO GRANDE
TX-000425,CLI-00246,2024-09-11,Pisos y cerámicos,5,58171.02,Web,Tarjeta de débito,Tolhuin
TX-000424,CLI-00766,2024-09-11,Electricidad e iluminación,2,21674.66,Web,Tarjeta de crédito,Río Grande
TX-000423,CLI-00912,2024-09-11,,5,57150.45,App,Efectivo en sucursal,tolhuin
TX-000421,CLI-00627,2024-09-11,Maderas y tableros,4,97650.95,Web,Cuenta corriente,Ushuaia
TX-000420,CLI-00178,2024-09-11,Maderas y tableros,19,490439.35,Telefónico,Cuenta corriente,Ushuaia
TX-000427,CLI-00982,2024-09-11,Pisos y cerámicos,11,335927.45,App,Transferencia,ushuaia
TX-000446,CLI-00553,2024-09-12,Seguridad e indumentaria,2,114212.2,App,Cuenta corriente,Rio Grande
TX-000453,CLI-00148,2024-09-12,Plomería y caños,9,56388.4,Web,Efectivo en sucursal,RÍO GRANDE
TX-000451,CLI-00553,2024-09-12,Ferretería general,9,41564.18,App,Cuenta corriente,Río Grande
TX-000450,CLI-00265,2024-09-12,Ferretería general,14,45358.47,App,Tarjeta de crédito,USHUAIA
TX-000447,CLI-00727,2024-09-12,Ferretería general,2,5269.12,App,,río grande
TX-000454,CLI-00001,2024-09-12,Sanitarios y grifería,1,34219.74,Web,Tarjeta de crédito,Río Grande
TX-000445,CLI-00776,2024-09-12,Plomería y caños,13,116795.35,Web,Transferencia,Río Grande
TX-000441,CLI-01088,2024-09-12,Electricidad e iluminación,3,23388.02,Telefónico,Tarjeta de crédito,Ushuaia
TX-000443,CLI-00715,2024-09-12,Electricidad e iluminación,3,26381.03,Telefónico,Tarjeta de crédito,Ushuaia
TX-000442,CLI-00613,2024-09-12,Seguridad e indumentaria,3,142624.53,Web,Transferencia,Ushuaia 
TX-000440,CLI-00879,2024-09-12,Maderas y tableros,11,496245.51,App,Cuenta corriente,Río Grande
TX-000438,CLI-00597,2024-09-12,Herramientas eléctricas,2,208131.33,Web,Transferencia,Ushuaia
TX-000437,CLI-00770,2024-09-12,Electricidad e iluminación,2,,App,Tarjeta de crédito,Ushuaia
TX-000436,CLI-01292,2024-09-12,Electricidad e iluminación,2,18773.23,Web,Tarjeta de crédito,Río Grande
TX-000445,CLI-00776,2024-09-12,Plomería y caños,13,116795.35,Web,Transferencia,Río Grande
TX-000444,CLI-00028,2024-09-12,Cemento y áridos,44,868485.87,App,Transferencia,Ushuaia
TX-000463,CLI-00022,2024-09-13,Plomería y caños,4,-22149.44,Web,Transferencia,Río Grande
TX-000462,CLI-00676,2024-09-13,Sanitarios y grifería,3,90919.76,Web,Tarjeta de débito,Río Grande
TX-000461,CLI-00423,2024-09-13,Pinturas y revestimientos,8,173737.73,App,Tarjeta de débito,RÍO GRANDE
TX-000460,CLI-00123,2024-09-13,Pinturas y revestimientos,8,154856.87,Web,Tarjeta de débito,Río Grande
TX-000456,CLI-00123,2024-09-13,Herramientas manuales,1,19865.83,Web,Tarjeta de crédito,Río Grande
TX-000458,CLI-01277,2024-09-13,Plomería y caños,10,68187.9,App,Transferencia,Ushuaia
TX-000457,CLI-00499,2024-09-13,Herramientas eléctricas,4,510968.87,Web,Tarjeta de débito,río grande
TX-000455,CLI-01218,2024-09-13,Electricidad e iluminación,1,8640.23,App,Efectivo en sucursal,Río Grande
TX-000459,CLI-01128,2024-09-13,Sanitarios y grifería,7,275607.78,Web,Tarjeta de débito,Río Grande
TX-000467,CLI-00879,2024-09-14,Herramientas manuales,5,191444.85,Telefónico,Cuenta corriente,Río Grande
TX-000465,CLI-00996,2024-09-14,Plomería y caños,100,1356165.1,App,Cuenta corriente,Ushuaia
TX-000464,CLI-01013,2024-09-14,Electricidad e iluminación,21,562868.32,Telefónico,Transferencia,ushuaia
TX-000466,CLI-00492,2024-09-14,Herramientas manuales,2,17756.09,Web,Tarjeta de crédito,Ushuaia
TX-000468,CLI-00701,2024-09-15,Maderas y tableros,7,370985.33,Telefónico,Tarjeta de débito,Río Grande
TX-000470,CLI-00172,2024-09-15,Herramientas manuales,3,96919.01,Telefónico,,Tolhuin
TX-000474,CLI-00172,2024-09-15,Pinturas y revestimientos,6,297967.27,Web,T. crédito,Tolhuin
TX-000475,CLI-01106,2024-09-16,Electricidad e iluminación,3,24193.35,Web,Tarjeta de débito,Río Grande
TX-000476,CLI-01148,2024-09-16,Pinturas y revestimientos,3,59772.42,App,Tarjeta de débito,Ushuaia
TX-000477,CLI-00982,2024-09-16,Plomería y caños,1,13547.66,App,Tarjeta de débito,Ushuaia
TX-000479,CLI-01244,2024-09-16,Seguridad e indumentaria,2,41003.88,Web,Tarjeta de débito,USHUAIA
TX-000481,CLI-00394,2024-09-16,Maderas y tableros,14,410507.12,Web,Tarjeta de débito,Ushuaia
TX-000483,CLI-01084,2024-09-16,Aberturas,3,514577.73,Telefónico,Cuenta corriente,Ushuaia
TX-000493,CLI-00016,2024-09-17,Plomería y caños,16,282894.46,App,transf.,Río Grande
TX-000497,CLI-00460,2024-09-17,Plomería y caños,3,17880.98,Telefónico,Tarjeta de crédito,Ushuaia
TX-000495,CLI-00444,2024-09-17,Herramientas manuales,7,178461.01,Web,Cuenta corriente,Ushuaia
TX-000494,CLI-00684,2024-09-17,Pisos y cerámicos,16,278634.65,Web,Tarjeta de crédito,Río Grande
TX-000492,CLI-00196,2024-09-17,Electricidad e iluminación,1,6202.13,Web,Tarjeta de débito,Ushuaia
TX-000491,CLI-00949,2024-09-17,Herramientas manuales,2,15288.63,App,Transferencia,Río Grande
TX-000489,CLI-00793,2024-09-17,Pisos y cerámicos,7,157400.33,Telefónico,Cuenta corriente,RÍO GRANDE
TX-000488,CLI-00340,2024-09-17,Sanitarios y grifería,3,116680.15,Web,Tarjeta de crédito,río grande
TX-000487,CLI-00730,2024-09-17,Pinturas y revestimientos,5,169168.09,App,Tarjeta de crédito,RÍO GRANDE
TX-000486,CLI-00123,2024-09-17,Plomería y caños,5,32119.07,Web,Tarjeta de crédito,Río Grande
TX-000485,CLI-00794,2024-09-17,Herramientas manuales,2,23122.26,Web,Tarjeta de crédito,Río Grande
TX-000490,CLI-00912,2024-09-17,Pinturas y revestimientos,9,248660.18,Telefónico,Transferencia,Tolhuin
TX-000484,CLI-00257,2024-09-17,Pinturas y revestimientos,2,24149.65,App,Tarjeta de crédito,RÍO GRANDE
TX-000501,CLI-00323,2024-09-18,Herramientas manuales,3,31002.24,App,Efectivo en sucursal,Ushuaia
TX-000499,CLI-00159,2024-09-18,Herramientas manuales,8,183648.4,Telefónico,Cuenta corriente,Ushuaia 
TX-000500,CLI-00016,2024-09-18,Maderas y tableros,41,1498369.36,Telefónico,Cuenta corriente,Río Grande
TX-000505,CLI-00035,2024-09-18,Herramientas manuales,1,10815.0,App,Tarjeta de crédito,Tolhuin
TX-000506,CLI-00723,2024-09-18,Seguridad e indumentaria,1,27466.68,Web,Efectivo en sucursal,Río Grande
TX-000507,CLI-00453,2024-09-18,Sanitarios y grifería,5,408727.13,Telefónico,Cuenta corriente,Río Grande
TX-000509,CLI-01119,2024-09-18,Sanitarios y grifería,7,863492.14,Telefónico,Transferencia,Ushuaia
TX-000510,CLI-00453,2024-09-18,Aberturas,2,323792.65,App,Transferencia,Río Grande
TX-000529,CLI-00892,2024-09-19,Herramientas manuales,4,55929.49,App,Efectivo en sucursal,Tolhuin
TX-000526,CLI-01065,2024-09-19,Pinturas y revestimientos,2,37908.75,Web,Tarjeta de débito,Ushuaia
TX-000531,CLI-00828,2024-09-19,Pinturas y revestimientos,4,155999.8,App,Cuenta corriente,Ushuaia
TX-000525,CLI-01164,2024-09-19,Pisos y cerámicos,5,56895.3,Web,Transferencia,Río Grande
TX-000533,CLI-00419,2024-09-19,Seguridad e indumentaria,11,355590.95,Web,Transferencia,Río Grande
TX-000534,CLI-00639,2024-09-19,Herramientas manuales,8,85193.22,Web,Tarjeta de débito,TOLHUIN
TX-000532,CLI-00012,2024-09-19,Electricidad e iluminación,1,7435.11,Web,Transferencia,RÍO GRANDE
TX-000522,CLI-00220,2024-09-19,Pinturas y revestimientos,1,13885.03,App,Tarjeta de débito,Río Grande
TX-000523,CLI-00705,2024-09-19,Electricidad e iluminación,8,74437.39,Web,Transferencia,Ushuaia
TX-000520,CLI-00527,2024-09-19,Aberturas,3,204757.99,Web,Tarjeta de crédito,Ushuaia
TX-000518,CLI-00850,2024-09-19,Herramientas manuales,5,114399.29,Telefónico,Transferencia,Rio Grande
TX-000517,CLI-00461,2024-09-19,Cemento y áridos,49,336175.1,App,Tarjeta de débito,USHUAIA
TX-000515,CLI-00980,2024-09-19,Herramientas manuales,4,45746.64,Web,Tarjeta de crédito,Tolhuin
TX-000514,CLI-00419,2024-09-19,Maderas y tableros,14,180300.44,Web,T. débito,Río Grande
TX-000513,CLI-00860,2024-09-19,Pinturas y revestimientos,14,592321.2,Telefónico,Cuenta corriente,Río Grande 
TX-000512,CLI-00419,2024-09-19,Aberturas,2,221474.62,Web,T. débito,Río Grande
TX-000521,CLI-00149,2024-09-19,Herramientas manuales,1,6547.2,Web,Tarjeta de débito,Río Grande
TX-000511,CLI-00345,2024-09-19,Pinturas y revestimientos,10,350399.47,Web,Transferencia,Río Grande
TX-000548,CLI-00524,2024-09-20,Electricidad e iluminación,3,24717.56,Web,Transferencia,Río Grande
TX-000553,CLI-00627,2024-09-20,Plomería y caños,3,35236.04,Telefónico,Cuenta corriente,Ushuaia
TX-000551,CLI-01212,2024-09-20,Pinturas y revestimientos,8,200867.2,Web,Transferencia,Río Grande
TX-000549,CLI-00276,2024-09-20,Pisos y cerámicos,18,451720.3,App,Cuenta corriente,USHUAIA
TX-000547,CLI-00483,2024-09-20,Pisos y cerámicos,8,140864.1,Telefónico,Transferencia,Río Grande
TX-000545,CLI-00845,2024-09-20,Pisos y cerámicos,27,242803.92,Web,Tarjeta de débito,tolhuin
TX-000544,CLI-00551,2024-09-20,Cemento y áridos,11,223052.22,Telefónico,Transferencia,ushuaia
TX-000542,CLI-00982,2024-09-20,Ferretería general,15,84819.05,App,Cuenta corriente,Ushuaia
TX-000541,CLI-00582,2024-09-20,Herramientas manuales,3,44087.03,Web,Transferencia,Ushuaia
TX-000540,CLI-00028,2024-09-20,Cemento y áridos,84,1417993.53,Web,Transferencia,Ushuaia
TX-000539,CLI-01280,2024-09-20,Herramientas manuales,1,17795.54,Web,Tarjeta de débito,Ushuaia
TX-000537,CLI-00521,2024-09-20,Herramientas manuales,3,32949.98,Web,Tarjeta de débito,Río Grande
TX-000536,CLI-01002,2024-09-20,Pinturas y revestimientos,5,172214.07,Telefónico,Tarjeta de crédito,río grande
TX-000535,CLI-01059,2024-09-20,Herramientas eléctricas,2,681276.35,App,Cuenta corriente,Ushuaia
TX-000543,CLI-00413,2024-09-20,Plomería y caños,22,313528.89,App,Transferencia,Río Grande
TX-000559,CLI-01202,2024-09-21,Pinturas y revestimientos,1,13453.6,App,Tarjeta de débito,Tolhuin
TX-000558,CLI-00253,2024-09-21,Maderas y tableros,7,79368.29,App,Transferencia,Río Grande
TX-000555,CLI-01093,2024-09-21,Cemento y áridos,72,1377195.07,App,Transferencia,Ushuaia
TX-000554,CLI-01119,2024-09-21,Herramientas manuales,5,207485.32,Web,Cuenta corriente,Ushuaia
TX-000557,CLI-00208,2024-09-21,Pinturas y revestimientos,2,34175.28,App,Transferencia,Río Grande
TX-000560,CLI-00596,2024-09-22,Cemento y áridos,106,1611072.79,Telefónico,Transferencia,Río Grande
TX-000561,CLI-00338,2024-09-22,Electricidad e iluminación,2,30918.12,Web,,Río Grande
TX-000562,CLI-00899,2024-09-22,Aberturas,5,299677.22,Web,Tarjeta de crédito,Ushuaia 
TX-000563,CLI-01049,2024-09-22,Maderas y tableros,5,210130.21,Web,Tarjeta de crédito,Río Grande
TX-000579,CLI-00935,2024-09-23,Pinturas y revestimientos,14,531627.55,App,Cuenta corriente,Río Grande
TX-000577,CLI-01037,2024-09-23,Pisos y cerámicos,15,359098.35,Telefónico,Cuenta corriente,Ushuaia
TX-000581,CLI-00528,2024-09-23,Plomería y caños,2,11178.25,App,Tarjeta de crédito,Ushuaia
TX-000575,CLI-00500,2024-09-23,Herramientas manuales,9,197221.83,Telefónico,Transferencia,Ushuaia
TX-000580,CLI-00352,2024-09-23,Pinturas y revestimientos,2,34251.61,App,Tarjeta de débito,Río Grande
TX-000574,CLI-00304,2024-09-23,Cemento y áridos,68,1400864.91,Web,Tarjeta de crédito,USHUAIA
TX-000573,CLI-00112,2024-09-23,Pisos y cerámicos,19,725742.83,App,Cuenta corriente,Río Grande
TX-000571,CLI-00764,2024-09-23,Electricidad e iluminación,5,42186.7,Web,Transferencia,Río Grande
TX-000570,CLI-00141,2024-09-23,Pinturas y revestimientos,3,90688.3,Web,Tarjeta de débito,Río Grande
TX-000569,CLI-01033,2024-09-23,Ferretería general,2,6014.28,Web,Tarjeta de crédito,Tolhuin
TX-000568,CLI-00879,2024-09-23,Cemento y áridos,8,151154.78,Telefónico,Transferencia,Río Grande
TX-000567,CLI-00879,2024-09-23,Cemento y áridos,22,482863.04,Telefónico,Cuenta corriente,Río Grande
TX-000565,CLI-00980,2024-09-23,Herramientas manuales,2,27723.08,Web,Tarjeta de débito,Tohluin
TX-000564,CLI-00694,2024-09-23,Herramientas manuales,9,107420.22,Web,Transferencia,Río Grande
TX-000594,CLI-00090,2024-09-24,Pisos y cerámicos,19,480628.92,Telefónico,Tarjeta de débito,Río Grande
TX-000593,CLI-00170,2024-09-24,Herramientas manuales,3,33573.09,App,Tarjeta de crédito,Ushuaia
TX-000592,CLI-00776,2024-09-24,Ferretería general,3,9432.8,App,Transferencia,río grande
TX-000591,CLI-01133,2024-09-24,Electricidad e iluminación,3,32101.39,Web,Tarjeta de débito,Ushuaia
TX-000589,CLI-00481,2024-09-24,Seguridad e indumentaria,2,93749.83,Web,Cuenta corriente,Río Grande
TX-000590,CLI-00477,2024-09-24,Sanitarios y grifería,6,233226.5,Telefónico,Tarjeta de crédito,Tolhuin
TX-000586,CLI-00893,2024-09-24,Electricidad e iluminación,1,7274.25,Web,Transferencia,Río Grande
TX-000585,CLI-00980,2024-09-24,Herramientas manuales,4,57835.32,Web,Transferencia,Tolhuin
TX-000584,CLI-00595,2024-09-24,,10,68391.59,App,Tarjeta de crédito,Río Grande
TX-000583,CLI-00304,2024-09-24,Maderas y tableros,13,517305.68,Web,Cuenta corriente,USHUAIA
TX-000582,CLI-00730,2024-09-24,Pisos y cerámicos,33,802564.53,App,transf.,Río Grande
TX-000587,CLI-00535,2024-09-24,Ferretería general,10,55037.82,Web,Cuenta corriente,Ushuaia
TX-000607,CLI-01240,2024-09-25,Pisos y cerámicos,26,307893.0,Web,Transferencia,Ushuaia
TX-000615,CLI-00078,2024-09-25,Ferretería general,36,162126.0,App,Efectivo en sucursal,Ushuaia
TX-000614,CLI-01075,2024-09-25,Pisos y cerámicos,9,101075.46,Web,Tarjeta de débito,Río Grande
TX-000613,CLI-00858,2024-09-25,Sanitarios y grifería,1,43435.33,Web,Transferencia,Ushuaia
TX-000612,CLI-00701,2024-09-25,Cemento y áridos,16,575511.45,App,Transferencia,Río Grande
TX-000611,CLI-00551,2024-09-25,Cemento y áridos,52,1160831.89,Telefónico,Cuenta corriente,Ushuaia
TX-000610,CLI-01314,2024-09-25,Plomería y caños,6,31852.64,Web,Transferencia,Ushuaia
TX-000606,CLI-00722,2024-09-25,Herramientas manuales,8,103423.02,Web,Transferencia,Ushuaia
TX-000598,CLI-01059,2024-09-25,Aberturas,4,1320450.94,Telefónico,Tarjeta de crédito,Ushuaia
TX-000604,CLI-01332,2024-09-25,Cemento y áridos,18,312123.32,Telefónico,Cuenta corriente,Ushuaia
TX-000603,CLI-00055,2024-09-25,Pinturas y revestimientos,2,30066.42,Web,Tarjeta de crédito,Río Grande
TX-000602,CLI-00062,2024-09-25,Pisos y cerámicos,3,24941.36,Web,Tarjeta de crédito,Ushuaia
TX-000601,CLI-00499,2024-09-25,Electricidad e iluminación,12,154064.06,Web,Tarjeta de crédito,Río Grande
TX-000600,CLI-01332,2024-09-25,Cemento y áridos,16,333375.48,Telefónico,Transferencia,Ushuaia
TX-000599,CLI-00392,2024-09-25,Electricidad e iluminación,7,118172.26,App,Tarjeta de crédito,Río Grande
TX-000597,CLI-00066,2024-09-25,Maderas y tableros,12,355126.01,Web,Tarjeta de crédito,Río Grande
TX-000605,CLI-00560,2024-09-25,Cemento y áridos,15,217657.55,App,Cuenta corriente,Río Grande
TX-000633,CLI-01287,2024-09-26,Herramientas manuales,3,50277.33,Web,Transferencia,Rio Grande
TX-000632,CLI-00272,2024-09-26,Herramientas manuales,2,24789.74,Web,Tarjeta de débito,Río Grande
TX-000634,CLI-01297,2024-09-26,Herramientas manuales,2,34158.09,App,transf.,Tolhuin
TX-000631,CLI-00196,2024-09-26,Herramientas manuales,3,30161.28,App,Tarjeta de crédito,Ushuaia
TX-000636,CLI-00912,2024-09-26,Pisos y cerámicos,5,88152.55,Web,Transferencia,Tolhuin
TX-000637,CLI-01013,2024-09-26,Plomería y caños,3,53015.56,Telefónico,Cuenta corriente,Ushuaia
TX-000638,CLI-00930,2024-09-26,Herramientas manuales,11,163179.63,App,Cuenta corriente,RÍO GRANDE
TX-000635,CLI-01059,2024-09-26,Cemento y áridos,10,179718.72,Telefónico,Transferencia,Ushuaia
TX-000628,CLI-00613,2024-09-26,Herramientas manuales,6,106967.12,App,Transferencia,Ushuaia
TX-000623,CLI-01128,2024-09-26,Herramientas eléctricas,2,310523.44,Telefónico,Efectivo en sucursal,Río Grande
TX-000626,CLI-00371,2024-09-26,Sanitarios y grifería,2,69071.19,Web,Tarjeta de crédito,Ushuaia
TX-000625,CLI-00746,2024-09-26,Herramientas manuales,4,117389.72,Web,Cuenta corriente,Ushuaia
TX-000622,CLI-00348,2024-09-26,Pisos y cerámicos,13,392391.04,App,Cuenta corriente,Tolhuin
TX-000621,CLI-01153,2024-09-26,Sanitarios y grifería,3,178374.29,App,Tarjeta de crédito,Río Grande 
TX-000620,CLI-00500,2024-09-26,Cemento y áridos,20,1704093.52,Telefónico,Cuenta corriente,ushuaia
TX-000619,CLI-01347,2024-09-26,Pisos y cerámicos,32,1075467.8,Telefónico,Tarjeta de crédito,Río Grande
TX-000618,CLI-00528,2024-09-26,Cemento y áridos,6,-45058.61,App,Tarjeta de débito,Ushuaia
TX-000617,CLI-00965,2024-09-26,Plomería y caños,5,18980.06,App,Tarjeta de crédito,USHUAIA
TX-000627,CLI-00356,2024-09-26,Sanitarios y grifería,6,430131.66,Telefónico,Tarjeta de crédito,Río Grande
TX-000646,CLI-01092,2024-09-27,Plomería y caños,7,84367.82,App,Cuenta corriente,Río Grande
TX-000645,CLI-01093,2024-09-27,Ferretería general,22,123621.49,Telefónico,Transferencia,Ushuaia
TX-000644,CLI-00345,2024-09-27,Ferretería general,11,66874.15,App,Transferencia,Río Grande
TX-000643,CLI-00154,2024-09-27,Ferretería general,6,20045.27,Web,Tarjeta de débito,Río Grande
TX-000642,CLI-00701,2024-09-27,Maderas y tableros,12,557963.42,Telefónico,Tarjeta de crédito,Río Grande
TX-000641,CLI-01081,2024-09-27,Herramientas manuales,4,125489.22,Web,Cuenta corriente,Río Grande
TX-000640,CLI-01164,2024-09-27,Sanitarios y grifería,5,169439.38,Web,Transferencia,Río Grande
TX-000639,CLI-00356,2024-09-27,Electricidad e iluminación,21,389914.34,Telefónico,Cuenta corriente,Río Grande
TX-000667,CLI-00946,2024-09-28,Pinturas y revestimientos,5,60951.79,Web,Efectivo en sucursal,Río Grande
TX-000666,CLI-00709,2024-09-28,Pisos y cerámicos,12,170712.41,App,Transferencia,Ushuaia
TX-000665,CLI-01067,2024-09-28,Herramientas manuales,1,15726.61,Web,transf.,Tolhuin 
TX-000664,CLI-01002,2024-09-28,Plomería y caños,6,76238.91,App,Tarjeta de crédito,Río Grande
TX-000661,CLI-00172,2024-09-28,Cemento y áridos,9,217602.2,Telefónico,Transferencia,Tolhuin
TX-000660,CLI-00223,2024-09-28,Pisos y cerámicos,4,37101.32,App,Tarjeta de crédito,Río Grande
TX-000658,CLI-00276,2024-09-28,Herramientas manuales,5,104489.18,Telefónico,Cuenta corriente,Ushuaia
TX-000657,CLI-01210,2024-09-28,Ferretería general,9,37032.69,Web,Tarjeta de débito,Río Grande
TX-000649,CLI-00872,2024-09-28,Cemento y áridos,23,336579.77,Telefónico,Transferencia,Río Grande
TX-000655,CLI-00899,2024-09-28,Sanitarios y grifería,2,38593.77,App,Tarjeta de crédito,Ushuaia
TX-000654,CLI-00372,2024-09-28,Ferretería general,6,19988.89,App,Tarjeta de débito,Río Grande
TX-000653,CLI-00627,2024-09-28,Electricidad e iluminación,7,145483.88,Telefónico,Cuenta corriente,Ushuaia
TX-000651,CLI-00580,2024-09-28,Plomería y caños,25,144050.65,Web,Tarjeta de débito,Río Grande
TX-000650,CLI-00946,2024-09-28,Electricidad e iluminación,4,26614.38,Telefónico,,Rio Grande
TX-000648,CLI-00246,2024-09-28,Sanitarios y grifería,2,54467.33,Telefónico,Tarjeta de crédito,Tolhuin
TX-000647,CLI-01071,2024-09-28,Electricidad e iluminación,7,41764.09,Telefónico,Transferencia,Ushuaia
TX-000656,CLI-00253,2024-09-28,Pisos y cerámicos,24,278473.63,Web,Transferencia,Río Grande
TX-000668,CLI-01314,2024-09-29,Pisos y cerámicos,6,80985.31,App,Tarjeta de crédito,Ushuaia
TX-000674,CLI-00860,2024-09-30,Cemento y áridos,46,703068.53,App,,Río Grande
TX-000675,CLI-00232,2024-09-30,Electricidad e iluminación,3,50695.64,Web,Cuenta corriente,Río Grande
TX-000673,CLI-00423,2024-09-30,Cemento y áridos,3,23653.3,Telefónico,Tarjeta de débito,Río Grande
TX-000680,CLI-01042,2024-09-30,Electricidad e iluminación,2,22674.52,Web,Transferencia,Río Grande 
TX-000671,CLI-00416,2024-09-30,Ferretería general,2,9143.77,App,Transferencia,Tolhuin
TX-000670,CLI-00616,2024-09-30,Maderas y tableros,4,56907.29,App,transf.,Ushuaia
TX-000669,CLI-00521,2024-09-30,Electricidad e iluminación,9,62576.71,Telefónico,Tarjeta de débito,Río Grande
TX-000672,CLI-01084,2024-09-30,Maderas y tableros,29,1388039.65,App,Cuenta corriente,USHUAIA
TX-000700,CLI-00438,2024-10-01,Cemento y áridos,35,335517.87,App,Transferencia,Ushuaia
TX-000699,CLI-00845,2024-10-01,Maderas y tableros,4,69040.22,Web,Tarjeta de débito,Tolhuin
TX-000698,CLI-00335,2024-10-01,Electricidad e iluminación,2,23824.79,App,Tarjeta de débito,Ushuaia
TX-000697,CLI-01049,2024-10-01,Herramientas manuales,2,59941.36,App,Cuenta corriente,Río Grande
TX-000696,CLI-00463,2024-10-01,Plomería y caños,17,136981.65,Web,Tarjeta de crédito,Tolhuin
TX-000694,CLI-00268,2024-10-01,Herramientas manuales,4,48592.4,Web,Tarjeta de crédito,Río Grande
TX-000693,CLI-00694,2024-10-01,Sanitarios y grifería,2,73602.44,Web,Tarjeta de débito,Río Grande
TX-000692,CLI-00553,2024-10-01,Maderas y tableros,9,-307714.2,Telefónico,Cuenta corriente,Rio Grande
TX-000701,CLI-00553,2024-10-01,Pisos y cerámicos,17,360113.85,Telefónico,Cuenta corriente,Río Grande
TX-000690,CLI-00898,2024-10-01,Ferretería general,5,19135.54,Web,Efectivo en sucursal,Ushuaia
TX-000689,CLI-00730,2024-10-01,Sanitarios y grifería,5,411111.15,App,Cuenta corriente,Río Grande
TX-000688,CLI-00235,2024-10-01,Herramientas eléctricas,4,515788.68,Telefónico,Tarjeta de crédito,Ushuaia
TX-000687,CLI-00536,2024-10-01,Pinturas y revestimientos,8,173741.21,Web,Cuenta corriente,Río Grande
TX-000685,CLI-01084,2024-10-01,Cemento y áridos,18,481439.45,App,Cuenta corriente,Ushuaia
TX-000684,CLI-00054,2024-10-01,Aberturas,2,210780.94,Web,Tarjeta de débito,Ushuaia
TX-000683,CLI-00468,2024-10-01,Plomería y caños,5,64884.08,Telefónico,Cuenta corriente,Ushuaia
TX-000682,CLI-00964,2024-10-01,Plomería y caños,21,119111.02,Web,Tarjeta de débito,Río Grande
TX-000681,CLI-00170,2024-10-01,Pinturas y revestimientos,1,29175.5,Web,Transferencia,Ushuaia
TX-000691,CLI-01275,2024-10-01,Pisos y cerámicos,7,90717.26,Web,Tarjeta de crédito,Río Grande
TX-000719,CLI-01119,2024-10-02,Seguridad e indumentaria,4,382671.95,Telefónico,Transferencia,Ushuaia
TX-000718,CLI-00211,2024-10-02,Pisos y cerámicos,6,59090.51,Web,Transferencia,Río Grande
TX-000717,CLI-00172,2024-10-02,Pisos y cerámicos,19,766412.15,App,Efectivo en sucursal,Tolhuin
TX-000716,CLI-00812,2024-10-02,Herramientas manuales,1,12341.38,Telefónico,Efectivo en sucursal,Ushuaia
TX-000715,CLI-01199,2024-10-02,Seguridad e indumentaria,4,198543.17,Telefónico,Transferencia,Río Grande
TX-000711,CLI-01092,2024-10-02,Cemento y áridos,35,573765.83,Web,Transferencia,Río Grande
TX-000710,CLI-01089,2024-10-02,Electricidad e iluminación,3,38591.06,App,Efectivo en sucursal,Tolhuin
TX-000708,CLI-01114,2024-10-02,Herramientas eléctricas,4,415932.09,Web,Tarjeta de débito,Ushuaia
TX-000707,CLI-00473,2024-10-02,Sanitarios y grifería,1,45447.71,App,Transferencia,Ushuaia
TX-000705,CLI-00139,2024-10-02,Sanitarios y grifería,2,64704.63,Web,Transferencia,Ushuaia
TX-000703,CLI-00860,2024-10-02,Aberturas,5,1012470.2,Telefónico,Cuenta corriente,Río Grande
TX-000702,CLI-00472,2024-10-02,Herramientas manuales,2,19310.92,Web,Transferencia,Río Grande
TX-000709,CLI-00705,2024-10-02,Herramientas manuales,13,205168.96,App,Efectivo en sucursal,ushuaia
TX-000740,CLI-00020,2024-10-03,Herramientas manuales,3,47791.25,Telefónico,Tarjeta de débito,Ushuaia
TX-000739,CLI-00712,2024-10-03,Plomería y caños,2,8018.47,Telefónico,Tarjeta de crédito,Ushuaia
TX-000738,CLI-01002,2024-10-03,Maderas y tableros,2,60099.74,App,Transferencia,Río Grande
TX-000737,CLI-00218,2024-10-03,Plomería y caños,25,269951.35,Web,Cuenta corriente,Río Grande
TX-000736,CLI-00178,2024-10-03,Cemento y áridos,32,362386.72,App,Tarjeta de crédito,Ushuaia
TX-000734,CLI-00823,2024-10-03,Herramientas manuales,6,50986.43,Web,Transferencia,Río Grande
TX-000733,CLI-00499,2024-10-03,Electricidad e iluminación,2,18826.11,Web,Transferencia,Río Grande
TX-000732,CLI-01119,2024-10-03,Pinturas y revestimientos,7,285013.62,Web,Cuenta corriente,Ushuaia
TX-000728,CLI-00516,2024-10-03,Herramientas manuales,2,23098.83,Telefónico,Transferencia,Río Grande
TX-000730,CLI-00423,2024-10-03,Seguridad e indumentaria,5,153089.41,Web,Tarjeta de crédito,Río Grande
TX-000721,CLI-00911,2024-10-03,Maderas y tableros,7,100682.27,App,Transferencia,Río Grande
TX-000722,CLI-01129,2024-10-03,Herramientas manuales,2,35626.43,Web,Transferencia,Ushuaia
TX-000723,CLI-00360,2024-10-03,Pinturas y revestimientos,4,172245.21,Telefónico,Transferencia,Río Grande
TX-000731,CLI-00090,2024-10-03,Electricidad e iluminación,6,93314.37,Telefónico,Cuenta corriente,Río Grande
TX-000725,CLI-00316,2024-10-03,Pinturas y revestimientos,5,86035.74,Web,Transferencia,Tolhuin
TX-000724,CLI-00946,2024-10-03,Plomería y caños,2,9534.67,Web,transf.,Río Grande
TX-000726,CLI-00172,2024-10-03,Pinturas y revestimientos,16,1110633.51,App,Cuenta corriente,Tolhuin
TX-000741,CLI-00850,2024-10-04,Pisos y cerámicos,16,329006.32,App,Cuenta corriente,Río Grande
TX-000742,CLI-00527,2024-10-04,Ferretería general,6,19053.49,Web,Transferencia,Ushuaia
TX-000743,CLI-00575,2024-10-04,Herramientas manuales,5,93180.75,Telefónico,Cuenta corriente,Río Grande
TX-000745,CLI-00236,2024-10-04,Ferretería general,24,56378.81,Web,Transferencia,Río Grande
TX-000747,CLI-00535,2024-10-04,Cemento y áridos,14,158619.59,Telefónico,Cuenta corriente,Ushuaia 
TX-000748,CLI-00656,2024-10-04,Aberturas,1,100164.47,Web,Transferencia,Río Grande
TX-000750,CLI-00883,2024-10-04,Aberturas,4,1428274.51,App,Tarjeta de crédito,Río Grande
TX-000751,CLI-01247,2024-10-04,Electricidad e iluminación,5,39515.61,Web,Transferencia,Río Grande
TX-000752,CLI-00400,2024-10-04,Pinturas y revestimientos,2,32005.04,Web,Transferencia,RÍO GRANDE
TX-000749,CLI-01129,2024-10-04,Pinturas y revestimientos,2,31310.22,Web,Transferencia,USHUAIA
TX-000762,CLI-00159,2024-10-05,Pinturas y revestimientos,4,132263.22,Telefónico,Transferencia,Ushuaia
TX-000766,CLI-00328,2024-10-05,Ferretería general,4,9628.3,Web,Tarjeta de débito,USHUAIA
TX-000764,CLI-00481,2024-10-05,Pisos y cerámicos,6,108612.13,App,Transferencia,Río Grande
TX-000763,CLI-00793,2024-10-05,Ferretería general,3,18117.07,App,Cuenta corriente,Río Grande
TX-000760,CLI-00028,2024-10-05,Herramientas eléctricas,3,861455.87,App,Cuenta corriente,Ushuaia
TX-000759,CLI-00879,2024-10-05,Cemento y áridos,17,604259.68,App,Transferencia,Río Grande
TX-000756,CLI-01210,2024-10-05,Electricidad e iluminación,5,63971.45,Web,Tarjeta de crédito,Río Grande
TX-000754,CLI-01146,2024-10-05,Pinturas y revestimientos,6,221546.1,Web,Transferencia,Río Grande
TX-000761,CLI-00629,2024-10-05,Ferretería general,9,41406.35,Telefónico,Cuenta corriente,Río Grande
TX-000758,CLI-00444,2024-10-05,Ferretería general,7,41327.91,Telefónico,Cuenta corriente,Ushuaia
TX-000768,CLI-00982,2024-10-06,Cemento y áridos,27,-402302.53,App,Cuenta corriente,Ushuaia
TX-000770,CLI-00394,2024-10-06,Maderas y tableros,15,,Telefónico,Efectivo en sucursal,Ushuaia
TX-000771,CLI-00289,2024-10-06,Herramientas manuales,4,97034.3,App,Cuenta corriente,Río Grande
TX-000772,CLI-00113,2024-10-06,Ferretería general,8,39869.19,Telefónico,Cuenta corriente,Río Grande
TX-000773,CLI-00188,2024-10-06,Pisos y cerámicos,11,126110.4,Web,Tarjeta de crédito,Tolhuin 
TX-000782,CLI-01048,2024-10-07,Pisos y cerámicos,5,61489.88,Web,Tarjeta de crédito,Ushuaia
TX-000787,CLI-00812,2024-10-07,Seguridad e indumentaria,2,59302.35,Web,Transferencia,Ushuaia
TX-000786,CLI-00723,2024-10-07,Pinturas y revestimientos,6,145258.78,Web,Transferencia,Río Grande
TX-000785,CLI-01153,2024-10-07,Seguridad e indumentaria,3,69245.21,App,Tarjeta de débito,Río Grande
TX-000784,CLI-00899,2024-10-07,Sanitarios y grifería,13,304737.54,App,Tarjeta de crédito,Ushuaia
TX-000783,CLI-00793,2024-10-07,Aberturas,8,1130028.58,Telefónico,Transferencia,RÍO GRANDE
TX-000781,CLI-00854,2024-10-07,Herramientas manuales,5,53574.69,Web,Tarjeta de débito,Río Grande
TX-000779,CLI-01071,2024-10-07,Seguridad e indumentaria,3,65294.46,Web,Transferencia,Ushuaia
TX-000778,CLI-01300,2024-10-07,Pisos y cerámicos,6,127020.24,Telefónico,Tarjeta de crédito,Río Grande
TX-000777,CLI-00883,2024-10-07,Plomería y caños,20,361783.47,Web,Transferencia,RÍO GRANDE
TX-000776,CLI-00068,2024-10-07,Sanitarios y grifería,6,779541.6,Telefónico,Transferencia,río grande
TX-000774,CLI-00577,2024-10-07,Ferretería general,6,43467.74,App,Transferencia,Río Grande
TX-000780,CLI-00887,2024-10-07,Pisos y cerámicos,7,84817.96,Web,Transferencia,Río Grande
TX-000815,CLI-00887,2024-10-08,Electricidad e iluminación,4,26663.95,Web,Transferencia,Río Grande
TX-000813,CLI-00419,2024-10-08,Herramientas manuales,3,34624.85,Web,Transferencia,Río Grande
TX-000811,CLI-00159,2024-10-08,Cemento y áridos,32,544238.25,Web,Cuenta corriente,Ushuaia
TX-000810,CLI-00524,2024-10-08,Plomería y caños,8,38005.63,Web,Transferencia,Río Grande 
TX-000809,CLI-00453,2024-10-08,Ferretería general,9,51195.16,App,Cuenta corriente,Río Grande
TX-000808,CLI-00348,2024-10-08,Electricidad e iluminación,16,192647.97,App,Efectivo en sucursal,Tolhuin
TX-000807,CLI-00901,2024-10-08,Pisos y cerámicos,3,92450.66,Telefónico,Cuenta corriente,ushuaia
TX-000805,CLI-00127,2024-10-08,Ferretería general,1,4518.29,Web,Transferencia,Ushuaia
TX-000804,CLI-00552,2024-10-08,Plomería y caños,6,58231.09,Web,Tarjeta de débito,río grande
TX-000806,CLI-01347,2024-10-08,Pisos y cerámicos,15,595759.69,Telefónico,Transferencia,Río Grande
TX-000802,CLI-00439,2024-10-08,Plomería y caños,24,204533.96,Web,Tarjeta de débito,Río Grande
TX-000801,CLI-00848,2024-10-08,Seguridad e indumentaria,2,40900.36,Web,Tarjeta de crédito,USHUAIA
TX-000800,CLI-01224,2024-10-08,Plomería y caños,4,29806.97,Web,Tarjeta de crédito,Río Grande
TX-000797,CLI-00020,2024-10-08,Pinturas y revestimientos,3,52530.74,Web,Cuenta corriente,Ushuaia
TX-000795,CLI-00666,2024-10-08,Herramientas manuales,4,552576.37,Web,Tarjeta de crédito,río grande
TX-000794,CLI-00981,2024-10-08,Aberturas,2,166546.39,Web,Transferencia,Ushuaia
TX-000793,CLI-01049,2024-10-08,Ferretería general,4,36436.91,Web,Cuenta corriente,Río Grande
TX-000790,CLI-00341,2024-10-08,Cemento y áridos,12,93852.38,App,Tarjeta de débito,Ushuaia
TX-000789,CLI-00582,2024-10-08,Electricidad e iluminación,3,22452.88,Web,Transferencia,Ushuaia
TX-000788,CLI-00431,2024-10-08,Herramientas manuales,5,75533.76,Web,Tarjeta de crédito,río grande
TX-000803,CLI-00879,2024-10-08,Ferretería general,5,39615.87,Telefónico,Cuenta corriente,Rio Grande
TX-000831,CLI-00627,2024-10-09,Ferretería general,12,72843.74,Web,Transferencia,Ushuaia
TX-000832,CLI-00813,2024-10-09,Sanitarios y grifería,5,759446.64,Telefónico,Tarjeta de débito,Río Grande
TX-000833,CLI-00791,2024-10-09,Electricidad e iluminación,2,16599.2,Web,Tarjeta de crédito,Río Grande
TX-000834,CLI-00453,2024-10-09,Aberturas,2,448035.87,Telefónico,Tarjeta de crédito,Río Grande
TX-000830,CLI-00289,2024-10-09,Plomería y caños,13,120374.75,App,Cuenta corriente,Río Grande
TX-000836,CLI-00001,2024-10-09,Aberturas,3,252639.2,Telefónico,Efectivo en sucursal,Río Grande
TX-000837,CLI-01270,2024-10-09,Seguridad e indumentaria,4,90427.12,App,Tarjeta de crédito,Ushuaia
TX-000840,CLI-00448,2024-10-09,Cemento y áridos,16,267299.89,Telefónico,Cuenta corriente,Río Grande
TX-000835,CLI-00526,2024-10-09,Ferretería general,2,6536.11,Web,Transferencia,Ushuaia
TX-000829,CLI-00627,2024-10-09,Herramientas manuales,8,254187.91,Web,Transferencia,Ushuaia
TX-000818,CLI-00912,2024-10-09,Cemento y áridos,13,227004.91,Web,Tarjeta de crédito,Tolhuin
TX-000827,CLI-00730,2024-10-09,Herramientas manuales,4,103150.97,App,Tarjeta de débito,Río Grande
TX-000828,CLI-00211,2024-10-09,Herramientas manuales,3,33850.54,Web,Transferencia,Río Grande
TX-000817,CLI-01093,2024-10-09,Herramientas eléctricas,2,510474.12,App,Transferencia,Ushuaia
TX-000819,CLI-00930,2024-10-09,Pisos y cerámicos,6,245159.11,App,Transferencia,Río Grande
TX-000820,CLI-00444,2024-10-09,Seguridad e indumentaria,6,218887.82,Telefónico,Cuenta corriente,Ushuaia
TX-000816,CLI-01119,2024-10-09,Electricidad e iluminación,4,104435.83,Web,Transferencia,Ushuaia
TX-000823,CLI-00199,2024-10-09,Herramientas manuales,2,38652.0,App,Transferencia,Río Grande
TX-000824,CLI-01083,2024-10-09,Ferretería general,10,35801.31,Web,Transferencia,RÍO GRANDE
TX-000825,CLI-00770,2024-10-09,Ferretería general,4,17641.71,App,Tarjeta de débito,Ushuaia
TX-000826,CLI-01252,2024-10-09,Sanitarios y grifería,2,105469.36,Web,Tarjeta de crédito,Río Grande
TX-000821,CLI-00807,2024-10-09,Electricidad e iluminación,2,16084.8,Web,Tarjeta de débito,Ushuaia 
TX-000854,CLI-00027,2024-10-10,Electricidad e iluminación,4,27041.43,Telefónico,Efectivo en sucursal,Ushuaia
TX-000860,CLI-00912,2024-10-10,Electricidad e iluminación,10,165594.59,Telefónico,Transferencia,Tolhuin
TX-000859,CLI-00483,2024-10-10,Electricidad e iluminación,3,78896.13,Telefónico,Tarjeta de crédito,Río Grande
TX-000858,CLI-00698,2024-10-10,Seguridad e indumentaria,3,82642.11,Web,Tarjeta de débito,Rio Grande
TX-000855,CLI-00854,2024-10-10,Cemento y áridos,22,205250.71,App,Efectivo en sucursal,RÍO GRANDE
TX-000852,CLI-00791,2024-10-10,Sanitarios y grifería,4,157867.58,Web,Tarjeta de débito,Río Grande
TX-000857,CLI-00596,2024-10-10,Electricidad e iluminación,4,68329.36,Telefónico,Transferencia,Río Grande
TX-000850,CLI-00559,2024-10-10,Herramientas eléctricas,2,296502.78,Web,Tarjeta de débito,Ushuaia
TX-000848,CLI-00148,2024-10-10,Maderas y tableros,5,85427.29,Web,Cuenta corriente,Río Grande
TX-000847,CLI-00722,2024-10-10,,3,12482.99,Web,Transferencia,Ushuaia
TX-000842,CLI-00564,2024-10-10,Ferretería general,7,17125.34,Web,Tarjeta de débito,Ushuaia
TX-000846,CLI-01141,2024-10-10,Herramientas manuales,9,173832.55,Web,Tarjeta de crédito,ushuaia
TX-000845,CLI-00922,2024-10-10,Plomería y caños,10,59508.07,App,Transferencia,Tolhuin
TX-000843,CLI-00994,2024-10-10,Herramientas manuales,2,27307.05,App,Tarjeta de crédito,Río Grande
TX-000851,CLI-00974,2024-10-10,Pisos y cerámicos,2,18828.29,Web,Tarjeta de débito,Río Grande
TX-000879,CLI-00448,2024-10-11,Maderas y tableros,11,355272.96,Web,Tarjeta de débito,Río Grande
TX-000878,CLI-01059,2024-10-11,Electricidad e iluminación,2,62058.99,App,Tarjeta de débito,
TX-000876,CLI-00515,2024-10-11,Electricidad e iluminación,21,,Telefónico,Cuenta corriente,Río Grande
TX-000874,CLI-00879,2024-10-11,Plomería y caños,8,178782.26,Telefónico,Cuenta corriente,Río Grande 
TX-000873,CLI-00770,2024-10-11,Electricidad e iluminación,3,30770.88,Web,transf.,Ushuaia
TX-000869,CLI-00067,2024-10-11,Electricidad e iluminación,2,19544.78,Web,Tarjeta de débito,Río Grande
TX-000868,CLI-00212,2024-10-11,Ferretería general,26,167842.84,App,Transferencia,Río Grande
TX-000867,CLI-00295,2024-10-11,Seguridad e indumentaria,1,20572.74,App,Tarjeta de débito,Río Grande
TX-000865,CLI-00992,2024-10-11,Pinturas y revestimientos,12,448966.53,App,Cuenta corriente,Rio Grande
TX-000863,CLI-00823,2024-10-11,Sanitarios y grifería,4,113530.29,Telefónico,Efectivo en sucursal,RÍO GRANDE
TX-000861,CLI-00575,2024-10-11,Seguridad e indumentaria,18,913763.39,Telefónico,Cuenta corriente,RÍO GRANDE
TX-000872,CLI-00212,2024-10-11,Seguridad e indumentaria,6,195744.65,Telefónico,Transferencia,Río Grande
TX-000894,CLI-00596,2024-10-12,Pisos y cerámicos,46,1070119.67,Web,Cuenta corriente,Río Grande
TX-000898,CLI-01335,2024-10-12,Ferretería general,3,9166.54,Web,Tarjeta de débito,Tolhuin
TX-000897,CLI-00488,2024-10-12,Plomería y caños,29,157750.76,App,Tarjeta de débito,Ushuaia
TX-000896,CLI-00482,2024-10-12,Seguridad e indumentaria,7,294048.8,App,Tarjeta de crédito,Río Grande
TX-000895,CLI-00705,2024-10-12,Pinturas y revestimientos,4,64578.2,Web,Tarjeta de débito,Ushuaia
TX-000893,CLI-00577,2024-10-12,Ferretería general,7,33777.19,Telefónico,Transferencia,Río Grande
TX-000891,CLI-00885,2024-10-12,Pisos y cerámicos,3,28942.45,Web,Transferencia,Río Grande
TX-000892,CLI-00317,2024-10-12,Herramientas manuales,1,10001.14,App,Tarjeta de crédito,Río Grande
TX-000889,CLI-00790,2024-10-12,Seguridad e indumentaria,6,205999.56,App,Tarjeta de débito,TOLHUIN
TX-000886,CLI-00408,2024-10-12,Cemento y áridos,26,313547.21,App,Tarjeta de crédito,Tolhuin
TX-000885,CLI-00957,2024-10-12,Plomería y caños,5,47247.82,Web,Tarjeta de crédito,Río Grande
TX-000883,CLI-00416,2024-10-12,Cemento y áridos,47,438069.09,Web,Efectivo en sucursal,Tolhuin
TX-000881,CLI-00772,2024-10-12,Ferretería general,75,408869.92,Web,Cuenta corriente,Río Grande
TX-000899,CLI-00139,2024-10-13,Pinturas y revestimientos,4,97375.52,Web,Tarjeta de débito,Ushuaia
TX-000900,CLI-00545,2024-10-13,Cemento y áridos,30,251162.22,Telefónico,Transferencia,Río Grande
TX-000901,CLI-00879,2024-10-13,Herramientas eléctricas,1,287756.89,Telefónico,Cuenta corriente,RÍO GRANDE
TX-000918,CLI-00604,2024-10-14,Plomería y caños,18,74758.57,Web,Transferencia,Ushuaia
TX-000919,CLI-00094,2024-10-14,Ferretería general,35,85136.84,Web,Tarjeta de débito,Río Grande
TX-000920,CLI-01049,2024-10-14,Ferretería general,4,38851.27,Telefónico,Transferencia,Río Grande
TX-000921,CLI-01209,2024-10-14,Herramientas manuales,1,12339.91,Web,Transferencia,Río Grande
TX-000916,CLI-00551,2024-10-14,Plomería y caños,3,47890.6,Telefónico,Transferencia,Ushuaia
TX-000923,CLI-01246,2024-10-14,Pisos y cerámicos,13,171194.84,App,Transferencia,Ushuaia
TX-000924,CLI-01240,2024-10-14,Ferretería general,2,7859.77,Web,Tarjeta de débito,Ushuaia
TX-000917,CLI-00408,2024-10-14,Plomería y caños,24,203394.07,Web,Tarjeta de débito,Tolhuin
TX-000922,CLI-00575,2024-10-14,Plomería y caños,10,107266.91,App,Transferencia,Río Grande
TX-000925,CLI-00701,2024-10-14,Pinturas y revestimientos,2,105779.8,Telefónico,Cuenta corriente,Río Grande
TX-000913,CLI-00994,2024-10-14,Herramientas manuales,2,44513.88,App,Tarjeta de crédito,Río Grande
TX-000914,CLI-00001,2024-10-14,Electricidad e iluminación,1,13616.41,Web,Cuenta corriente,Rio Grande
TX-000912,CLI-00901,2024-10-14,Cemento y áridos,33,444181.28,Web,Tarjeta de crédito,Ushuaia
TX-000911,CLI-00189,2024-10-14,Herramientas manuales,6,115604.7,Web,Tarjeta de débito,Ushuaia
TX-000910,CLI-00898,2024-10-14,Electricidad e iluminación,2,19408.92,Web,Tarjeta de crédito,Ushuaia
TX-000908,CLI-00275,2024-10-14,Plomería y caños,17,129469.11,Web,Transferencia,Ushuaia
TX-000907,CLI-00976,2024-10-14,Ferretería general,4,11738.85,Web,Transferencia,TOLHUIN
TX-000906,CLI-00965,2024-10-14,Ferretería general,5,14393.06,Web,Transferencia,Ushuaia
TX-000905,CLI-00253,2024-10-14,Pinturas y revestimientos,1,14570.34,Web,Transferencia,Río Grande
TX-000902,CLI-00860,2024-10-14,Ferretería general,7,44833.27,Telefónico,T. débito,Rio Grande
TX-000915,CLI-00714,2024-10-14,Herramientas manuales,1,13766.76,Web,Transferencia,Tolhuin
TX-000944,CLI-00360,2024-10-15,Plomería y caños,52,816969.49,Telefónico,Cuenta corriente,Río Grande
TX-000942,CLI-01092,2024-10-15,Pisos y cerámicos,57,1595272.93,Telefónico,Transferencia,Río Grande
TX-000943,CLI-00068,2024-10-15,Cemento y áridos,56,1377455.48,Telefónico,Tarjeta de crédito,Río Grande
TX-000945,CLI-00092,2024-10-15,Herramientas manuales,2,30107.53,Web,Tarjeta de crédito,Río Grande
TX-000941,CLI-00923,2024-10-15,Ferretería general,8,26890.74,Web,Tarjeta de débito,río grande
TX-000947,CLI-01049,2024-10-15,Seguridad e indumentaria,3,282590.75,Telefónico,Transferencia,Río Grande
TX-000948,CLI-00730,2024-10-15,Pisos y cerámicos,24,745236.79,Telefónico,Transferencia,Río Grande
TX-000949,CLI-00444,2024-10-15,Cemento y áridos,9,165715.77,App,Tarjeta de débito,Ushuaia
TX-000946,CLI-00419,2024-10-15,Electricidad e iluminación,1,9391.46,Web,Transferencia,Río Grande 
TX-000940,CLI-00349,2024-10-15,Electricidad e iluminación,1,8548.8,Web,Tarjeta de crédito,río grande
TX-000932,CLI-00394,2024-10-15,Ferretería general,8,43228.4,Telefónico,Transferencia,ushuaia
TX-000937,CLI-00352,2024-10-15,Maderas y tableros,9,117241.75,Web,Tarjeta de débito,Río Grande
TX-000935,CLI-00999,2024-10-15,Ferretería general,4,19237.0,App,Tarjeta de débito,Rio Grande
TX-000934,CLI-00962,2024-10-15,Herramientas manuales,6,93485.62,Web,Tarjeta de crédito,Río Grande
TX-000933,CLI-00293,2024-10-15,Ferretería general,11,41748.63,Web,Efectivo en sucursal,Río Grande
TX-000926,CLI-00879,2024-10-15,Electricidad e iluminación,14,346487.65,Telefónico,Cuenta corriente,Río Grande
TX-000930,CLI-00256,2024-10-15,Pisos y cerámicos,19,462922.52,Web,,Río Grande
TX-000929,CLI-00922,2024-10-15,Sanitarios y grifería,2,99186.35,Telefónico,Tarjeta de crédito,TOLHUIN
TX-000928,CLI-00400,2024-10-15,Aberturas,2,176245.83,App,Tarjeta de crédito,Río Grande
TX-000927,CLI-00148,2024-10-15,Electricidad e iluminación,10,81512.04,Web,Tarjeta de débito,RÍO GRANDE
TX-000939,CLI-00392,2024-10-15,Cemento y áridos,83,1212028.47,Web,Transferencia,Río Grande 
TX-000963,CLI-00298,2024-10-16,Ferretería general,18,63504.18,Web,Transferencia,Río Grande
TX-000962,CLI-01154,2024-10-16,Aberturas,3,,Telefónico,Tarjeta de débito,Río Grande
TX-000960,CLI-00068,2024-10-16,Sanitarios y grifería,3,404314.55,Web,Tarjeta de débito,Río Grande
TX-000958,CLI-00254,2024-10-16,Ferretería general,19,90979.56,Web,Transferencia,Río Grande
TX-000957,CLI-01092,2024-10-16,Electricidad e iluminación,8,181535.86,App,Transferencia,Río Grande 
TX-000961,CLI-00714,2024-10-16,Ferretería general,2,4974.3,App,Tarjeta de débito,Tolhuin
TX-000955,CLI-01212,2024-10-16,Ferretería general,2,8033.99,Telefónico,Tarjeta de débito,Río Grande
TX-000954,CLI-01244,2024-10-16,Ferretería general,10,-26021.9,Web,Transferencia,Ushuaia
TX-000952,CLI-00186,2024-10-16,Maderas y tableros,18,302811.18,Web,Transferencia,Río Grande
TX-000951,CLI-00281,2024-10-16,Ferretería general,4,21627.83,Telefónico,Cuenta corriente,Ushuaia
TX-000950,CLI-00145,2024-10-16,Sanitarios y grifería,1,44829.64,Web,Transferencia,Ushuaia
TX-000956,CLI-00463,2024-10-16,Seguridad e indumentaria,4,115016.17,Web,Transferencia,Tolhuin
TX-000976,CLI-01049,2024-10-17,Ferretería general,4,47303.24,Web,Cuenta corriente,Rio Grande
TX-000975,CLI-00922,2024-10-17,Plomería y caños,5,39712.64,Web,Transferencia,TOLHUIN
TX-000973,CLI-00413,2024-10-17,Electricidad e iluminación,12,144721.34,Telefónico,Cuenta corriente,Río Grande
TX-000972,CLI-00723,2024-10-17,Cemento y áridos,13,99529.36,App,Tarjeta de débito,Río Grande
TX-000970,CLI-00701,2024-10-17,Ferretería general,30,244446.77,Telefónico,Transferencia,Río Grande
TX-000968,CLI-00984,2024-10-17,Ferretería general,32,93945.86,Web,Tarjeta de crédito,Río Grande
TX-000967,CLI-00079,2024-10-17,Maderas y tableros,4,46098.72,Web,Transferencia,Ushuaia
TX-000966,CLI-01273,2024-10-17,Sanitarios y grifería,1,32877.64,Web,Tarjeta de crédito,Río Grande
TX-000965,CLI-00629,2024-10-17,Pisos y cerámicos,8,211808.69,App,Tarjeta de débito,Río Grande
TX-000969,CLI-00668,2024-10-17,Electricidad e iluminación,3,28956.94,Web,Tarjeta de débito,Ushuaia
TX-000993,CLI-00912,2024-10-18,Sanitarios y grifería,5,314180.83,App,Efectivo en sucursal,Tolhuin
TX-000992,CLI-00332,2024-10-18,Cemento y áridos,15,130195.32,Web,Tarjeta de débito,Río Grande
TX-000991,CLI-00218,2024-10-18,Maderas y tableros,68,2131523.63,App,Cuenta corriente,río grande
TX-000990,CLI-01347,2024-10-18,Seguridad e indumentaria,3,251046.07,Telefónico,Cuenta corriente,Río Grande
TX-000988,CLI-00935,2024-10-18,Aberturas,4,1029126.24,Telefónico,Transferencia,Río Grande
TX-000987,CLI-00646,2024-10-18,Ferretería general,12,44364.38,Web,Transferencia,Ushuaia
TX-000983,CLI-00773,2024-10-18,Plomería y caños,10,72231.39,Web,Transferencia,Río Grande
TX-000985,CLI-00076,2024-10-18,Ferretería general,20,67115.67,Web,Tarjeta de crédito,Ushuaia
TX-000977,CLI-00186,2024-10-18,Herramientas manuales,6,114523.23,App,Tarjeta de crédito,Río Grande
TX-000978,CLI-00708,2024-10-18,Aberturas,2,287738.0,Telefónico,Transferencia,Río Grande
TX-000986,CLI-00898,2024-10-18,Herramientas manuales,2,30741.77,Telefónico,Tarjeta de débito,USHUAIA
TX-000980,CLI-00353,2024-10-18,Seguridad e indumentaria,3,62920.37,Web,Transferencia,Ushuaia 
TX-000981,CLI-00353,2024-10-18,Pinturas y revestimientos,5,102413.02,Web,Efectivo en sucursal,Ushuaia
TX-000979,CLI-00701,2024-10-18,Plomería y caños,16,285662.1,App,Transferencia,Río Grande
TX-000994,CLI-00750,2024-10-19,Pisos y cerámicos,7,136934.2,Web,Tarjeta de débito,Ushuaia 
TX-000995,CLI-01347,2024-10-19,Sanitarios y grifería,2,237786.66,Telefónico,Transferencia,Río Grande
TX-001001,CLI-01059,2024-10-19,Cemento y áridos,10,204535.28,Telefónico,Transferencia,Ushuaia
TX-001002,CLI-00772,2024-10-19,Herramientas manuales,2,42846.09,App,Cuenta corriente,Río Grande
TX-001003,CLI-00047,2024-10-19,Herramientas manuales,6,77058.06,Web,Tarjeta de crédito,Ushuaia
TX-001004,CLI-00935,2024-10-19,Electricidad e iluminación,18,634768.12,Telefónico,Cuenta corriente,Río Grande
TX-001005,CLI-00627,2024-10-19,Maderas y tableros,4,169385.67,Web,Transferencia,Ushuaia 
TX-001006,CLI-00604,2024-10-19,Pisos y cerámicos,24,310698.92,Web,Transferencia,Ushuaia
TX-001007,CLI-01205,2024-10-19,Pisos y cerámicos,11,136610.53,Web,Tarjeta de débito,Río Grande
TX-001000,CLI-00935,2024-10-19,Pisos y cerámicos,16,713372.47,Web,Transferencia,Río Grande
TX-001011,CLI-00483,2024-10-20,Electricidad e iluminación,7,103503.35,App,Transferencia,Río Grande
TX-001009,CLI-00772,2024-10-20,Electricidad e iluminación,18,286024.59,Telefónico,Cuenta corriente,Río Grande
TX-001008,CLI-00123,2024-10-20,Ferretería general,2,7682.28,Telefónico,Tarjeta de crédito,Río Grande
TX-001010,CLI-00883,2024-10-20,Plomería y caños,4,74420.16,Telefónico,Cuenta corriente,Río Grande
TX-001013,CLI-00138,2024-10-21,Ferretería general,22,46845.97,Web,Transferencia,Río Grande
TX-001014,CLI-00287,2024-10-21,Cemento y áridos,8,70778.71,Web,Tarjeta de débito,Ushuaia
TX-001015,CLI-00624,2024-10-21,Sanitarios y grifería,1,29194.98,Web,Tarjeta de crédito,RÍO GRANDE
TX-001016,CLI-00068,2024-10-21,Pinturas y revestimientos,2,120007.38,Telefónico,Transferencia,Rio Grande
TX-001017,CLI-01056,2024-10-21,Pisos y cerámicos,4,56079.07,Web,Tarjeta de crédito,TOLHUIN
TX-001018,CLI-00926,2024-10-21,Plomería y caños,2,10587.21,Web,Tarjeta de débito,Ushuaia
TX-001019,CLI-00439,2024-10-21,Sanitarios y grifería,1,47553.66,Web,Tarjeta de crédito,Río Grande
TX-001020,CLI-01280,2024-10-21,Pinturas y revestimientos,8,158885.03,App,Tarjeta de débito,Ushuaia
TX-001030,CLI-00616,2024-10-22,Ferretería general,14,31004.05,App,Tarjeta de débito,Ushuaia
TX-001034,CLI-00329,2024-10-22,Herramientas manuales,2,19324.78,Web,Tarjeta de débito,Río Grande
TX-001033,CLI-00701,2024-10-22,Electricidad e iluminación,8,196024.35,App,Tarjeta de débito,Río Grande
TX-001032,CLI-00430,2024-10-22,Herramientas manuales,3,42347.49,App,Tarjeta de crédito,Ushuaia
TX-001031,CLI-00814,2024-10-22,Ferretería general,8,31354.17,Web,Tarjeta de débito,ushuaia
TX-001029,CLI-00639,2024-10-22,Electricidad e iluminación,5,48186.24,Web,Transferencia,Tolhuin
TX-001024,CLI-00996,2024-10-22,Electricidad e iluminación,17,347869.66,App,Cuenta corriente,Ushuaia
TX-001027,CLI-00468,2024-10-22,Ferretería general,13,93878.44,App,Cuenta corriente,Ushuaia
TX-001026,CLI-01310,2024-10-22,Electricidad e iluminación,7,113658.6,App,Cuenta corriente,Río Grande
TX-001025,CLI-01216,2024-10-22,Aberturas,2,182234.24,Web,Tarjeta de débito,Ushuaia
TX-001021,CLI-00273,2024-10-22,Herramientas manuales,27,615052.89,App,Cuenta corriente,Río Grande
TX-001023,CLI-00172,2024-10-22,Maderas y tableros,7,478664.38,Telefónico,Cuenta corriente,Tolhuin
TX-001022,CLI-00755,2024-10-22,Seguridad e indumentaria,4,106921.47,Web,Tarjeta de débito,Tolhuin
TX-001028,CLI-01049,2024-10-22,Ferretería general,9,85932.61,Telefónico,Transferencia,Río Grande
TX-001047,CLI-00246,2024-10-23,Maderas y tableros,8,128865.64,Telefónico,Efectivo en sucursal,Tolhuin
TX-001044,CLI-00980,2024-10-23,Herramientas manuales,2,31164.13,Web,Transferencia,Tolhuin
TX-001043,CLI-01321,2024-10-23,Sanitarios y grifería,2,64127.42,App,Transferencia,Ushuaia
TX-001041,CLI-00481,2024-10-23,Herramientas manuales,2,42212.79,Telefónico,Cuenta corriente,RÍO GRANDE
TX-001042,CLI-01071,2024-10-23,Sanitarios y grifería,4,145567.08,Web,Tarjeta de crédito,Ushuaia
TX-001039,CLI-00304,2024-10-23,Herramientas manuales,5,99964.6,Web,Cuenta corriente,Ushuaia
TX-001038,CLI-00684,2024-10-23,Seguridad e indumentaria,2,65860.6,Web,Tarjeta de crédito,Río Grande
TX-001037,CLI-01033,2024-10-23,Ferretería general,6,16710.82,Web,Tarjeta de débito,Tolhuin
TX-001036,CLI-00159,2024-10-23,Plomería y caños,21,284845.18,App,Cuenta corriente,USHUAIA
TX-001040,CLI-01216,2024-10-23,Pinturas y revestimientos,3,65823.28,Web,Transferencia,USHUAIA
TX-001060,CLI-01119,2024-10-24,Pinturas y revestimientos,8,406499.07,Web,Cuenta corriente,Ushuaia
TX-001068,CLI-00955,2024-10-24,Pinturas y revestimientos,1,17348.41,App,Transferencia,Río Grande
TX-001067,CLI-00962,2024-10-24,Plomería y caños,4,28829.54,Web,Tarjeta de crédito,RÍO GRANDE
TX-001066,CLI-01096,2024-10-24,Cemento y áridos,22,103517.57,Web,,Ushuaia
TX-001065,CLI-00999,2024-10-24,Sanitarios y grifería,3,125684.33,Web,T. débito,Río Grande
TX-001062,CLI-01309,2024-10-24,Pinturas y revestimientos,2,52481.04,Web,Tarjeta de crédito,Río Grande
TX-001061,CLI-00629,2024-10-24,Seguridad e indumentaria,3,144102.13,Telefónico,Transferencia,Río Grande
TX-001058,CLI-00180,2024-10-24,Maderas y tableros,10,147330.11,App,Tarjeta de crédito,Río Grande
TX-001069,CLI-01190,2024-10-24,Pinturas y revestimientos,3,52295.95,App,Tarjeta de crédito,río grande
TX-001056,CLI-00332,2024-10-24,Herramientas manuales,1,9291.45,Web,Tarjeta de débito,RÍO GRANDE
TX-001055,CLI-00551,2024-10-24,Plomería y caños,3,46796.0,Telefónico,Tarjeta de crédito,ushuaia
TX-001054,CLI-01347,2024-10-24,Electricidad e iluminación,21,668574.14,Telefónico,Cuenta corriente,RÍO GRANDE
TX-001053,CLI-00718,2024-10-24,Maderas y tableros,2,26104.01,Web,Tarjeta de débito,Río Grande
TX-001052,CLI-00438,2024-10-24,Sanitarios y grifería,1,30179.95,Web,transf.,Ushuaia
TX-001051,CLI-01212,2024-10-24,Pisos y cerámicos,9,121358.1,Web,Tarjeta de débito,Río Grande
TX-001050,CLI-00453,2024-10-24,Ferretería general,24,192950.36,Telefónico,Transferencia,Río Grande
TX-001049,CLI-00535,2024-10-24,Plomería y caños,4,43731.9,Telefónico,,Ushuaia
TX-001048,CLI-01300,2024-10-24,Sanitarios y grifería,3,199879.94,Web,Cuenta corriente,Río Grande
TX-001057,CLI-00340,2024-10-24,Pisos y cerámicos,22,276857.73,App,Tarjeta de débito,Río Grande
TX-001080,CLI-01240,2024-10-25,Aberturas,4,396155.45,Web,Tarjeta de débito,Ushuaia
TX-001079,CLI-00413,2024-10-25,Pisos y cerámicos,17,352617.84,Telefónico,Cuenta corriente,Río Grande
TX-001078,CLI-00791,2024-10-25,Electricidad e iluminación,10,95871.49,Web,Tarjeta de crédito,Río Grande
TX-001076,CLI-00955,2024-10-25,Pinturas y revestimientos,13,269775.63,Web,Transferencia,Río Grande
TX-001073,CLI-00481,2024-10-25,Electricidad e iluminación,13,161245.07,Telefónico,Tarjeta de crédito,Río Grande
TX-001074,CLI-01085,2024-10-25,Cemento y áridos,14,98728.02,Web,Transferencia,río grande
TX-001072,CLI-01309,2024-10-25,Herramientas manuales,3,36548.89,App,Tarjeta de crédito,Río Grande
TX-001071,CLI-00018,2024-10-25,Herramientas manuales,5,70956.89,Web,Transferencia,Río Grande
TX-001070,CLI-00038,2024-10-25,Herramientas eléctricas,2,268922.46,Web,Transferencia,Río Grande
TX-001075,CLI-01119,2024-10-25,Aberturas,5,965749.84,Telefónico,Cuenta corriente,Ushuaia
TX-001090,CLI-01247,2024-10-26,Herramientas manuales,3,30442.21,Web,Transferencia,Río Grande
TX-001093,CLI-01347,2024-10-26,Sanitarios y grifería,10,1121160.76,Telefónico,Transferencia,Río Grande
TX-001092,CLI-00386,2024-10-26,Aberturas,10,2469853.48,Telefónico,Tarjeta de crédito,Río Grande
TX-001091,CLI-01247,2024-10-26,Sanitarios y grifería,4,155848.08,Web,Transferencia,Río Grande
TX-001089,CLI-01078,2024-10-26,Electricidad e iluminación,3,-19805.28,App,Efectivo en sucursal,Tolhuin
TX-001084,CLI-00718,2024-10-26,Sanitarios y grifería,2,79501.25,Web,Tarjeta de débito,Río Grande
TX-001086,CLI-01277,2024-10-26,Electricidad e iluminación,4,31179.66,Web,Tarjeta de crédito,Ushuaia
TX-001085,CLI-00199,2024-10-26,Cemento y áridos,81,954431.93,App,Transferencia,Río Grande
TX-001082,CLI-00627,2024-10-26,Maderas y tableros,7,253431.3,Telefónico,Tarjeta de débito,Ushuaia
TX-001081,CLI-00575,2024-10-26,Plomería y caños,1,14964.91,Telefónico,Cuenta corriente,Río Grande
TX-001087,CLI-01059,2024-10-26,Ferretería general,17,185980.79,App,T. crédito,Ushuaia
TX-001094,CLI-01210,2024-10-27,Pisos y cerámicos,8,109034.1,App,Tarjeta de débito,Río Grande
TX-001095,CLI-00178,2024-10-27,Herramientas manuales,4,117771.28,App,Tarjeta de crédito,Ushuaia
TX-001096,CLI-01013,2024-10-27,Cemento y áridos,27,661667.37,App,Efectivo en sucursal,Ushuaia
TX-001114,CLI-00362,2024-10-28,Ferretería general,17,45616.83,Web,Tarjeta de débito,Tolhuin
TX-001115,CLI-01141,2024-10-28,Ferretería general,4,31165.64,Telefónico,Transferencia,Ushuaia
TX-001117,CLI-00090,2024-10-28,Ferretería general,15,64345.04,Telefónico,Cuenta corriente,Río Grande
TX-001113,CLI-00879,2024-10-28,Ferretería general,5,51601.19,App,Cuenta corriente,Río Grande
TX-001125,CLI-00556,2024-10-28,Pinturas y revestimientos,4,94643.38,Web,Transferencia,Río Grande
TX-001121,CLI-00594,2024-10-28,Pinturas y revestimientos,10,148416.5,Web,Tarjeta de débito,Río Grande
TX-001124,CLI-00148,2024-10-28,Seguridad e indumentaria,3,108110.42,Web,Transferencia,Río Grande
TX-001126,CLI-00551,2024-10-28,Plomería y caños,5,113059.85,App,Cuenta corriente,Ushuaia
TX-001119,CLI-01216,2024-10-28,Herramientas manuales,2,40878.01,Web,Efectivo en sucursal,Ushuaia
TX-001112,CLI-00636,2024-10-28,Sanitarios y grifería,4,112232.65,App,Efectivo en sucursal,Ushuaia
TX-001118,CLI-01347,2024-10-28,Sanitarios y grifería,3,315852.12,Web,Tarjeta de débito,RÍO GRANDE
TX-001109,CLI-01309,2024-10-28,Herramientas manuales,2,30680.43,Web,Tarjeta de débito,Río Grande
TX-001108,CLI-01096,2024-10-28,Pisos y cerámicos,6,68366.88,App,Tarjeta de débito,Ushuaia
TX-001107,CLI-00911,2024-10-28,Ferretería general,11,36537.13,App,Transferencia,Río Grande
TX-001106,CLI-00992,2024-10-28,Herramientas manuales,7,164631.61,App,Transferencia,Rio Grande
TX-001105,CLI-00813,2024-10-28,Pinturas y revestimientos,12,794779.63,Telefónico,Cuenta corriente,río grande
TX-001103,CLI-00883,2024-10-28,Cemento y áridos,16,460685.21,Telefónico,Cuenta corriente,Río Grande
TX-001102,CLI-00392,2024-10-28,Ferretería general,4,19206.51,Telefónico,Transferencia,Río Grande
TX-001100,CLI-01051,2024-10-28,Plomería y caños,7,97052.89,Web,Cuenta corriente,Río Grande
TX-001098,CLI-00345,2024-10-28,Plomería y caños,29,322518.71,Telefónico,Cuenta corriente,Río Grande
TX-001097,CLI-00005,2024-10-28,Ferretería general,5,13942.14,Web,Tarjeta de crédito,Río Grande
TX-001111,CLI-00972,2024-10-28,Pinturas y revestimientos,1,16828.45,Web,Transferencia,Ushuaia
TX-001143,CLI-00399,2024-10-29,Ferretería general,2,5434.88,Web,Tarjeta de crédito,Ushuaia
TX-001142,CLI-01145,2024-10-29,Pinturas y revestimientos,7,95391.13,Web,Tarjeta de débito,Ushuaia
TX-001141,CLI-01051,2024-10-29,Cemento y áridos,18,203153.04,App,Cuenta corriente,Río Grande
TX-001140,CLI-00115,2024-10-29,Pinturas y revestimientos,2,-44514.08,Web,Tarjeta de débito,Tolhuin
TX-001139,CLI-01160,2024-10-29,Herramientas manuales,3,48036.9,Web,Tarjeta de crédito,ushuaia
TX-001144,CLI-00722,2024-10-29,,3,43063.5,Web,Tarjeta de débito,Ushuaia
TX-001132,CLI-01126,2024-10-29,Sanitarios y grifería,2,46335.9,Web,transf.,RÍO GRANDE
TX-001130,CLI-00180,2024-10-29,Maderas y tableros,14,157542.29,Telefónico,Tarjeta de crédito,Río Grande
TX-001129,CLI-01310,2024-10-29,Pisos y cerámicos,21,480216.3,App,Cuenta corriente,Río Grande
TX-001128,CLI-00444,2024-10-29,Aberturas,8,1253313.01,Telefónico,Cuenta corriente,USHUAIA
TX-001127,CLI-00494,2024-10-29,Ferretería general,29,95333.64,Web,Transferencia,Tolhuin
TX-001137,CLI-00085,2024-10-29,Pisos y cerámicos,2,22645.17,Web,Transferencia,Río Grande
TX-001157,CLI-00708,2024-10-30,Ferretería general,21,97109.4,Telefónico,T. crédito,Rio Grande
TX-001156,CLI-00127,2024-10-30,Herramientas eléctricas,3,367200.36,Web,Tarjeta de crédito,Ushuaia
TX-001154,CLI-00901,2024-10-30,Ferretería general,13,66858.18,App,Transferencia,Ushuaia
TX-001153,CLI-00675,2024-10-30,Pisos y cerámicos,21,195409.99,Web,Transferencia,Ushuaia
TX-001155,CLI-01119,2024-10-30,Sanitarios y grifería,9,1304301.23,Telefónico,Transferencia,Ushuaia
TX-001151,CLI-00374,2024-10-30,Pisos y cerámicos,5,59511.86,App,Tarjeta de débito,Ushuaia
TX-001150,CLI-00499,2024-10-30,Pinturas y revestimientos,4,81042.12,Web,Tarjeta de crédito,Río Grande
TX-001148,CLI-00627,2024-10-30,Cemento y áridos,69,1525895.54,Telefónico,Cuenta corriente,Ushuaia
TX-001147,CLI-00031,2024-10-30,Ferretería general,4,12248.9,Web,Transferencia,Río Grande 
TX-001146,CLI-00828,2024-10-30,Pisos y cerámicos,7,170528.47,App,Tarjeta de crédito,Ushuaia
TX-001152,CLI-01164,2024-10-30,Cemento y áridos,9,74106.56,Web,Tarjeta de débito,Río Grande
TX-001181,CLI-00039,2024-10-31,Plomería y caños,2,9202.48,Web,Transferencia,Ushuaia
TX-001179,CLI-00613,2024-10-31,Ferretería general,26,138512.99,Telefónico,Cuenta corriente,Ushuaia
TX-001178,CLI-00883,2024-10-31,Electricidad e iluminación,6,162028.05,App,Cuenta corriente,Río Grande
TX-001177,CLI-00955,2024-10-31,Herramientas manuales,2,362617.75,Web,Transferencia,Río Grande
TX-001176,CLI-00066,2024-10-31,Cemento y áridos,38,692200.87,Telefónico,Transferencia,Río Grande
TX-001175,CLI-01218,2024-10-31,Herramientas manuales,6,65866.94,Web,Tarjeta de crédito,Río Grande
TX-001174,CLI-00705,2024-10-31,Cemento y áridos,34,369501.46,Telefónico,T. débito,Ushuaia
TX-001172,CLI-01287,2024-10-31,Ferretería general,4,11640.15,Web,Transferencia,Río Grande
TX-001173,CLI-00178,2024-10-31,Plomería y caños,16,198060.17,Telefónico,Efectivo en sucursal,Ushuaia
TX-001171,CLI-00901,2024-10-31,Pinturas y revestimientos,9,254360.93,App,Cuenta corriente,Ushuaia
TX-001166,CLI-00570,2024-10-31,Ferretería general,2,4673.91,Web,Tarjeta de crédito,Ushuaia
TX-001168,CLI-01327,2024-10-31,Seguridad e indumentaria,14,362330.59,Web,T. crédito,Ushuaia
TX-001167,CLI-00942,2024-10-31,Maderas y tableros,9,144672.04,Web,T. débito,Río Grande
TX-001165,CLI-00170,2024-10-31,Herramientas manuales,1,20062.94,Web,Transferencia,Ushuaia
TX-001164,CLI-00489,2024-10-31,Cemento y áridos,14,102636.61,Web,Tarjeta de crédito,Río Grande
TX-001163,CLI-01085,2024-10-31,Electricidad e iluminación,5,51116.32,Web,Tarjeta de débito,Río Grande
TX-001162,CLI-00773,2024-10-31,Herramientas manuales,2,31986.79,App,Efectivo en sucursal,Río Grande
TX-001161,CLI-01265,2024-10-31,Cemento y áridos,26,299592.06,App,Tarjeta de débito,Tolhuin
TX-001159,CLI-00808,2024-10-31,Electricidad e iluminación,6,65880.88,Web,Transferencia,Río Grande
TX-001158,CLI-01310,2024-10-31,Plomería y caños,3,45140.16,Telefónico,Cuenta corriente,Río Grande
TX-001170,CLI-00423,2024-10-31,Pinturas y revestimientos,6,166902.15,Web,Tarjeta de crédito,Río Grande
TX-001196,CLI-00247,2024-11-01,Pinturas y revestimientos,5,81376.78,App,Tarjeta de débito,Río Grande
TX-001200,CLI-01265,2024-11-01,Pisos y cerámicos,13,268658.13,App,Tarjeta de débito,Tolhuin
TX-001201,CLI-00325,2024-11-01,Herramientas manuales,6,56536.49,App,Transferencia,Río Grande
TX-001206,CLI-00252,2024-11-01,Herramientas eléctricas,4,526121.1,Web,Tarjeta de débito,Río Grande
TX-001203,CLI-01059,2024-11-01,Electricidad e iluminación,5,165270.43,App,Cuenta corriente,Ushuaia
TX-001204,CLI-00558,2024-11-01,Sanitarios y grifería,1,36231.39,Web,Transferencia,Río Grande
TX-001205,CLI-00813,2024-11-01,Pisos y cerámicos,30,1218776.18,Telefónico,Cuenta corriente,Río Grande
TX-001202,CLI-00712,2024-11-01,Ferretería general,2,3970.38,Web,Transferencia,Ushuaia
TX-001195,CLI-00164,2024-11-01,Aberturas,2,191937.15,App,Tarjeta de crédito,TOLHUIN
TX-001192,CLI-01049,2024-11-01,Plomería y caños,31,780534.66,App,Cuenta corriente,RÍO GRANDE
TX-001193,CLI-01164,2024-11-01,Cemento y áridos,11,93395.74,Web,Tarjeta de débito,Río Grande
TX-001191,CLI-00665,2024-11-01,Cemento y áridos,6,81877.04,App,Tarjeta de débito,Ushuaia
TX-001190,CLI-01092,2024-11-01,Ferretería general,33,187493.5,App,Cuenta corriente,Río Grande
TX-001189,CLI-00488,2024-11-01,Cemento y áridos,27,287917.56,App,T. crédito,Ushuaia
TX-001188,CLI-01332,2024-11-01,Aberturas,1,192266.26,Telefónico,Transferencia,Ushuaia
TX-001187,CLI-00357,2024-11-01,Cemento y áridos,10,361487.48,Telefónico,Cuenta corriente,Ushuaia
TX-001185,CLI-00546,2024-11-01,Ferretería general,15,119383.12,App,Cuenta corriente,Río Grande
TX-001183,CLI-00026,2024-11-01,Ferretería general,4,13602.28,Web,Tarjeta de débito,Río Grande
TX-001182,CLI-00169,2024-11-01,Herramientas eléctricas,3,381407.43,Web,Tarjeta de crédito,Ushuaia
TX-001194,CLI-00338,2024-11-01,Ferretería general,2,6134.15,Web,Tarjeta de débito,Río Grande
TX-001222,CLI-00408,2024-11-02,Electricidad e iluminación,18,204601.61,Web,Transferencia,Tolhuin
TX-001216,CLI-00669,2024-11-02,Aberturas,1,81230.09,Web,Efectivo en sucursal,Tolhuin
TX-001220,CLI-00068,2024-11-02,Cemento y áridos,54,1468566.91,Telefónico,Transferencia,Río Grande
TX-001219,CLI-00996,2024-11-02,Ferretería general,15,99732.53,Telefónico,Cuenta corriente,Ushuaia
TX-001218,CLI-00199,2024-11-02,Pisos y cerámicos,8,187022.3,Telefónico,Transferencia,río grande
TX-001215,CLI-01309,2024-11-02,Electricidad e iluminación,4,48328.41,Web,Tarjeta de débito,Río Grande
TX-001221,CLI-00762,2024-11-02,Pinturas y revestimientos,4,81859.71,Web,Transferencia,Río Grande
TX-001213,CLI-00686,2024-11-02,Herramientas manuales,2,17647.36,App,Tarjeta de crédito,Ushuaia
TX-001207,CLI-01327,2024-11-02,Herramientas manuales,4,40126.98,Web,Tarjeta de débito,Ushuaia
TX-001208,CLI-01033,2024-11-02,Seguridad e indumentaria,3,70637.17,Web,Tarjeta de débito,Tolhuin
TX-001209,CLI-00841,2024-11-02,Sanitarios y grifería,3,243500.46,Web,Tarjeta de débito,ushuaia
TX-001214,CLI-00813,2024-11-02,Seguridad e indumentaria,3,219502.37,Telefónico,Cuenta corriente,Río Grande
TX-001211,CLI-01327,2024-11-02,Plomería y caños,9,64393.35,App,Tarjeta de débito,Ushuaia
TX-001210,CLI-00249,2024-11-02,Cemento y áridos,52,1212189.56,Web,Transferencia,Río Grande
TX-001212,CLI-00776,2024-11-02,Plomería y caños,1,4435.59,Web,Tarjeta de crédito,Río Grande
TX-001223,CLI-00251,2024-11-03,Ferretería general,4,14215.23,Web,Transferencia,Río Grande
TX-001246,CLI-01049,2024-11-04,Herramientas eléctricas,7,2672356.98,Telefónico,Transferencia,Río Grande
TX-001245,CLI-00113,2024-11-04,Aberturas,4,615197.94,Telefónico,Cuenta corriente,Río Grande
TX-001244,CLI-01095,2024-11-04,Maderas y tableros,14,279469.72,Web,Tarjeta de crédito,Río Grande
TX-001243,CLI-01034,2024-11-04,Herramientas manuales,14,188533.11,Web,Tarjeta de débito,Ushuaia
TX-001242,CLI-00054,2024-11-04,Seguridad e indumentaria,2,62855.67,App,Tarjeta de débito,Ushuaia
TX-001240,CLI-01044,2024-11-04,Electricidad e iluminación,2,50672.05,Web,Transferencia,Río Grande
TX-001239,CLI-00357,2024-11-04,Maderas y tableros,11,652447.64,Telefónico,Transferencia,Ushuaia
TX-001238,CLI-00556,2024-11-04,Pinturas y revestimientos,2,40258.09,App,Efectivo en sucursal,Río Grande
TX-001241,CLI-00142,2024-11-04,Pinturas y revestimientos,8,375295.21,Telefónico,Transferencia,Río Grande
TX-001236,CLI-01049,2024-11-04,Seguridad e indumentaria,5,574300.73,Telefónico,Transferencia,Río Grande
TX-001224,CLI-01081,2024-11-04,Sanitarios y grifería,4,231255.69,Telefónico,Cuenta corriente,Río Grande
TX-001237,CLI-00708,2024-11-04,Plomería y caños,13,121904.74,Web,Transferencia,Río Grande
TX-001226,CLI-00176,2024-11-04,Herramientas manuales,2,27103.5,Web,Tarjeta de débito,Río Grande
TX-001227,CLI-00160,2024-11-04,Sanitarios y grifería,8,309246.57,Telefónico,Efectivo en sucursal,Río Grande
TX-001225,CLI-01013,2024-11-04,Cemento y áridos,5,126701.03,Telefónico,Cuenta corriente,Ushuaia
TX-001232,CLI-00528,2024-11-04,Ferretería general,7,23850.44,Web,Transferencia,Ushuaia
TX-001233,CLI-00328,2024-11-04,Ferretería general,3,9848.45,Telefónico,Efectivo en sucursal,Ushuaia
TX-001234,CLI-00545,2024-11-04,Pinturas y revestimientos,4,93708.34,Web,Tarjeta de crédito,Rio Grande
TX-001231,CLI-01032,2024-11-04,Sanitarios y grifería,4,155032.9,App,Tarjeta de crédito,Río Grande
TX-001260,CLI-00582,2024-11-05,Herramientas eléctricas,2,211273.4,Web,Transferencia,USHUAIA
TX-001268,CLI-00253,2024-11-05,Aberturas,2,150866.62,App,Transferencia,Río Grande
TX-001266,CLI-00577,2024-11-05,Pinturas y revestimientos,2,96669.12,Telefónico,Cuenta corriente,Río Grande
TX-001265,CLI-00079,2024-11-05,Pisos y cerámicos,16,159835.96,Web,Tarjeta de crédito,Ushuaia
TX-001264,CLI-01205,2024-11-05,Ferretería general,10,27085.9,Web,Tarjeta de débito,Río Grande
TX-001262,CLI-00065,2024-11-05,Herramientas manuales,2,28414.49,Web,Transferencia,Ushuaia
TX-001261,CLI-00160,2024-11-05,Herramientas manuales,16,181031.43,Web,Transferencia,Río Grande
TX-001258,CLI-00276,2024-11-05,Seguridad e indumentaria,2,88424.22,Telefónico,Transferencia,Ushuaia
TX-001248,CLI-01262,2024-11-05,Seguridad e indumentaria,2,40197.21,Web,Transferencia,USHUAIA
TX-001256,CLI-00068,2024-11-05,Electricidad e iluminación,5,146529.25,Web,Transferencia,Río Grande
TX-001254,CLI-00633,2024-11-05,Ferretería general,9,46449.09,Web,Tarjeta de débito,RÍO GRANDE
TX-001253,CLI-00275,2024-11-05,Herramientas manuales,4,61351.46,App,Tarjeta de crédito,Ushuaia
TX-001252,CLI-01146,2024-11-05,Electricidad e iluminación,5,145389.69,App,Cuenta corriente,Río Grande
TX-001251,CLI-01049,2024-11-05,Pisos y cerámicos,17,568433.42,App,Transferencia,Río Grande
TX-001250,CLI-00508,2024-11-05,Pinturas y revestimientos,4,53534.01,Web,Tarjeta de débito,Ushuaia
TX-001247,CLI-00068,2024-11-05,Electricidad e iluminación,8,,Telefónico,Cuenta corriente,Río Grande
TX-001257,CLI-00199,2024-11-05,Electricidad e iluminación,6,83226.22,Web,Cuenta corriente,Río Grande
TX-001284,CLI-01284,2024-11-06,Cemento y áridos,15,106263.21,Web,Transferencia,ushuaia
TX-001290,CLI-00101,2024-11-06,Aberturas,6,475210.74,Web,Transferencia,Río Grande
TX-001288,CLI-00758,2024-11-06,Ferretería general,4,13083.51,Web,Transferencia,Rio Grande
TX-001287,CLI-00759,2024-11-06,Aberturas,4,532374.84,Telefónico,Tarjeta de crédito,Ushuaia
TX-001286,CLI-00577,2024-11-06,Pinturas y revestimientos,2,76176.14,App,Cuenta corriente,río grande
TX-001282,CLI-00911,2024-11-06,Pisos y cerámicos,2,28955.8,Web,Tarjeta de débito,Río Grande
TX-001270,CLI-01324,2024-11-06,Herramientas manuales,5,43042.35,Web,Tarjeta de crédito,Ushuaia
TX-001279,CLI-00698,2024-11-06,Herramientas manuales,3,47184.78,App,Tarjeta de débito,Río Grande
TX-001281,CLI-01129,2024-11-06,Aberturas,4,347633.2,Web,Transferencia,Ushuaia
TX-001272,CLI-00439,2024-11-06,Herramientas manuales,4,52299.32,Web,Transferencia,Río Grande
TX-001269,CLI-01304,2024-11-06,Aberturas,3,305483.78,Web,Tarjeta de débito,Ushuaia
TX-001275,CLI-00785,2024-11-06,Cemento y áridos,15,112120.95,Web,Transferencia,Ushuaia
TX-001274,CLI-00273,2024-11-06,Herramientas manuales,3,84069.8,App,Transferencia,Río Grande
TX-001276,CLI-01153,2024-11-06,Seguridad e indumentaria,1,33063.72,Web,Transferencia,Río Grande
TX-001312,CLI-00336,2024-11-07,Herramientas manuales,6,68160.52,Web,Transferencia,Ushuaia
TX-001311,CLI-00729,2024-11-07,Herramientas manuales,2,21724.3,Web,Tarjeta de crédito,Río Grande
TX-001310,CLI-01202,2024-11-07,Sanitarios y grifería,3,116595.7,App,Transferencia,Tolhuin
TX-001309,CLI-00063,2024-11-07,Pinturas y revestimientos,2,47261.56,Web,Tarjeta de crédito,Ushuaia
TX-001306,CLI-00935,2024-11-07,Plomería y caños,117,2317600.66,Telefónico,Tarjeta de crédito,Río Grande
TX-001304,CLI-00954,2024-11-07,Sanitarios y grifería,3,136829.68,App,Tarjeta de débito,Rio Grande
TX-001308,CLI-00499,2024-11-07,Herramientas eléctricas,2,400755.02,Telefónico,Tarjeta de débito,río grande
TX-001299,CLI-01347,2024-11-07,Sanitarios y grifería,6,886330.02,App,Cuenta corriente,Río Grande
TX-001300,CLI-00689,2024-11-07,Cemento y áridos,34,483562.71,Telefónico,Tarjeta de crédito,río grande
TX-001292,CLI-00619,2024-11-07,Ferretería general,15,55314.42,Web,Transferencia,Ushuaia
TX-001293,CLI-00813,2024-11-07,Sanitarios y grifería,5,603782.8,Web,Tarjeta de crédito,Río Grande
TX-001305,CLI-00413,2024-11-07,Maderas y tableros,12,366187.37,Web,Transferencia,Río Grande
TX-001296,CLI-00527,2024-11-07,Electricidad e iluminación,2,,App,Transferencia,Ushuaia
TX-001297,CLI-00577,2024-11-07,Sanitarios y grifería,2,132089.54,Telefónico,Cuenta corriente,Río Grande
TX-001298,CLI-01092,2024-11-07,Cemento y áridos,5,74783.29,App,Cuenta corriente,Río Grande
TX-001295,CLI-00392,2024-11-07,Ferretería general,10,97842.02,Telefónico,Cuenta corriente,Río Grande
TX-001325,CLI-00617,2024-11-08,Seguridad e indumentaria,3,62320.32,Web,Tarjeta de débito,Río Grande
TX-001335,CLI-01051,2024-11-08,Ferretería general,4,30466.65,Telefónico,Transferencia,Río Grande
TX-001334,CLI-00444,2024-11-08,Sanitarios y grifería,16,1679578.77,Telefónico,Cuenta corriente,Ushuaia
TX-001333,CLI-00408,2024-11-08,Pisos y cerámicos,8,140333.05,Web,Transferencia,Tolhuin
TX-001332,CLI-00723,2024-11-08,Pinturas y revestimientos,6,151367.06,Web,Tarjeta de crédito,Río Grande
TX-001331,CLI-00768,2024-11-08,Ferretería general,2,7457.28,App,Transferencia,Río Grande
TX-001329,CLI-00507,2024-11-08,Ferretería general,3,9190.8,Web,Transferencia,Río Grande
TX-001328,CLI-00932,2024-11-08,Maderas y tableros,7,205005.01,App,Cuenta corriente,Río Grande
TX-001336,CLI-00956,2024-11-08,Pisos y cerámicos,19,302824.65,Web,Transferencia,Ushuaia
TX-001323,CLI-00427,2024-11-08,Cemento y áridos,18,133049.52,Web,transf.,Río Grande
TX-001322,CLI-00847,2024-11-08,Herramientas manuales,7,70572.88,Web,Tarjeta de débito,Ushuaia
TX-001324,CLI-00666,2024-11-08,Pinturas y revestimientos,2,36957.96,Web,Tarjeta de crédito,RÍO GRANDE
TX-001313,CLI-01214,2024-11-08,Electricidad e iluminación,6,50982.32,Web,Tarjeta de crédito,Río Grande
TX-001314,CLI-00794,2024-11-08,Plomería y caños,15,126841.02,Web,Transferencia,Río Grande
TX-001315,CLI-00959,2024-11-08,Cemento y áridos,15,149845.23,Web,Transferencia,ushuaia
TX-001319,CLI-00984,2024-11-08,Herramientas manuales,1,14916.81,Web,Transferencia,Río Grande
TX-001317,CLI-01085,2024-11-08,Ferretería general,2,8892.76,App,Efectivo en sucursal,Río Grande
TX-001318,CLI-00334,2024-11-08,Aberturas,2,175163.52,Web,Tarjeta de débito,Río Grande
TX-001316,CLI-00982,2024-11-08,Maderas y tableros,11,294805.75,App,Transferencia,Ushuaia
TX-001320,CLI-00296,2024-11-08,Plomería y caños,3,18025.75,Web,Tarjeta de crédito,Río Grande
TX-001353,CLI-00636,2024-11-09,Seguridad e indumentaria,4,92567.53,Web,Tarjeta de crédito,Ushuaia
TX-001351,CLI-00988,2024-11-09,Plomería y caños,9,64109.7,Web,Transferencia,Río Grande
TX-001349,CLI-00481,2024-11-09,Ferretería general,4,22537.46,Telefónico,Transferencia,río grande
TX-001348,CLI-00732,2024-11-09,Ferretería general,9,36662.2,Web,Transferencia,Río Grande
TX-001346,CLI-00486,2024-11-09,Plomería y caños,2,11432.73,Web,Tarjeta de débito,Ushuaia
TX-001352,CLI-00242,2024-11-09,Sanitarios y grifería,4,117052.31,Web,Transferencia,Ushuaia
TX-001343,CLI-01002,2024-11-09,Herramientas manuales,2,46804.88,App,Cuenta corriente,Río Grande
TX-001342,CLI-01051,2024-11-09,Aberturas,9,1869159.24,Telefónico,Efectivo en sucursal,RÍO GRANDE
TX-001341,CLI-01239,2024-11-09,Sanitarios y grifería,4,289438.5,Telefónico,Cuenta corriente,Río Grande
TX-001340,CLI-00793,2024-11-09,Maderas y tableros,29,830022.0,Telefónico,Cuenta corriente,río grande
TX-001339,CLI-01347,2024-11-09,Herramientas manuales,9,310846.14,Telefónico,Tarjeta de débito,Río Grande
TX-001338,CLI-00064,2024-11-09,Electricidad e iluminación,3,35224.51,Telefónico,Transferencia,Ushuaia
TX-001344,CLI-01049,2024-11-09,Pisos y cerámicos,7,311965.54,App,Tarjeta de débito,Río Grande
TX-001357,CLI-01029,2024-11-10,Plomería y caños,4,21200.18,Web,Transferencia,Río Grande
TX-001364,CLI-00912,2024-11-10,Pinturas y revestimientos,4,139840.68,Web,Cuenta corriente,Tolhuin
TX-001363,CLI-00546,2024-11-10,Sanitarios y grifería,7,531840.47,Telefónico,Efectivo en sucursal,Río Grande
TX-001362,CLI-00694,2024-11-10,Herramientas manuales,2,53426.24,Web,Tarjeta de débito,Río Grande
TX-001357,CLI-01029,2024-11-10,Plomería y caños,4,21200.18,Web,Transferencia,Río Grande
TX-001356,CLI-00194,2024-11-10,Plomería y caños,6,163036.7,Telefónico,Tarjeta de crédito,RÍO GRANDE
TX-001355,CLI-01332,2024-11-10,Cemento y áridos,41,515191.45,App,Tarjeta de crédito,Ushuaia
TX-001354,CLI-01044,2024-11-10,Cemento y áridos,7,111085.85,Telefónico,Transferencia,río grande
TX-001360,CLI-01063,2024-11-10,Herramientas eléctricas,2,308119.49,Web,Tarjeta de crédito,Río Grande
TX-001387,CLI-00276,2024-11-11,Cemento y áridos,14,257587.89,Telefónico,Cuenta corriente,Ushuaia
TX-001385,CLI-00357,2024-11-11,Pinturas y revestimientos,3,145836.12,Telefónico,transf.,Ushuaia
TX-001381,CLI-00351,2024-11-11,Cemento y áridos,18,358343.68,Telefónico,Cuenta corriente,Río Grande
TX-001378,CLI-00348,2024-11-11,Ferretería general,5,28962.64,App,Cuenta corriente,Tolhuin
TX-001386,CLI-00621,2024-11-11,Seguridad e indumentaria,5,232854.5,Telefónico,Cuenta corriente,Río Grande
TX-001374,CLI-00489,2024-11-11,Cemento y áridos,10,111619.9,Web,Transferencia,río grande
TX-001376,CLI-00356,2024-11-11,Electricidad e iluminación,5,114956.1,Telefónico,Transferencia,Río Grande 
TX-001366,CLI-00444,2024-11-11,Sanitarios y grifería,4,235772.71,Telefónico,Cuenta corriente,Ushuaia
TX-001367,CLI-00560,2024-11-11,Seguridad e indumentaria,4,244145.57,App,Transferencia,río grande
TX-001379,CLI-00357,2024-11-11,Maderas y tableros,3,114915.45,App,Cuenta corriente,Ushuaia
TX-001369,CLI-01146,2024-11-11,Electricidad e iluminación,7,137568.11,Telefónico,Tarjeta de crédito,Río Grande
TX-001368,CLI-00233,2024-11-11,Plomería y caños,27,119534.33,App,Tarjeta de crédito,Río Grande
TX-001371,CLI-00732,2024-11-11,Pinturas y revestimientos,2,53371.49,Web,Tarjeta de crédito,Río Grande
TX-001411,CLI-00392,2024-11-12,Ferretería general,11,52641.84,App,Cuenta corriente,Río Grande
TX-001409,CLI-01044,2024-11-12,Pisos y cerámicos,22,514258.44,Telefónico,Cuenta corriente,RÍO GRANDE
TX-001408,CLI-00515,2024-11-12,Sanitarios y grifería,5,425337.72,App,Cuenta corriente,Río Grande
TX-001407,CLI-00670,2024-11-12,Herramientas manuales,3,43776.15,Web,Tarjeta de débito,Ushuaia
TX-001406,CLI-00883,2024-11-12,Seguridad e indumentaria,14,1284801.21,Telefónico,Transferencia,Río Grande
TX-001404,CLI-00494,2024-11-12,Plomería y caños,2,23143.04,Web,Tarjeta de crédito,Tolhuin
TX-001403,CLI-00596,2024-11-12,Pinturas y revestimientos,12,375227.16,Telefónico,Cuenta corriente,Río Grande
TX-001401,CLI-00406,2024-11-12,Electricidad e iluminación,5,36186.42,Web,Tarjeta de débito,Río Grande
TX-001400,CLI-00208,2024-11-12,Maderas y tableros,4,64263.72,App,Tarjeta de crédito,Río Grande
TX-001405,CLI-00650,2024-11-12,Pinturas y revestimientos,2,40398.25,Web,Tarjeta de débito,Ushuaia
TX-001398,CLI-00684,2024-11-12,Herramientas manuales,4,62144.42,Web,transf.,Río Grande
TX-001399,CLI-00439,2024-11-12,Ferretería general,2,10404.01,App,Efectivo en sucursal,Río Grande
TX-001388,CLI-01013,2024-11-12,Sanitarios y grifería,1,125569.19,Telefónico,Cuenta corriente,ushuaia
TX-001389,CLI-00828,2024-11-12,Ferretería general,12,91275.58,Telefónico,Cuenta corriente,Ushuaia
TX-001390,CLI-00299,2024-11-12,Herramientas eléctricas,2,129095.27,Web,Tarjeta de crédito,Ushuaia
TX-001391,CLI-01114,2024-11-12,Electricidad e iluminación,13,108424.89,Web,Tarjeta de débito,Ushuaia
TX-001402,CLI-00029,2024-11-12,Herramientas manuales,2,37938.24,App,Tarjeta de débito,Río Grande
TX-001394,CLI-00448,2024-11-12,Cemento y áridos,22,421196.49,Web,Cuenta corriente,Río Grande
TX-001395,CLI-00448,2024-11-12,Maderas y tableros,3,,Telefónico,Cuenta corriente,Río Grande
TX-001396,CLI-00708,2024-11-12,Cemento y áridos,69,1268216.79,Web,Cuenta corriente,Rio Grande
TX-001397,CLI-00190,2024-11-12,Plomería y caños,12,64792.53,Web,Tarjeta de débito,Ushuaia
TX-001393,CLI-00142,2024-11-12,Cemento y áridos,14,187946.05,Telefónico,Tarjeta de débito,Río Grande
TX-001438,CLI-01104,2024-11-13,Herramientas manuales,3,86840.11,Telefónico,Cuenta corriente,Río Grande
TX-001437,CLI-00093,2024-11-13,Herramientas manuales,7,116353.98,Web,Transferencia,Río Grande
TX-001436,CLI-00076,2024-11-13,Herramientas manuales,6,53097.49,Web,Tarjeta de débito,Ushuaia
TX-001435,CLI-00997,2024-11-13,Herramientas manuales,1,16839.79,Web,transf.,Río Grande
TX-001434,CLI-01083,2024-11-13,Maderas y tableros,21,560107.86,Web,Tarjeta de débito,Río Grande
TX-001433,CLI-00847,2024-11-13,Plomería y caños,8,39695.06,Web,Tarjeta de crédito,Ushuaia
TX-001432,CLI-00386,2024-11-13,Seguridad e indumentaria,13,725132.82,App,Transferencia,Río Grande
TX-001431,CLI-00955,2024-11-13,Ferretería general,8,36657.66,Web,Tarjeta de crédito,Río Grande
TX-001430,CLI-00598,2024-11-13,Seguridad e indumentaria,2,95179.3,Telefónico,Transferencia,Ushuaia
TX-001429,CLI-00198,2024-11-13,Ferretería general,5,12571.57,Web,,Tolhuin
TX-001428,CLI-00387,2024-11-13,Plomería y caños,2,17839.66,App,Tarjeta de débito,Río Grande
TX-001426,CLI-00260,2024-11-13,Seguridad e indumentaria,1,33240.61,Web,Tarjeta de débito,Río Grande
TX-001427,CLI-00305,2024-11-13,Herramientas manuales,6,125548.12,Telefónico,Transferencia,río grande
TX-001415,CLI-00280,2024-11-13,Ferretería general,4,14515.16,Web,Tarjeta de débito,Río Grande
TX-001416,CLI-00528,2024-11-13,Maderas y tableros,8,143296.11,App,Tarjeta de débito,USHUAIA
TX-001417,CLI-01310,2024-11-13,Pisos y cerámicos,4,92615.83,Telefónico,Transferencia,Río Grande
TX-001418,CLI-00935,2024-11-13,Ferretería general,6,37606.77,App,Cuenta corriente,Río Grande
TX-001414,CLI-00740,2024-11-13,Electricidad e iluminación,3,31361.58,Web,Tarjeta de crédito,Río Grande
TX-001420,CLI-01153,2024-11-13,Ferretería general,1,3770.94,Web,Tarjeta de crédito,Río Grande
TX-001421,CLI-01310,2024-11-13,Pinturas y revestimientos,2,83609.38,App,Transferencia,Río Grande
TX-001424,CLI-00500,2024-11-13,Herramientas manuales,7,175843.71,Telefónico,Cuenta corriente,USHUAIA
TX-001425,CLI-00619,2024-11-13,Ferretería general,4,10149.93,Web,Tarjeta de débito,USHUAIA
TX-001419,CLI-00575,2024-11-13,Pinturas y revestimientos,2,79590.66,Telefónico,Cuenta corriente,Río Grande
TX-001457,CLI-00883,2024-11-14,Ferretería general,11,145646.36,App,Tarjeta de crédito,RÍO GRANDE
TX-001468,CLI-00558,2024-11-14,Pinturas y revestimientos,3,37213.69,App,Tarjeta de débito,Río Grande
TX-001467,CLI-00596,2024-11-14,Ferretería general,77,515524.42,App,Transferencia,Río Grande
TX-001464,CLI-00982,2024-11-14,Maderas y tableros,4,123957.65,Web,Cuenta corriente,Ushuaia
TX-001463,CLI-00798,2024-11-14,Herramientas manuales,2,19698.9,Web,Cuenta corriente,ushuaia
TX-001462,CLI-00436,2024-11-14,Cemento y áridos,11,98954.9,Web,Tarjeta de crédito,Río Grande
TX-001461,CLI-01154,2024-11-14,Herramientas manuales,4,73841.31,App,Tarjeta de crédito,Río Grande
TX-001459,CLI-00828,2024-11-14,,5,173131.41,Web,Tarjeta de crédito,USHUAIA
TX-001458,CLI-00338,2024-11-14,Sanitarios y grifería,4,148358.65,Web,Tarjeta de débito,Río Grande
TX-001455,CLI-00883,2024-11-14,Plomería y caños,10,226305.46,App,Cuenta corriente,Río Grande
TX-001452,CLI-01119,2024-11-14,Electricidad e iluminación,11,363110.14,Web,Transferencia,Ushuaia
TX-001453,CLI-00413,2024-11-14,Cemento y áridos,43,789323.94,App,Cuenta corriente,Río Grande
TX-001439,CLI-00755,2024-11-14,Ferretería general,18,68274.93,Web,Tarjeta de débito,Tolhuin
TX-001440,CLI-00207,2024-11-14,Cemento y áridos,7,68232.52,Web,Tarjeta de crédito,Río Grande 
TX-001454,CLI-00862,2024-11-14,Cemento y áridos,25,554989.79,Telefónico,Cuenta corriente,Ushuaia
TX-001442,CLI-00930,2024-11-14,Ferretería general,6,47645.24,App,Cuenta corriente,río grande
TX-001444,CLI-00773,2024-11-14,Ferretería general,1,4353.1,Web,Tarjeta de crédito,Río Grande
TX-001441,CLI-00919,2024-11-14,Plomería y caños,2,13375.97,Web,Tarjeta de débito,Río Grande
TX-001446,CLI-00232,2024-11-14,Sanitarios y grifería,8,563880.42,Web,Transferencia,RÍO GRANDE
TX-001449,CLI-01056,2024-11-14,Sanitarios y grifería,2,79494.44,Web,Tarjeta de débito,TOLHUIN
TX-001450,CLI-00860,2024-11-14,Maderas y tableros,9,210612.15,App,Cuenta corriente,Río Grande
TX-001451,CLI-00723,2024-11-14,Ferretería general,10,33489.93,Telefónico,Tarjeta de débito,Río Grande
TX-001445,CLI-00596,2024-11-14,Seguridad e indumentaria,3,154618.92,Telefónico,Cuenta corriente,RÍO GRANDE
TX-001483,CLI-00559,2024-11-15,Pinturas y revestimientos,2,45425.82,Web,Tarjeta de crédito,Ushuaia
TX-001488,CLI-01092,2024-11-15,Plomería y caños,14,218909.13,App,Transferencia,Rio Grande
TX-001487,CLI-00172,2024-11-15,Electricidad e iluminación,6,280240.67,App,Transferencia,Tolhuin
TX-001486,CLI-01096,2024-11-15,Maderas y tableros,10,193049.67,Web,T. crédito,Ushuaia
TX-001485,CLI-01160,2024-11-15,Pinturas y revestimientos,5,119482.5,App,Tarjeta de crédito,Ushuaia
TX-001484,CLI-01165,2024-11-15,Herramientas manuales,8,216545.01,Telefónico,Efectivo en sucursal,Ushuaia
TX-001480,CLI-00577,2024-11-15,Pisos y cerámicos,3,-78164.63,Telefónico,Cuenta corriente,Río Grande
TX-001478,CLI-00325,2024-11-15,Herramientas manuales,2,22636.09,App,Tarjeta de crédito,Río Grande
TX-001477,CLI-01320,2024-11-15,Pinturas y revestimientos,7,115577.45,Web,Tarjeta de débito,Tolhuin
TX-001469,CLI-01347,2024-11-15,Cemento y áridos,21,548858.35,Web,Cuenta corriente,Río Grande
TX-001471,CLI-01063,2024-11-15,Electricidad e iluminación,5,69089.6,Web,Transferencia,Río Grande
TX-001472,CLI-00058,2024-11-15,Herramientas manuales,2,31239.98,App,,Río Grande 
TX-001470,CLI-00068,2024-11-15,Ferretería general,6,54231.52,App,Cuenta corriente,río grande
TX-001474,CLI-00911,2024-11-15,Sanitarios y grifería,2,85094.51,Web,Tarjeta de débito,Río Grande
TX-001475,CLI-00305,2024-11-15,Pinturas y revestimientos,24,989319.24,App,Cuenta corriente,Río Grande
TX-001476,CLI-00281,2024-11-15,Electricidad e iluminación,2,40222.46,Telefónico,Cuenta corriente,Ushuaia
TX-001473,CLI-00155,2024-11-15,Ferretería general,5,15859.94,Web,Transferencia,Río Grande
TX-001507,CLI-00604,2024-11-16,Electricidad e iluminación,5,50731.51,Telefónico,Tarjeta de débito,Ushuaia
TX-001515,CLI-00047,2024-11-16,Pinturas y revestimientos,4,,App,Tarjeta de crédito,Ushuaia
TX-001514,CLI-00130,2024-11-16,Herramientas manuales,10,74203.42,Web,Tarjeta de débito,Ushuaia
TX-001513,CLI-00194,2024-11-16,Seguridad e indumentaria,2,208576.61,App,Cuenta corriente,Río Grande
TX-001511,CLI-00992,2024-11-16,Pinturas y revestimientos,19,830149.79,App,Cuenta corriente,Río Grande
TX-001510,CLI-01199,2024-11-16,Cemento y áridos,35,673546.73,Telefónico,Transferencia,Río Grande
TX-001508,CLI-00613,2024-11-16,Sanitarios y grifería,2,149039.69,Telefónico,Tarjeta de crédito,Ushuaia
TX-001506,CLI-00448,2024-11-16,Cemento y áridos,24,489679.45,Telefónico,Cuenta corriente,Río Grande
TX-001509,CLI-00130,2024-11-16,Maderas y tableros,9,94322.69,Web,Tarjeta de débito,Ushuaia
TX-001503,CLI-01310,2024-11-16,Plomería y caños,5,63036.09,Telefónico,Tarjeta de crédito,Rio Grande
TX-001502,CLI-00305,2024-11-16,Sanitarios y grifería,13,1007743.41,Telefónico,Transferencia,Río Grande
TX-001500,CLI-01332,2024-11-16,Cemento y áridos,27,388225.59,Telefónico,Cuenta corriente,Ushuaia
TX-001492,CLI-00701,2024-11-16,Ferretería general,3,25536.63,Web,Cuenta corriente,Río Grande
TX-001499,CLI-01279,2024-11-16,Maderas y tableros,3,38460.95,Web,Tarjeta de débito,Río Grande
TX-001498,CLI-00883,2024-11-16,Plomería y caños,3,48530.82,App,Efectivo en sucursal,Río Grande
TX-001496,CLI-01024,2024-11-16,Electricidad e iluminación,10,57743.39,Web,Transferencia,USHUAIA
TX-001495,CLI-01049,2024-11-16,Electricidad e iluminación,11,280579.32,Telefónico,Cuenta corriente,Río Grande
TX-001494,CLI-00351,2024-11-16,Seguridad e indumentaria,6,263964.52,App,Transferencia,Río Grande
TX-001493,CLI-00776,2024-11-16,Ferretería general,9,43854.84,App,Tarjeta de crédito,Río Grande
TX-001505,CLI-00448,2024-11-16,Maderas y tableros,8,276627.23,Telefónico,Transferencia,Río Grande
TX-001521,CLI-00029,2024-11-17,Seguridad e indumentaria,3,805935.27,Web,Tarjeta de débito,Río Grande
TX-001518,CLI-00302,2024-11-17,Herramientas manuales,14,200429.92,App,Transferencia,Río Grande
TX-001516,CLI-00509,2024-11-17,Herramientas manuales,2,26992.66,App,Efectivo en sucursal,Río Grande
TX-001520,CLI-01123,2024-11-17,Ferretería general,8,24914.1,Web,Transferencia,Río Grande
TX-001550,CLI-00841,2024-11-18,Electricidad e iluminación,10,212093.73,Telefónico,Tarjeta de crédito,Ushuaia
TX-001549,CLI-00356,2024-11-18,Pisos y cerámicos,9,195300.23,Telefónico,Cuenta corriente,Río Grande
TX-001548,CLI-00141,2024-11-18,Ferretería general,3,10955.19,App,Transferencia,río grande
TX-001547,CLI-00639,2024-11-18,Sanitarios y grifería,1,30337.91,Web,Efectivo en sucursal,Tolhuin
TX-001546,CLI-00584,2024-11-18,Electricidad e iluminación,4,25017.76,Web,Transferencia,Río Grande
TX-001545,CLI-00146,2024-11-18,Sanitarios y grifería,2,80942.6,Web,Tarjeta de débito,RÍO GRANDE
TX-001541,CLI-01294,2024-11-18,Seguridad e indumentaria,1,31175.98,Web,Transferencia,Río Grande
TX-001543,CLI-00348,2024-11-18,Electricidad e iluminación,6,118649.85,Telefónico,Efectivo en sucursal,Tolhuin
TX-001542,CLI-00665,2024-11-18,Plomería y caños,6,57131.64,Web,Tarjeta de crédito,Ushuaia
TX-001540,CLI-00322,2024-11-18,Plomería y caños,12,157135.81,App,Transferencia,Río Grande
TX-001532,CLI-00755,2024-11-18,Seguridad e indumentaria,4,-101444.16,App,Transferencia,Tolhuin
TX-001536,CLI-01035,2024-11-18,Pisos y cerámicos,6,125949.5,Web,Tarjeta de crédito,Río Grande
TX-001522,CLI-01332,2024-11-18,Pisos y cerámicos,17,536090.33,Telefónico,Tarjeta de crédito,Ushuaia
TX-001523,CLI-00539,2024-11-18,Pinturas y revestimientos,5,108132.9,Telefónico,Transferencia,RÍO GRANDE
TX-001524,CLI-01165,2024-11-18,Cemento y áridos,62,953527.04,App,Tarjeta de crédito,Ushuaia
TX-001526,CLI-00616,2024-11-18,Electricidad e iluminación,5,38639.73,Web,Transferencia,Ushuaia
TX-001527,CLI-00394,2024-11-18,Plomería y caños,6,79181.25,Web,Transferencia,Ushuaia
TX-001537,CLI-00665,2024-11-18,Ferretería general,3,16955.93,Web,Tarjeta de crédito,Ushuaia
TX-001531,CLI-00860,2024-11-18,Electricidad e iluminación,9,144761.21,Telefónico,Cuenta corriente,Río Grande
TX-001533,CLI-01161,2024-11-18,Ferretería general,9,33924.9,Web,Tarjeta de débito,Ushuaia
TX-001534,CLI-00501,2024-11-18,Sanitarios y grifería,3,91493.85,App,Tarjeta de crédito,Río Grande
TX-001535,CLI-01332,2024-11-18,Electricidad e iluminación,9,203631.08,App,Transferencia,ushuaia
TX-001530,CLI-01277,2024-11-18,Herramientas manuales,2,27178.97,App,Tarjeta de crédito,Ushuaia
TX-001570,CLI-00879,2024-11-19,Pisos y cerámicos,30,1551794.91,Telefónico,Cuenta corriente,Río Grande
TX-001578,CLI-00898,2024-11-19,Pisos y cerámicos,2,28345.12,Web,Transferencia,Ushuaia
TX-001577,CLI-00036,2024-11-19,Ferretería general,4,11413.11,Web,Tarjeta de débito,Río Grande
TX-001576,CLI-00718,2024-11-19,Herramientas manuales,2,21697.49,App,Tarjeta de crédito,Rio Grande
TX-001575,CLI-01014,2024-11-19,Cemento y áridos,54,959325.52,Telefónico,Tarjeta de débito,Río Grande
TX-001574,CLI-00994,2024-11-19,Cemento y áridos,13,121889.88,Web,Tarjeta de débito,Río Grande
TX-001573,CLI-00119,2024-11-19,Electricidad e iluminación,15,172011.11,Web,Tarjeta de crédito,Tolhuin
TX-001572,CLI-00710,2024-11-19,Electricidad e iluminación,2,16220.58,App,Tarjeta de crédito,Río Grande
TX-001571,CLI-00444,2024-11-19,Cemento y áridos,8,124954.48,App,Cuenta corriente,Ushuaia
TX-001567,CLI-00823,2024-11-19,Ferretería general,3,11840.55,Web,Transferencia,Río Grande
TX-001569,CLI-00453,2024-11-19,Electricidad e iluminación,8,134085.83,Telefónico,Tarjeta de crédito,río grande
TX-001555,CLI-01091,2024-11-19,Aberturas,2,143111.16,App,T. débito,Río Grande
TX-001563,CLI-00444,2024-11-19,Plomería y caños,4,56092.83,Telefónico,Transferencia,ushuaia
TX-001562,CLI-00076,2024-11-19,Cemento y áridos,5,41965.91,App,Transferencia,Ushuaia
TX-001561,CLI-00127,2024-11-19,Seguridad e indumentaria,8,217170.13,App,Efectivo en sucursal,Ushuaia
TX-001560,CLI-01317,2024-11-19,Ferretería general,3,9710.57,App,Tarjeta de crédito,Tolhuin
TX-001559,CLI-01347,2024-11-19,Pisos y cerámicos,8,343173.34,App,Cuenta corriente,Río Grande
TX-001557,CLI-00189,2024-11-19,Sanitarios y grifería,5,294485.09,Web,Tarjeta de débito,USHUAIA
TX-001556,CLI-00575,2024-11-19,Pinturas y revestimientos,10,396193.27,Telefónico,Tarjeta de crédito,Río Grande
TX-001552,CLI-00345,2024-11-19,Ferretería general,23,183142.69,App,Transferencia,río grande
TX-001554,CLI-01084,2024-11-19,Maderas y tableros,6,278463.69,Telefónico,Cuenta corriente,Ushuaia
TX-001553,CLI-00765,2024-11-19,Sanitarios y grifería,4,158500.46,Web,Tarjeta de débito,Río Grande
TX-001564,CLI-00439,2024-11-19,Pisos y cerámicos,19,223800.67,App,Tarjeta de crédito,Río Grande
TX-001603,CLI-00212,2024-11-20,Maderas y tableros,11,294420.68,Web,Tarjeta de débito,Río Grande
TX-001601,CLI-00276,2024-11-20,Seguridad e indumentaria,3,103919.41,App,Cuenta corriente,Ushuaia
TX-001605,CLI-01067,2024-11-20,Ferretería general,3,12525.39,Web,Cuenta corriente,Tolhuin
TX-001602,CLI-00740,2024-11-20,Electricidad e iluminación,8,91011.81,App,Tarjeta de débito,Río Grande
TX-001606,CLI-00754,2024-11-20,Sanitarios y grifería,2,67820.27,Telefónico,Tarjeta de débito,Río Grande
TX-001614,CLI-00289,2024-11-20,Plomería y caños,47,587910.4,Telefónico,Cuenta corriente,Río Grande
TX-001609,CLI-00629,2024-11-20,Plomería y caños,15,176774.42,Telefónico,Cuenta corriente,Río Grande
TX-001611,CLI-00758,2024-11-20,Herramientas eléctricas,3,337601.69,Web,Tarjeta de crédito,Río Grande 
TX-001612,CLI-00115,2024-11-20,Maderas y tableros,1,14763.42,Web,Transferencia,Tolhuin
TX-001613,CLI-00762,2024-11-20,Ferretería general,2,7406.53,Web,Transferencia,Río Grande
TX-001608,CLI-00427,2024-11-20,Herramientas manuales,3,29492.37,App,Tarjeta de crédito,Río Grande
TX-001600,CLI-00526,2024-11-20,Maderas y tableros,5,73586.07,Web,Transferencia,ushuaia
TX-001584,CLI-00302,2024-11-20,Herramientas manuales,1,15929.76,Web,Transferencia,Río Grande
TX-001598,CLI-01165,2024-11-20,Seguridad e indumentaria,4,174374.14,App,Transferencia,Ushuaia
TX-001599,CLI-00176,2024-11-20,Plomería y caños,4,31076.46,Web,Tarjeta de débito,Río Grande
TX-001580,CLI-01309,2024-11-20,Herramientas manuales,6,89019.11,Web,Tarjeta de crédito,Río Grande
TX-001582,CLI-01265,2024-11-20,Sanitarios y grifería,3,198047.83,Telefónico,Cuenta corriente,Tolhuin
TX-001583,CLI-00232,2024-11-20,Electricidad e iluminación,10,160854.46,Telefónico,Tarjeta de crédito,Río Grande
TX-001586,CLI-00300,2024-11-20,Maderas y tableros,35,1964610.83,Web,Cuenta corriente,Ushuaia
TX-001588,CLI-01033,2024-11-20,Seguridad e indumentaria,4,,Telefónico,Transferencia,Tolhuin
TX-001579,CLI-00334,2024-11-20,Herramientas eléctricas,2,214076.1,Telefónico,Tarjeta de débito,RÍO GRANDE
TX-001590,CLI-00910,2024-11-20,Seguridad e indumentaria,1,25183.39,Web,Tarjeta de crédito,Río Grande
TX-001591,CLI-00178,2024-11-20,Maderas y tableros,42,1489311.74,Web,Transferencia,Ushuaia
TX-001592,CLI-00546,2024-11-20,Plomería y caños,12,175666.51,Telefónico,transf.,Río Grande
TX-001595,CLI-01128,2024-11-20,Cemento y áridos,37,317891.87,App,Tarjeta de crédito,Río Grande
TX-001596,CLI-00723,2024-11-20,Ferretería general,18,54290.55,Web,Transferencia,Río Grande
TX-001589,CLI-00686,2024-11-20,Cemento y áridos,15,125413.03,Web,Tarjeta de débito,Ushuaia
TX-001640,CLI-01184,2024-11-21,Electricidad e iluminación,9,90514.61,Web,Transferencia,Río Grande
TX-001641,CLI-00651,2024-11-21,Herramientas manuales,3,27012.05,Web,Tarjeta de débito,Ushuaia
TX-001642,CLI-01093,2024-11-21,Aberturas,6,897297.25,App,Cuenta corriente,Ushuaia
TX-001643,CLI-00572,2024-11-21,Ferretería general,12,28941.3,Web,Transferencia,Río Grande
TX-001645,CLI-00574,2024-11-21,Pinturas y revestimientos,3,45140.97,App,Tarjeta de crédito,Ushuaia
TX-001646,CLI-00800,2024-11-21,Pinturas y revestimientos,2,33978.03,Web,Tarjeta de débito,Río Grande
TX-001649,CLI-00345,2024-11-21,Maderas y tableros,58,1652759.36,Telefónico,Cuenta corriente,Río Grande
TX-001648,CLI-00596,2024-11-21,Pisos y cerámicos,12,212073.86,Telefónico,Cuenta corriente,Río Grande 
TX-001650,CLI-00093,2024-11-21,Ferretería general,4,13430.25,Web,Tarjeta de débito,Río Grande
TX-001651,CLI-00617,2024-11-21,Aberturas,2,191116.26,Web,Tarjeta de crédito,Río Grande
TX-001652,CLI-00720,2024-11-21,Sanitarios y grifería,2,106422.83,App,transf.,Río Grande
TX-001639,CLI-00397,2024-11-21,Ferretería general,7,20077.35,Web,Tarjeta de crédito,Río Grande
TX-001647,CLI-01092,2024-11-21,Electricidad e iluminación,10,192731.61,Telefónico,Efectivo en sucursal,Río Grande
TX-001637,CLI-00665,2024-11-21,Plomería y caños,10,66223.7,Web,Tarjeta de débito,Ushuaia
TX-001621,CLI-01330,2024-11-21,Ferretería general,6,18247.61,App,Efectivo en sucursal,Tolhuin
TX-001635,CLI-01174,2024-11-21,Plomería y caños,11,327467.53,Web,Cuenta corriente,Río Grande
TX-001616,CLI-00225,2024-11-21,Maderas y tableros,2,31239.25,Telefónico,Efectivo en sucursal,Ushuaia
TX-001636,CLI-00984,2024-11-21,Plomería y caños,3,18072.39,App,Tarjeta de débito,Río Grande
TX-001618,CLI-00954,2024-11-21,Pinturas y revestimientos,8,147322.3,App,Tarjeta de crédito,Río Grande
TX-001619,CLI-01119,2024-11-21,Cemento y áridos,27,642559.63,Telefónico,Cuenta corriente,USHUAIA
TX-001615,CLI-01129,2024-11-21,Ferretería general,2,7137.25,Web,Tarjeta de débito,ushuaia
TX-001624,CLI-00568,2024-11-21,Herramientas manuales,15,346054.71,Telefónico,Cuenta corriente,Río Grande
TX-001626,CLI-01270,2024-11-21,Ferretería general,3,9260.74,App,Efectivo en sucursal,Ushuaia
TX-001622,CLI-01013,2024-11-21,Plomería y caños,12,249717.48,Web,Cuenta corriente,Ushuaia
TX-001628,CLI-01344,2024-11-21,Pinturas y revestimientos,14,204413.43,Web,Tarjeta de débito,Río Grande
TX-001629,CLI-00387,2024-11-21,Electricidad e iluminación,2,18123.09,App,Tarjeta de débito,Río Grande
TX-001630,CLI-01241,2024-11-21,Pisos y cerámicos,5,58805.14,App,Tarjeta de crédito,Ushuaia
TX-001631,CLI-00430,2024-11-21,Electricidad e iluminación,2,18481.14,Web,Transferencia,Ushuaia 
TX-001632,CLI-01065,2024-11-21,Electricidad e iluminación,2,20803.35,Web,Tarjeta de crédito,Ushuaia
TX-001634,CLI-01257,2024-11-21,Ferretería general,9,28036.23,App,Cuenta corriente,Ushuaia
TX-001627,CLI-00395,2024-11-21,Aberturas,4,381383.72,Web,Tarjeta de débito,Río Grande
TX-001664,CLI-00276,2024-11-22,Herramientas manuales,10,298091.73,Telefónico,Cuenta corriente,Ushuaia
TX-001668,CLI-00976,2024-11-22,Sanitarios y grifería,2,51423.29,Web,Tarjeta de crédito,Tolhuin
TX-001666,CLI-00170,2024-11-22,Electricidad e iluminación,6,64818.43,Web,Transferencia,Ushuaia
TX-001665,CLI-01258,2024-11-22,Pinturas y revestimientos,4,90161.9,App,Tarjeta de débito,Río Grande
TX-001662,CLI-01035,2024-11-22,Cemento y áridos,16,163329.2,Telefónico,Efectivo en sucursal,Río Grande
TX-001656,CLI-01212,2024-11-22,Pinturas y revestimientos,1,16931.04,App,Tarjeta de débito,Río Grande
TX-001660,CLI-01085,2024-11-22,Pinturas y revestimientos,8,193307.95,Web,Tarjeta de débito,Río Grande
TX-001659,CLI-00962,2024-11-22,Pinturas y revestimientos,2,44454.42,Web,Transferencia,Río Grande
TX-001658,CLI-00525,2024-11-22,Seguridad e indumentaria,2,43098.88,App,Transferencia,Río Grande
TX-001657,CLI-00482,2024-11-22,Ferretería general,9,44855.23,App,Cuenta corriente,RÍO GRANDE
TX-001654,CLI-00509,2024-11-22,Ferretería general,23,87534.14,Telefónico,Tarjeta de crédito,Río Grande
TX-001653,CLI-01239,2024-11-22,Cemento y áridos,22,341661.91,Web,Transferencia,Río Grande
TX-001661,CLI-00180,2024-11-22,Aberturas,3,376839.13,Web,Transferencia,Río Grande
TX-001681,CLI-00453,2024-11-23,Maderas y tableros,6,185915.77,Web,Cuenta corriente,Río Grande
TX-001684,CLI-00139,2024-11-23,Sanitarios y grifería,2,56699.03,App,Tarjeta de débito,Ushuaia
TX-001682,CLI-00155,2024-11-23,Plomería y caños,8,49125.33,Telefónico,Tarjeta de débito,Río Grande
TX-001680,CLI-00212,2024-11-23,Plomería y caños,4,58899.03,Telefónico,Transferencia,Río Grande
TX-001679,CLI-01147,2024-11-23,Pisos y cerámicos,13,114281.02,App,Efectivo en sucursal,Río Grande
TX-001677,CLI-00128,2024-11-23,Pisos y cerámicos,17,525590.79,App,Transferencia,Río Grande
TX-001675,CLI-01146,2024-11-23,Pisos y cerámicos,13,303843.7,Telefónico,Cuenta corriente,RÍO GRANDE
TX-001673,CLI-00963,2024-11-23,Cemento y áridos,4,32972.4,App,Tarjeta de crédito,Ushuaia
TX-001672,CLI-00499,2024-11-23,Herramientas manuales,5,67425.36,App,Transferencia,Río Grande
TX-001670,CLI-01162,2024-11-23,Ferretería general,2,5341.33,App,Efectivo en sucursal,Río Grande
TX-001671,CLI-00976,2024-11-23,Cemento y áridos,46,434130.22,Web,T. débito,Tolhuin
TX-001685,CLI-01128,2024-11-24,Sanitarios y grifería,5,241724.92,Web,Tarjeta de débito,Río Grande
TX-001687,CLI-00068,2024-11-24,Aberturas,4,1095278.89,Telefónico,Cuenta corriente,Río Grande
TX-001688,CLI-01145,2024-11-24,Ferretería general,9,25702.48,App,Transferencia,Ushuaia
TX-001707,CLI-01271,2024-11-25,Herramientas manuales,8,77967.58,Web,Tarjeta de débito,Ushuaia
TX-001706,CLI-01144,2024-11-25,Cemento y áridos,12,143004.19,Web,Transferencia,Río Grande
TX-001705,CLI-01164,2024-11-25,Seguridad e indumentaria,2,60565.93,App,Tarjeta de débito,Río Grande
TX-001704,CLI-00481,2024-11-25,Cemento y áridos,10,125064.59,Telefónico,Tarjeta de crédito,Río Grande
TX-001703,CLI-00750,2024-11-25,Ferretería general,6,22850.34,Web,Transferencia,Ushuaia 
TX-001702,CLI-00232,2024-11-25,Aberturas,13,33508047.65,App,Transferencia,Río Grande
TX-001701,CLI-00979,2024-11-25,Herramientas manuales,1,11569.58,App,Transferencia,Río Grande
TX-001689,CLI-00546,2024-11-25,Pinturas y revestimientos,5,143431.27,App,Transferencia,Río Grande
TX-001698,CLI-01085,2024-11-25,Cemento y áridos,13,114834.61,Web,Tarjeta de crédito,Río Grande
TX-001696,CLI-00194,2024-11-25,Ferretería general,15,162578.71,App,Transferencia,Río Grande
TX-001695,CLI-01086,2024-11-25,Plomería y caños,11,83214.51,Web,Transferencia,Tolhuin
TX-001694,CLI-00036,2024-11-25,Cemento y áridos,10,79001.23,Web,Tarjeta de débito,río grande
TX-001693,CLI-01092,2024-11-25,Herramientas manuales,6,140426.73,Web,Cuenta corriente,Río Grande
TX-001692,CLI-01084,2024-11-25,Ferretería general,2,25769.66,Telefónico,transf.,Ushuaia
TX-001690,CLI-01153,2024-11-25,Herramientas manuales,2,31050.2,Web,Transferencia,Río Grande
TX-001700,CLI-00280,2024-11-25,Electricidad e iluminación,3,26959.88,App,Tarjeta de débito,Río Grande
TX-001722,CLI-00684,2024-11-26,Plomería y caños,15,115225.81,Web,Transferencia,Río Grande
TX-001723,CLI-00883,2024-11-26,Ferretería general,2,17658.41,Web,Tarjeta de débito,Río Grande
TX-001724,CLI-00509,2024-11-26,Pisos y cerámicos,14,276236.98,Web,Tarjeta de crédito,Río Grande
TX-001721,CLI-00289,2024-11-26,Sanitarios y grifería,9,652769.4,App,Cuenta corriente,Río Grande
TX-001728,CLI-01320,2024-11-26,Ferretería general,39,105284.76,Web,Tarjeta de crédito,tolhuin
TX-001729,CLI-01318,2024-11-26,Ferretería general,3,8319.48,Web,Transferencia,Río Grande
TX-001726,CLI-00994,2024-11-26,Pinturas y revestimientos,16,408233.16,Web,Tarjeta de crédito,Río Grande
TX-001720,CLI-00205,2024-11-26,Aberturas,6,629568.53,Web,Transferencia,Ushuaia
TX-001725,CLI-00992,2024-11-26,Cemento y áridos,6,116654.77,Telefónico,Cuenta corriente,Río Grande
TX-001718,CLI-00202,2024-11-26,Cemento y áridos,32,412224.05,App,Transferencia,Ushuaia
TX-001709,CLI-00426,2024-11-26,Aberturas,2,200085.72,Web,Tarjeta de débito,Río Grande
TX-001710,CLI-00304,2024-11-26,Herramientas manuales,9,226645.24,Telefónico,Transferencia,Ushuaia
TX-001711,CLI-00304,2024-11-26,Pinturas y revestimientos,5,155779.13,Telefónico,Transferencia,Ushuaia
TX-001712,CLI-00553,2024-11-26,Ferretería general,3,16415.87,Telefónico,Transferencia,Río Grande
TX-001719,CLI-00055,2024-11-26,Herramientas manuales,2,21280.04,App,Tarjeta de crédito,Río Grande
TX-001713,CLI-00061,2024-11-26,Pinturas y revestimientos,2,38543.67,Web,Tarjeta de débito,Ushuaia
TX-001715,CLI-00456,2024-11-26,Sanitarios y grifería,4,149459.74,App,Cuenta corriente,USHUAIA
TX-001717,CLI-00957,2024-11-26,Ferretería general,5,13047.81,App,Tarjeta de débito,Río Grande
TX-001708,CLI-00858,2024-11-26,Pinturas y revestimientos,1,18071.51,Web,Tarjeta de débito,Ushuaia
TX-001742,CLI-00515,2024-11-27,Pisos y cerámicos,12,332657.45,Web,Cuenta corriente,Río Grande
TX-001750,CLI-00546,2024-11-27,Cemento y áridos,64,1108838.27,Web,Cuenta corriente,Río Grande
TX-001749,CLI-01153,2024-11-27,Aberturas,2,256974.24,Web,Tarjeta de crédito,Río Grande
TX-001748,CLI-00164,2024-11-27,Ferretería general,3,8380.86,Web,Transferencia,TOLHUIN
TX-001746,CLI-00205,2024-11-27,Ferretería general,8,30561.93,App,T. crédito,Ushuaia
TX-001745,CLI-00674,2024-11-27,Pinturas y revestimientos,2,36497.25,Web,Tarjeta de débito,Río Grande
TX-001743,CLI-00976,2024-11-27,Plomería y caños,4,27360.41,Web,Transferencia,Tolhuin
TX-001740,CLI-00054,2024-11-27,Plomería y caños,6,57880.46,Web,Transferencia,Ushuaia
TX-001739,CLI-00546,2024-11-27,Maderas y tableros,6,223603.31,App,Cuenta corriente,Río Grande
TX-001738,CLI-00146,2024-11-27,Ferretería general,32,104734.98,App,Tarjeta de débito,Río Grande
TX-001737,CLI-01072,2024-11-27,Sanitarios y grifería,2,97333.4,Web,Transferencia,Río Grande
TX-001736,CLI-00750,2024-11-27,Ferretería general,14,61200.52,Web,Tarjeta de débito,Ushuaia
TX-001735,CLI-00212,2024-11-27,Sanitarios y grifería,2,125148.01,App,Cuenta corriente,Río Grande
TX-001734,CLI-00680,2024-11-27,Aberturas,2,148101.02,App,Transferencia,Ushuaia
TX-001733,CLI-00621,2024-11-27,Aberturas,2,270080.45,App,Cuenta corriente,Río Grande 
TX-001732,CLI-00912,2024-11-27,Ferretería general,11,70081.54,Telefónico,Tarjeta de crédito,Tolhuin
TX-001731,CLI-00404,2024-11-27,Ferretería general,11,45291.58,Web,Transferencia,RÍO GRANDE
TX-001730,CLI-01002,2024-11-27,Cemento y áridos,27,374218.61,App,Cuenta corriente,Río Grande
TX-001772,CLI-00674,2024-11-28,Sanitarios y grifería,1,47627.85,App,Tarjeta de crédito,Río Grande
TX-001771,CLI-00410,2024-11-28,Herramientas manuales,3,29869.55,Web,Tarjeta de crédito,Ushuaia
TX-001770,CLI-00063,2024-11-28,Cemento y áridos,9,75572.26,Web,Transferencia,USHUAIA
TX-001769,CLI-00800,2024-11-28,Seguridad e indumentaria,4,132339.05,Web,Tarjeta de crédito,Río Grande
TX-001767,CLI-00273,2024-11-28,Plomería y caños,8,86490.39,Telefónico,Cuenta corriente,Río Grande
TX-001765,CLI-00813,2024-11-28,Herramientas manuales,6,262522.99,App,Cuenta corriente,Río Grande
TX-001762,CLI-00526,2024-11-28,Electricidad e iluminación,3,35083.07,Web,Tarjeta de débito,Ushuaia
TX-001766,CLI-01050,2024-11-28,Pisos y cerámicos,40,538523.08,Web,Tarjeta de débito,Río Grande
TX-001759,CLI-00963,2024-11-28,Pinturas y revestimientos,5,90862.02,App,Efectivo en sucursal,Ushuaia
TX-001751,CLI-00172,2024-11-28,Aberturas,2,725081.35,Telefónico,Transferencia,TOLHUIN
TX-001752,CLI-00743,2024-11-28,Herramientas eléctricas,2,328646.28,App,Tarjeta de crédito,Río Grande
TX-001753,CLI-00194,2024-11-28,Plomería y caños,32,618447.83,Telefónico,Transferencia,Río Grande
TX-001754,CLI-00912,2024-11-28,Maderas y tableros,31,1225773.21,Telefónico,Cuenta corriente,Tolhuin
TX-001760,CLI-01184,2024-11-28,Electricidad e iluminación,5,47342.6,Web,Transferencia,Río Grande
TX-001756,CLI-00439,2024-11-28,Plomería y caños,3,19096.34,Web,Tarjeta de débito,Rio Grande
TX-001757,CLI-00300,2024-11-28,Pisos y cerámicos,16,677835.59,App,Tarjeta de crédito,USHUAIA
TX-001758,CLI-00392,2024-11-28,Plomería y caños,16,189406.1,Telefónico,Transferencia,Río Grande
TX-001755,CLI-00348,2024-11-28,Herramientas manuales,2,41039.7,Telefónico,Transferencia,Tolhuin
TX-001791,CLI-00646,2024-11-29,Seguridad e indumentaria,14,441427.79,App,Cuenta corriente,Ushuaia
TX-001788,CLI-00866,2024-11-29,Ferretería general,11,22731.95,Web,Transferencia,ushuaia
TX-001799,CLI-00141,2024-11-29,Herramientas eléctricas,2,2235867.11,Web,Efectivo en sucursal,Río Grande
TX-001798,CLI-00912,2024-11-29,Ferretería general,5,27562.42,App,Cuenta corriente,Tolhuin
TX-001797,CLI-01024,2024-11-29,Plomería y caños,3,15147.89,App,Tarjeta de crédito,Ushuaia
TX-001796,CLI-01012,2024-11-29,Aberturas,3,241381.17,Web,Transferencia,Río Grande
TX-001795,CLI-00473,2024-11-29,Plomería y caños,8,41404.54,App,Tarjeta de crédito,Ushuaia
TX-001794,CLI-01174,2024-11-29,Pinturas y revestimientos,6,421270.0,Telefónico,Tarjeta de crédito,Río Grande
TX-001792,CLI-00952,2024-11-29,Cemento y áridos,9,72294.24,Web,Tarjeta de crédito,Río Grande
TX-001791,CLI-00646,2024-11-29,Seguridad e indumentaria,14,441427.79,App,Cuenta corriente,Ushuaia
TX-001800,CLI-00304,2024-11-29,Ferretería general,8,54117.33,App,Transferencia,Ushuaia
TX-001787,CLI-01252,2024-11-29,Herramientas manuales,7,117842.66,Web,Tarjeta de crédito,Río Grande
TX-001785,CLI-00486,2024-11-29,Aberturas,4,390609.39,Web,Tarjeta de débito,Ushuaia
TX-001773,CLI-00016,2024-11-29,Plomería y caños,8,133572.91,Web,Cuenta corriente,Río Grande
TX-001786,CLI-00730,2024-11-29,Pinturas y revestimientos,5,215094.75,Telefónico,Cuenta corriente,Río Grande
TX-001775,CLI-00175,2024-11-29,Pisos y cerámicos,3,47085.79,Web,Transferencia,Río Grande
TX-001776,CLI-00453,2024-11-29,Pisos y cerámicos,24,583953.73,Telefónico,Cuenta corriente,Río Grande
TX-001777,CLI-01064,2024-11-29,Pinturas y revestimientos,5,125204.58,Web,Tarjeta de crédito,Río Grande
TX-001774,CLI-00032,2024-11-29,Ferretería general,4,20721.83,App,Transferencia,Río Grande
TX-001779,CLI-00339,2024-11-29,Plomería y caños,3,30944.54,App,Transferencia,Ushuaia
TX-001781,CLI-01174,2024-11-29,Plomería y caños,6,-116409.99,Telefónico,Cuenta corriente,Río Grande
TX-001782,CLI-00850,2024-11-29,Pinturas y revestimientos,9,375026.35,App,Cuenta corriente,Río Grande
TX-001784,CLI-00708,2024-11-29,Cemento y áridos,72,1197431.07,Telefónico,Cuenta corriente,Río Grande
TX-001778,CLI-00159,2024-11-29,Herramientas eléctricas,5,1301008.16,Telefónico,,Ushuaia
TX-001818,CLI-01141,2024-11-30,Pisos y cerámicos,19,448757.4,Telefónico,Cuenta corriente,Ushuaia
TX-001826,CLI-00189,2024-11-30,Ferretería general,10,55275.86,Web,Transferencia,USHUAIA
TX-001825,CLI-00448,2024-11-30,Maderas y tableros,27,912779.42,Telefónico,Cuenta corriente,Río Grande
TX-001823,CLI-00280,2024-11-30,Pinturas y revestimientos,4,81106.34,Telefónico,Tarjeta de crédito,Río Grande
TX-001821,CLI-00930,2024-11-30,Herramientas manuales,13,295687.81,Web,Cuenta corriente,Río Grande
TX-001820,CLI-00986,2024-11-30,Herramientas manuales,3,31847.86,Web,Tarjeta de débito,Ushuaia
TX-001819,CLI-00839,2024-11-30,Herramientas manuales,6,74258.55,App,Tarjeta de crédito,Río Grande
TX-001817,CLI-01239,2024-11-30,Seguridad e indumentaria,12,674727.7,Telefónico,Tarjeta de débito,Río Grande
TX-001827,CLI-01183,2024-11-30,Ferretería general,4,15270.98,Web,Transferencia,Río Grande
TX-001815,CLI-01014,2024-11-30,Plomería y caños,9,,Telefónico,Cuenta corriente,Rio Grande
TX-001813,CLI-01051,2024-11-30,Ferretería general,9,66837.28,Web,Cuenta corriente,Río Grande
TX-001811,CLI-00935,2024-11-30,Pisos y cerámicos,8,292037.17,App,Cuenta corriente,Río Grande
TX-001810,CLI-00121,2024-11-30,Electricidad e iluminación,2,15498.9,App,Tarjeta de débito,Ushuaia
TX-001809,CLI-00293,2024-11-30,Ferretería general,2,6376.07,Web,Transferencia,Río Grande
TX-001808,CLI-00901,2024-11-30,Electricidad e iluminación,5,112629.96,Telefónico,Tarjeta de crédito,Ushuaia
TX-001806,CLI-00759,2024-11-30,Ferretería general,4,21500.59,Web,Tarjeta de crédito,Ushuaia
TX-001804,CLI-00930,2024-11-30,Pinturas y revestimientos,7,378402.17,Telefónico,Cuenta corriente,Río Grande
TX-001801,CLI-00602,2024-11-30,Sanitarios y grifería,2,85087.59,App,Tarjeta de débito,Ushuaia
TX-001816,CLI-01084,2024-11-30,Pisos y cerámicos,25,1180789.57,Web,Transferencia,ushuaia
TX-001803,CLI-00505,2024-11-30,Plomería y caños,4,25681.54,App,Efectivo en sucursal,Ushuaia
TX-001802,CLI-00988,2024-11-30,Sanitarios y grifería,1,35317.22,Web,T. crédito,Río Grande
TX-001830,CLI-00047,2024-12-01,Ferretería general,1,3855.6,Web,Transferencia,Ushuaia
TX-001829,CLI-00595,2024-12-01,Seguridad e indumentaria,5,190423.94,Web,Tarjeta de débito,Río Grande
TX-001828,CLI-00772,2024-12-01,Seguridad e indumentaria,6,349542.8,App,Efectivo en sucursal,Rio Grande
TX-001852,CLI-01287,2024-12-02,Seguridad e indumentaria,2,69151.05,Web,Transferencia,Río Grande
TX-001851,CLI-00811,2024-12-02,Ferretería general,12,39042.52,App,Transferencia,Ushuaia
TX-001850,CLI-01141,2024-12-02,Sanitarios y grifería,3,320668.14,Telefónico,Tarjeta de crédito,Ushuaia
TX-001849,CLI-00280,2024-12-02,Plomería y caños,4,33665.38,Web,Tarjeta de crédito,Río Grande
TX-001848,CLI-00236,2024-12-02,Aberturas,1,73569.43,App,Tarjeta de crédito,Río Grande
TX-001847,CLI-00444,2024-12-02,Herramientas manuales,3,84790.3,App,Tarjeta de débito,Ushuaia
TX-001846,CLI-01089,2024-12-02,Sanitarios y grifería,4,170743.93,Web,Transferencia,Tolhuin
TX-001845,CLI-00028,2024-12-02,Sanitarios y grifería,1,73040.1,Telefónico,Cuenta corriente,Ushuaia
TX-001842,CLI-00963,2024-12-02,Electricidad e iluminación,5,54557.94,App,Transferencia,Ushuaia
TX-001843,CLI-00456,2024-12-02,Pisos y cerámicos,9,99343.32,Web,Transferencia,Ushuaia
TX-001832,CLI-00800,2024-12-02,Plomería y caños,3,17736.62,Web,Transferencia,Río Grande
TX-001844,CLI-00058,2024-12-02,Seguridad e indumentaria,1,35200.85,Web,Transferencia,Río Grande
TX-001834,CLI-00979,2024-12-02,Ferretería general,11,44817.41,Web,Transferencia,RÍO GRANDE
TX-001835,CLI-01053,2024-12-02,Sanitarios y grifería,4,216038.58,App,Transferencia,Río Grande
TX-001833,CLI-01160,2024-12-02,Herramientas manuales,2,22234.02,Web,Tarjeta de débito,Ushuaia
TX-001839,CLI-00394,2024-12-02,Seguridad e indumentaria,8,403565.4,Telefónico,Cuenta corriente,Ushuaia
TX-001840,CLI-01257,2024-12-02,Maderas y tableros,4,71845.51,Web,Transferencia,Ushuaia
TX-001841,CLI-00759,2024-12-02,Pisos y cerámicos,6,165008.68,App,Cuenta corriente,Ushuaia
TX-001838,CLI-01084,2024-12-02,Seguridad e indumentaria,4,288101.88,App,Cuenta corriente,Ushuaia
TX-001869,CLI-00709,2024-12-03,Cemento y áridos,22,332907.16,Web,Tarjeta de débito,Ushuaia
TX-001875,CLI-00233,2024-12-03,Plomería y caños,11,56668.46,Web,Transferencia,Río Grande
TX-001874,CLI-01035,2024-12-03,Sanitarios y grifería,4,143637.7,Web,Tarjeta de débito,Río Grande
TX-001873,CLI-00178,2024-12-03,Herramientas manuales,7,142806.35,App,Tarjeta de crédito,Ushuaia
TX-001872,CLI-01195,2024-12-03,Ferretería general,3,10124.37,Web,Transferencia,Río Grande
TX-001871,CLI-00680,2024-12-03,Cemento y áridos,11,-64761.19,Web,Transferencia,Ushuaia
TX-001870,CLI-00948,2024-12-03,Cemento y áridos,13,167233.83,Web,Tarjeta de crédito,Río Grande
TX-001868,CLI-00759,2024-12-03,Ferretería general,13,81484.62,Telefónico,Cuenta corriente,Ushuaia
TX-001865,CLI-01050,2024-12-03,Cemento y áridos,13,131025.43,Web,Transferencia,Río Grande
TX-001853,CLI-00285,2024-12-03,Seguridad e indumentaria,2,74887.07,Web,Tarjeta de crédito,Ushuaia
TX-001863,CLI-00770,2024-12-03,Herramientas manuales,1,14463.99,Web,Transferencia,Ushuaia
TX-001862,CLI-01104,2024-12-03,Aberturas,3,508606.68,Web,Transferencia,Río Grande
TX-001861,CLI-00652,2024-12-03,Sanitarios y grifería,3,173051.92,App,Tarjeta de débito,Río Grande
TX-001860,CLI-01002,2024-12-03,Sanitarios y grifería,11,748168.52,App,Tarjeta de crédito,Río Grande
TX-001859,CLI-00491,2024-12-03,Ferretería general,5,15725.37,Web,Tarjeta de débito,Río Grande
TX-001858,CLI-00932,2024-12-03,Herramientas manuales,1,20088.88,Web,Cuenta corriente,Río Grande
TX-001857,CLI-00029,2024-12-03,Pisos y cerámicos,7,57671.55,Web,Transferencia,Río Grande 
TX-001854,CLI-00879,2024-12-03,Cemento y áridos,214,4918343.22,App,Cuenta corriente,río grande
TX-001855,CLI-01153,2024-12-03,Herramientas manuales,6,127962.21,App,Tarjeta de crédito,Río Grande
TX-001866,CLI-00168,2024-12-03,Electricidad e iluminación,32,265543.9,Web,Efectivo en sucursal,Ushuaia
TX-001892,CLI-01294,2024-12-04,Ferretería general,3,9072.92,Telefónico,Tarjeta de débito,Río Grande
TX-001893,CLI-00394,2024-12-04,Seguridad e indumentaria,3,130686.32,Web,Tarjeta de crédito,USHUAIA
TX-001895,CLI-00304,2024-12-04,Sanitarios y grifería,5,448226.17,Telefónico,Cuenta corriente,Ushuaia
TX-001890,CLI-00344,2024-12-04,Pinturas y revestimientos,3,116386.17,Web,Cuenta corriente,Río Grande
TX-001894,CLI-00189,2024-12-04,Ferretería general,27,83044.04,App,T. débito,Ushuaia
TX-001888,CLI-00170,2024-12-04,Pisos y cerámicos,4,65758.32,Telefónico,Tarjeta de débito,Ushuaia
TX-001886,CLI-01166,2024-12-04,Herramientas eléctricas,1,116492.96,App,Cuenta corriente,ushuaia
TX-001885,CLI-00340,2024-12-04,Herramientas manuales,11,99251.27,Web,Tarjeta de débito,Río Grande
TX-001883,CLI-00359,2024-12-04,Ferretería general,9,27456.56,Web,Transferencia,Río Grande
TX-001882,CLI-00684,2024-12-04,Plomería y caños,5,51661.04,App,Tarjeta de débito,Rio Grande
TX-001879,CLI-00180,2024-12-04,Pinturas y revestimientos,1,18858.84,Telefónico,Transferencia,Río Grande
TX-001878,CLI-00488,2024-12-04,Pinturas y revestimientos,5,91095.21,Web,Tarjeta de débito,Ushuaia
TX-001877,CLI-00101,2024-12-04,Pisos y cerámicos,6,90982.97,Web,Transferencia,Río Grande
TX-001876,CLI-01183,2024-12-04,Pisos y cerámicos,10,205335.64,Web,Tarjeta de débito,Río Grande
TX-001887,CLI-00850,2024-12-04,Maderas y tableros,6,164588.88,Telefónico,Cuenta corriente,Río Grande
TX-001924,CLI-00554,2024-12-05,Maderas y tableros,6,93723.18,Web,Tarjeta de crédito,Río Grande
TX-001920,CLI-00912,2024-12-05,Herramientas manuales,34,957826.17,Telefónico,Cuenta corriente,Tolhuin
TX-001921,CLI-01024,2024-12-05,Seguridad e indumentaria,2,51486.68,Web,Transferencia,Ushuaia
TX-001922,CLI-00093,2024-12-05,Pinturas y revestimientos,5,126291.35,Telefónico,Tarjeta de débito,Río Grande
TX-001923,CLI-00813,2024-12-05,Maderas y tableros,22,1049874.83,App,Cuenta corriente,Río Grande
TX-001925,CLI-01064,2024-12-05,Seguridad e indumentaria,2,86821.11,Web,Transferencia,Río Grande
TX-001919,CLI-01081,2024-12-05,Aberturas,3,729000.92,App,Cuenta corriente,Río Grande
TX-001927,CLI-00450,2024-12-05,Cemento y áridos,35,424127.38,App,Cuenta corriente,Ushuaia
TX-001929,CLI-01310,2024-12-05,Pisos y cerámicos,18,475023.53,App,Cuenta corriente,Río Grande 
TX-001932,CLI-01168,2024-12-05,Plomería y caños,1,5551.74,Web,Cuenta corriente,Ushuaia
TX-001933,CLI-00362,2024-12-05,Seguridad e indumentaria,3,85065.72,App,Tarjeta de crédito,Tolhuin
TX-001934,CLI-00708,2024-12-05,Maderas y tableros,11,395597.96,Telefónico,Cuenta corriente,Río Grande
TX-001936,CLI-00481,2024-12-05,Pisos y cerámicos,14,330901.81,App,Cuenta corriente,Río Grande
TX-001926,CLI-00028,2024-12-05,Ferretería general,34,161732.65,Telefónico,Transferencia,Ushuaia
TX-001918,CLI-00785,2024-12-05,Maderas y tableros,4,67324.5,App,Efectivo en sucursal,Ushuaia
TX-001914,CLI-00646,2024-12-05,Seguridad e indumentaria,6,269453.19,Web,Transferencia,Ushuaia
TX-001915,CLI-00351,2024-12-05,Seguridad e indumentaria,5,317562.54,Web,Cuenta corriente,Rio Grande
TX-001917,CLI-01014,2024-12-05,Maderas y tableros,14,531071.67,App,Cuenta corriente,Río Grande
TX-001896,CLI-00910,2024-12-05,Herramientas manuales,3,34254.94,App,Tarjeta de crédito,Río Grande
TX-001897,CLI-00598,2024-12-05,Herramientas manuales,4,88844.41,App,Transferencia,Ushuaia
TX-001898,CLI-00883,2024-12-05,Electricidad e iluminación,5,164338.89,Telefónico,,Río Grande
TX-001900,CLI-00762,2024-12-05,Maderas y tableros,9,154204.54,Web,Transferencia,Río Grande
TX-001902,CLI-00522,2024-12-05,Cemento y áridos,131,1233345.38,Web,Tarjeta de crédito,Río Grande
TX-001903,CLI-01303,2024-12-05,Ferretería general,5,-14562.54,Telefónico,Tarjeta de débito,Río Grande
TX-001901,CLI-01152,2024-12-05,Herramientas manuales,6,61465.47,App,Tarjeta de débito,Ushuaia
TX-001905,CLI-00814,2024-12-05,Herramientas manuales,3,52536.88,Web,Tarjeta de crédito,Ushuaia
TX-001906,CLI-00499,2024-12-05,Sanitarios y grifería,4,190542.1,Web,Tarjeta de débito,Río Grande
TX-001908,CLI-00095,2024-12-05,Cemento y áridos,8,51986.08,Web,Tarjeta de crédito,RÍO GRANDE
TX-001909,CLI-00095,2024-12-05,Pisos y cerámicos,4,42888.07,App,,Río Grande
TX-001910,CLI-00842,2024-12-05,Pisos y cerámicos,13,369669.09,Web,Cuenta corriente,Río Grande
TX-001912,CLI-00160,2024-12-05,Cemento y áridos,80,882554.35,App,Tarjeta de crédito,Río Grande
TX-001913,CLI-00621,2024-12-05,Plomería y caños,15,227691.38,Telefónico,Cuenta corriente,Río Grande
TX-001904,CLI-00332,2024-12-05,Pinturas y revestimientos,4,,Web,Transferencia,Rio Grande
TX-001953,CLI-00348,2024-12-06,Plomería y caños,17,242372.09,App,Cuenta corriente,Tolhuin
TX-001959,CLI-00300,2024-12-06,Plomería y caños,3,58800.22,Web,Cuenta corriente,ushuaia
TX-001958,CLI-00494,2024-12-06,Pinturas y revestimientos,3,81218.22,App,Transferencia,Tolhuin
TX-001957,CLI-00305,2024-12-06,Pinturas y revestimientos,4,132742.4,Telefónico,Transferencia,Río Grande
TX-001955,CLI-00027,2024-12-06,Pisos y cerámicos,10,126104.81,App,Transferencia,Ushuaia
TX-001954,CLI-00876,2024-12-06,Sanitarios y grifería,1,37080.04,Telefónico,Tarjeta de débito,Ushuaia
TX-001952,CLI-00146,2024-12-06,Pisos y cerámicos,5,89602.44,App,Tarjeta de crédito,Río Grande
TX-001943,CLI-01014,2024-12-06,Ferretería general,14,132884.8,Web,Cuenta corriente,Río Grande
TX-001950,CLI-00982,2024-12-06,Herramientas eléctricas,3,665933.35,Telefónico,Transferencia,Ushuaia
TX-001948,CLI-00482,2024-12-06,Cemento y áridos,59,789558.34,App,Tarjeta de crédito,RÍO GRANDE
TX-001947,CLI-01095,2024-12-06,Pinturas y revestimientos,8,233844.57,Web,Tarjeta de crédito,Río Grande 
TX-001945,CLI-00794,2024-12-06,Ferretería general,9,34218.07,Web,Tarjeta de crédito,Río Grande
TX-001944,CLI-00251,2024-12-06,Ferretería general,3,12386.12,App,Tarjeta de débito,Río Grande
TX-001942,CLI-00357,2024-12-06,Electricidad e iluminación,20,734784.67,Web,Cuenta corriente,Ushuaia
TX-001941,CLI-00483,2024-12-06,Sanitarios y grifería,6,529062.95,Telefónico,Cuenta corriente,RÍO GRANDE
TX-001940,CLI-00560,2024-12-06,Cemento y áridos,34,658861.25,App,Cuenta corriente,río grande
TX-001937,CLI-01271,2024-12-06,Aberturas,2,157116.59,Telefónico,Tarjeta de débito,Ushuaia
TX-001951,CLI-00911,2024-12-06,Electricidad e iluminación,9,85599.63,Web,Tarjeta de crédito,RÍO GRANDE
TX-001969,CLI-00172,2024-12-07,Herramientas manuales,2,64386.92,App,Tarjeta de crédito,Tolhuin
TX-001967,CLI-00972,2024-12-07,Cemento y áridos,30,193195.2,Web,Transferencia,Ushuaia
TX-001968,CLI-00148,2024-12-07,Maderas y tableros,5,100587.62,Telefónico,Tarjeta de débito,Río Grande
TX-001964,CLI-01176,2024-12-07,Seguridad e indumentaria,5,102673.66,Web,Transferencia,Ushuaia
TX-001961,CLI-01252,2024-12-07,Herramientas manuales,2,33561.89,Web,Transferencia,Río Grande
TX-001966,CLI-00338,2024-12-07,Herramientas manuales,3,46428.18,Web,T. crédito,Río Grande
TX-001960,CLI-00300,2024-12-07,Plomería y caños,20,408169.77,Telefónico,Cuenta corriente,Ushuaia
TX-001962,CLI-00212,2024-12-07,Herramientas eléctricas,3,764286.77,Telefónico,Transferencia,Río Grande
TX-001963,CLI-00189,2024-12-07,Plomería y caños,35,278457.28,Web,Tarjeta de débito,Ushuaia
TX-001971,CLI-00440,2024-12-08,Maderas y tableros,6,-108782.76,Web,Tarjeta de débito,Río Grande
TX-001972,CLI-00723,2024-12-08,Plomería y caños,3,-27965.71,Web,Transferencia,Río Grande
TX-001973,CLI-01017,2024-12-08,Electricidad e iluminación,8,210476.63,Telefónico,Cuenta corriente,Rio Grande
TX-001974,CLI-01062,2024-12-08,Herramientas manuales,4,43787.39,App,Tarjeta de débito,Tolhuin
TX-001970,CLI-00598,2024-12-08,Sanitarios y grifería,3,261787.78,Web,Cuenta corriente,Ushuaia
TX-001998,CLI-00560,2024-12-09,Pinturas y revestimientos,6,225255.74,Telefónico,Transferencia,Río Grande
TX-001997,CLI-00386,2024-12-09,Plomería y caños,3,47745.72,Web,Cuenta corriente,Río Grande
TX-001996,CLI-00286,2024-12-09,Seguridad e indumentaria,3,78135.2,App,Efectivo en sucursal,Ushuaia
TX-001994,CLI-00933,2024-12-09,Plomería y caños,5,38239.66,Web,Tarjeta de débito,Ushuaia
TX-001993,CLI-01074,2024-12-09,Herramientas manuales,4,73158.1,Web,Transferencia,Río Grande
TX-001992,CLI-00082,2024-12-09,Herramientas manuales,1,12426.13,Web,Transferencia,Río Grande
TX-001989,CLI-00964,2024-12-09,Pisos y cerámicos,3,41884.45,Web,,Río Grande
TX-001991,CLI-00486,2024-12-09,Plomería y caños,17,136274.99,App,Transferencia,Ushuaia
TX-001987,CLI-00320,2024-12-09,Pinturas y revestimientos,8,124701.11,App,Tarjeta de crédito,río grande
TX-001986,CLI-00095,2024-12-09,Ferretería general,9,29435.41,App,Transferencia,Rio Grande
TX-001984,CLI-00154,2024-12-09,Electricidad e iluminación,10,105060.95,App,Tarjeta de crédito,Río Grande
TX-001982,CLI-00595,2024-12-09,Ferretería general,5,16892.51,Web,Transferencia,Río Grande
TX-001981,CLI-00325,2024-12-09,Electricidad e iluminación,4,36990.87,App,Tarjeta de crédito,Río Grande
TX-001980,CLI-00515,2024-12-09,Cemento y áridos,14,224369.79,Telefónico,Cuenta corriente,Río Grande
TX-001979,CLI-00448,2024-12-09,Herramientas eléctricas,3,553323.11,Web,Transferencia,Río Grande
TX-001978,CLI-00394,2024-12-09,Ferretería general,20,136026.18,Web,Transferencia,Ushuaia
TX-001976,CLI-00919,2024-12-09,Ferretería general,1,3789.41,Web,Efectivo en sucursal,Río Grande
TX-001975,CLI-00172,2024-12-09,Ferretería general,9,97053.91,Telefónico,Transferencia,tolhuin
TX-001988,CLI-01327,2024-12-09,Herramientas manuales,2,25647.6,Web,Tarjeta de débito,Ushuaia
TX-002021,CLI-00850,2024-12-10,Maderas y tableros,15,365815.87,App,Cuenta corriente,Río Grande
TX-002023,CLI-00646,2024-12-10,Plomería y caños,6,42374.53,Web,Tarjeta de débito,Ushuaia
TX-002024,CLI-00356,2024-12-10,Electricidad e iluminación,21,534993.69,App,Cuenta corriente,RÍO GRANDE
TX-002025,CLI-00841,2024-12-10,Herramientas manuales,5,102397.07,App,Cuenta corriente,Ushuaia
TX-002020,CLI-00850,2024-12-10,Herramientas manuales,3,110354.05,Telefónico,transf.,Rio Grande
TX-002028,CLI-00808,2024-12-10,Cemento y áridos,21,153901.5,Web,Transferencia,Río Grande
TX-002029,CLI-01059,2024-12-10,Seguridad e indumentaria,4,338757.4,Web,Transferencia,USHUAIA
TX-002030,CLI-00249,2024-12-10,Maderas y tableros,2,59556.39,Telefónico,Cuenta corriente,Río Grande
TX-002031,CLI-00935,2024-12-10,Plomería y caños,13,270201.96,App,Cuenta corriente,Río Grande
TX-002026,CLI-00267,2024-12-10,Ferretería general,13,47405.35,Telefónico,Tarjeta de crédito,Ushuaia
TX-002019,CLI-00708,2024-12-10,Sanitarios y grifería,11,654092.49,App,Tarjeta de débito,Río Grande
TX-002027,CLI-00357,2024-12-10,Pisos y cerámicos,5,204231.22,Telefónico,Transferencia,USHUAIA
TX-002017,CLI-00231,2024-12-10,Pisos y cerámicos,6,121234.91,Web,Transferencia,Ushuaia
TX-002002,CLI-00551,2024-12-10,Ferretería general,12,88453.04,Telefónico,Transferencia,USHUAIA
TX-002018,CLI-00482,2024-12-10,Maderas y tableros,10,301050.6,App,Cuenta corriente,Río Grande
TX-002004,CLI-00041,2024-12-10,Sanitarios y grifería,2,123603.52,Web,Transferencia,tolhuin
TX-002005,CLI-01072,2024-12-10,Pinturas y revestimientos,2,45090.51,Web,Tarjeta de crédito,Río Grande
TX-002007,CLI-01258,2024-12-10,Plomería y caños,5,38291.49,App,Tarjeta de débito,Río Grande
TX-002009,CLI-00619,2024-12-10,Aberturas,4,371263.56,Web,Tarjeta de crédito,Ushuaia
TX-002000,CLI-00068,2024-12-10,Aberturas,2,725160.39,App,Cuenta corriente,Río Grande
TX-002010,CLI-00839,2024-12-10,Sanitarios y grifería,3,125017.19,Web,Tarjeta de crédito,Río Grande
TX-002011,CLI-00709,2024-12-10,Herramientas manuales,1,24110.96,Web,Efectivo en sucursal,Ushuaia
TX-002012,CLI-00202,2024-12-10,Sanitarios y grifería,4,250999.66,Telefónico,Cuenta corriente,Ushuaia
TX-002013,CLI-00304,2024-12-10,Pinturas y revestimientos,4,155359.14,Telefónico,Cuenta corriente,Ushuaia
TX-002014,CLI-00709,2024-12-10,Electricidad e iluminación,2,29586.52,Web,Transferencia,Ushuaia
TX-002016,CLI-00750,2024-12-10,Plomería y caños,13,106473.35,Web,Tarjeta de débito,ushuaia
TX-001999,CLI-00180,2024-12-10,Sanitarios y grifería,3,108899.29,Web,Tarjeta de débito,Río Grande
TX-002057,CLI-00189,2024-12-11,Seguridad e indumentaria,10,267836.19,App,Tarjeta de débito,Ushuaia
TX-002058,CLI-00483,2024-12-11,Ferretería general,9,42899.63,Telefónico,Cuenta corriente,Río Grande
TX-002059,CLI-00860,2024-12-11,Pisos y cerámicos,17,470414.8,App,Transferencia,Río Grande
TX-002060,CLI-01089,2024-12-11,Ferretería general,7,24278.79,Web,Tarjeta de débito,Tolhuin
TX-002062,CLI-00798,2024-12-11,Herramientas eléctricas,1,112174.91,Web,,Ushuaia 
TX-002063,CLI-00726,2024-12-11,Pisos y cerámicos,14,237550.02,Web,Transferencia,Ushuaia
TX-002066,CLI-00596,2024-12-11,Pisos y cerámicos,6,157217.41,Telefónico,Transferencia,Río Grande
TX-002065,CLI-01112,2024-12-11,Seguridad e indumentaria,3,112755.12,App,Transferencia,Ushuaia
TX-002067,CLI-00463,2024-12-11,Ferretería general,4,24657.3,Web,Tarjeta de débito,Tolhuin
TX-002068,CLI-00762,2024-12-11,Seguridad e indumentaria,2,53896.08,Web,T. débito,RÍO GRANDE
TX-002069,CLI-01265,2024-12-11,Pisos y cerámicos,22,528283.47,Telefónico,Transferencia,tolhuin
TX-002054,CLI-01073,2024-12-11,Sanitarios y grifería,3,129484.03,Web,Tarjeta de débito,Río Grande
TX-002064,CLI-00575,2024-12-11,Plomería y caños,5,56704.08,Web,Transferencia,Río Grande
TX-002053,CLI-00440,2024-12-11,Pisos y cerámicos,7,65065.79,Web,Tarjeta de débito,Rio Grande
TX-002052,CLI-01199,2024-12-11,Cemento y áridos,13,210534.72,App,Transferencia,Río Grande
TX-002034,CLI-00432,2024-12-11,Plomería y caños,2,12753.62,Telefónico,Efectivo en sucursal,Río Grande
TX-002032,CLI-00068,2024-12-11,Plomería y caños,7,133810.94,Web,Cuenta corriente,río grande
TX-002033,CLI-00813,2024-12-11,Ferretería general,10,130145.68,Telefónico,Transferencia,Río Grande
TX-002050,CLI-00018,2024-12-11,Seguridad e indumentaria,6,170894.3,Web,T. débito,Río Grande
TX-002035,CLI-00992,2024-12-11,Pisos y cerámicos,9,220402.04,App,Transferencia,Río Grande
TX-002036,CLI-00709,2024-12-11,Sanitarios y grifería,5,270211.5,Web,T. crédito,USHUAIA
TX-002037,CLI-00954,2024-12-11,Herramientas manuales,3,47703.46,Web,Transferencia,Río Grande
TX-002039,CLI-00194,2024-12-11,Plomería y caños,45,870843.66,Telefónico,Cuenta corriente,Río Grande
TX-002040,CLI-00302,2024-12-11,Ferretería general,2,5183.87,Web,Tarjeta de débito,Río Grande
TX-002038,CLI-01174,2024-12-11,Sanitarios y grifería,2,229440.61,Telefónico,Cuenta corriente,río grande
TX-002042,CLI-00054,2024-12-11,Cemento y áridos,13,157078.65,Web,Tarjeta de crédito,Ushuaia
TX-002043,CLI-00246,2024-12-11,Plomería y caños,3,20885.66,Web,Tarjeta de débito,Tolhuin
TX-002044,CLI-00706,2024-12-11,Sanitarios y grifería,5,280480.65,App,T. débito,Río Grande
TX-002046,CLI-00627,2024-12-11,Cemento y áridos,19,321530.86,Telefónico,Tarjeta de crédito,Ushuaia
TX-002047,CLI-00613,2024-12-11,Aberturas,4,849766.46,Telefónico,Cuenta corriente,ushuaia
TX-002048,CLI-00848,2024-12-11,Ferretería general,3,8721.14,Telefónico,Tarjeta de crédito,Ushuaia
TX-002049,CLI-00348,2024-12-11,Electricidad e iluminación,5,101442.35,App,Cuenta corriente,Tolhuin
TX-002041,CLI-00125,2024-12-11,Herramientas manuales,1,19391.67,Web,Transferencia,Ushuaia
TX-002102,CLI-01119,2024-12-12,Herramientas eléctricas,4,2098267.38,Telefónico,Cuenta corriente,Ushuaia
TX-002097,CLI-00689,2024-12-12,Cemento y áridos,44,883968.89,App,Tarjeta de crédito,RÍO GRANDE
TX-002098,CLI-01292,2024-12-12,Ferretería general,7,22991.83,App,Transferencia,Río Grande
TX-002100,CLI-00114,2024-12-12,Pisos y cerámicos,11,121721.84,Web,Tarjeta de crédito,Ushuaia
TX-002101,CLI-01049,2024-12-12,Cemento y áridos,8,257421.62,App,Cuenta corriente,RÍO GRANDE
TX-002103,CLI-01002,2024-12-12,,15,200292.62,Telefónico,Cuenta corriente,Río Grande 
TX-002096,CLI-01009,2024-12-12,Pinturas y revestimientos,2,53318.4,Web,Tarjeta de crédito,Tolhuin
TX-002105,CLI-00952,2024-12-12,Pisos y cerámicos,5,59617.39,Web,Tarjeta de débito,Río Grande
TX-002106,CLI-00292,2024-12-12,Electricidad e iluminación,2,22831.11,Web,Tarjeta de crédito,Ushuaia
TX-002107,CLI-01300,2024-12-12,Seguridad e indumentaria,4,208894.62,App,Tarjeta de crédito,Río Grande
TX-002109,CLI-00348,2024-12-12,Plomería y caños,33,474205.75,Web,Transferencia,Tolhuin
TX-002112,CLI-00163,2024-12-12,Sanitarios y grifería,2,166515.44,App,Transferencia,RÍO GRANDE
TX-002104,CLI-00843,2024-12-12,Ferretería general,8,24282.66,Web,Transferencia,Río Grande
TX-002095,CLI-01317,2024-12-12,Pisos y cerámicos,1,12760.26,Web,Transferencia,Tolhuin
TX-002071,CLI-00686,2024-12-12,Pinturas y revestimientos,2,35283.08,Web,Tarjeta de débito,Ushuaia
TX-002093,CLI-00293,2024-12-12,Ferretería general,2,7749.08,Web,Tarjeta de débito,Río Grande
TX-002073,CLI-01093,2024-12-12,Herramientas eléctricas,1,252310.28,Telefónico,transf.,ushuaia
TX-002094,CLI-00328,2024-12-12,Ferretería general,4,10834.97,Web,Tarjeta de crédito,Ushuaia
TX-002078,CLI-00575,2024-12-12,Herramientas manuales,3,94073.41,Telefónico,Transferencia,Río Grande
TX-002079,CLI-00912,2024-12-12,Herramientas manuales,2,42625.88,Telefónico,Cuenta corriente,Tolhuin
TX-002080,CLI-00982,2024-12-12,Sanitarios y grifería,6,475907.28,App,Efectivo en sucursal,Ushuaia
TX-002081,CLI-00652,2024-12-12,Ferretería general,4,10945.9,Web,Tarjeta de crédito,río grande
TX-002083,CLI-00356,2024-12-12,Ferretería general,9,53373.29,App,Cuenta corriente,Río Grande
TX-002074,CLI-00090,2024-12-12,Electricidad e iluminación,15,272519.37,Telefónico,Transferencia,Rio Grande
TX-002085,CLI-00480,2024-12-12,Pisos y cerámicos,17,264062.08,Web,Tarjeta de débito,Tolhuin
TX-002088,CLI-00064,2024-12-12,Plomería y caños,2,13536.65,Web,Tarjeta de crédito,Ushuaia
TX-002089,CLI-00171,2024-12-12,Ferretería general,13,45416.69,Web,Tarjeta de débito,Ushuaia
TX-002090,CLI-01300,2024-12-12,Pisos y cerámicos,29,871202.73,App,Transferencia,Río Grande
TX-002091,CLI-00469,2024-12-12,Electricidad e iluminación,2,15152.78,Web,Transferencia,Río Grande
TX-002092,CLI-00068,2024-12-12,Herramientas manuales,4,120747.54,App,Cuenta corriente,Río Grande
TX-002084,CLI-01085,2024-12-12,Pinturas y revestimientos,45,1009321.49,App,Tarjeta de crédito,río grande
TX-002132,CLI-00145,2024-12-13,Ferretería general,2,7052.6,Web,Transferencia,Ushuaia
TX-002133,CLI-00713,2024-12-13,Ferretería general,6,24168.76,Web,Transferencia,Ushuaia
TX-002134,CLI-00357,2024-12-13,Cemento y áridos,24,684890.32,Telefónico,Cuenta corriente,USHUAIA
TX-002136,CLI-01300,2024-12-13,Plomería y caños,3,35866.99,Telefónico,Transferencia,Río Grande
TX-002139,CLI-00176,2024-12-13,Electricidad e iluminación,3,23160.89,Web,Tarjeta de débito,RÍO GRANDE
TX-002142,CLI-01013,2024-12-13,Pisos y cerámicos,20,942971.95,Telefónico,Cuenta corriente,Ushuaia
TX-002141,CLI-00872,2024-12-13,Herramientas manuales,3,80287.13,Telefónico,Cuenta corriente,Río Grande
TX-002143,CLI-01320,2024-12-13,Pinturas y revestimientos,1,19353.58,Web,Transferencia,Tolhuin
TX-002144,CLI-00665,2024-12-13,Electricidad e iluminación,7,66773.29,Web,Transferencia,Ushuaia
TX-002131,CLI-01239,2024-12-13,Plomería y caños,10,142299.77,Telefónico,Tarjeta de débito,Río Grande
TX-002140,CLI-00559,2024-12-13,Electricidad e iluminación,6,55154.19,Web,Tarjeta de crédito,Ushuaia
TX-002130,CLI-01084,2024-12-13,Cemento y áridos,24,510609.85,Telefónico,T. débito,Ushuaia
TX-002115,CLI-00997,2024-12-13,Pisos y cerámicos,5,56147.48,App,Tarjeta de débito,Río Grande
TX-002128,CLI-01202,2024-12-13,Sanitarios y grifería,6,239228.56,Web,Transferencia,Tolhuin
TX-002113,CLI-00128,2024-12-13,Ferretería general,14,88536.79,App,Transferencia,Río Grande
TX-002116,CLI-00054,2024-12-13,Herramientas manuales,18,298380.12,Web,Transferencia,Ushuaia
TX-002117,CLI-01013,2024-12-13,Pisos y cerámicos,16,751859.16,Web,Transferencia,Ushuaia
TX-002118,CLI-00300,2024-12-13,Pisos y cerámicos,8,426212.99,Telefónico,Tarjeta de crédito,Ushuaia
TX-002119,CLI-00705,2024-12-13,Sanitarios y grifería,3,141846.04,Web,Transferencia,Ushuaia
TX-002121,CLI-00627,2024-12-13,Ferretería general,17,99001.19,Telefónico,Transferencia,Ushuaia
TX-002129,CLI-00674,2024-12-13,Herramientas manuales,2,26061.88,App,Efectivo en sucursal,Río Grande
TX-002123,CLI-00521,2024-12-13,Herramientas manuales,3,40381.54,Web,Transferencia,Río Grande
TX-002124,CLI-00499,2024-12-13,Sanitarios y grifería,3,152876.79,Web,Cuenta corriente,Río Grande
TX-002125,CLI-00994,2024-12-13,Plomería y caños,43,344459.21,Web,Tarjeta de crédito,Río Grande
TX-002127,CLI-00706,2024-12-13,Herramientas manuales,1,12673.16,App,Tarjeta de débito,Río Grande
TX-002126,CLI-00793,2024-12-13,Herramientas manuales,13,391118.6,App,Cuenta corriente,Río Grande
TX-002122,CLI-01212,2024-12-13,Electricidad e iluminación,3,32031.22,Web,Transferencia,Río Grande 
TX-002167,CLI-00740,2024-12-14,Aberturas,2,260077.33,Web,Tarjeta de crédito,Río Grande
TX-002166,CLI-01111,2024-12-14,Herramientas manuales,1,11883.21,App,Tarjeta de débito,Ushuaia
TX-002163,CLI-01300,2024-12-14,Cemento y áridos,39,,App,Cuenta corriente,Río Grande
TX-002162,CLI-01034,2024-12-14,Electricidad e iluminación,3,49242.89,Web,Transferencia,Ushuaia
TX-002161,CLI-00437,2024-12-14,Pinturas y revestimientos,6,83772.0,Web,transf.,Ushuaia
TX-002160,CLI-00345,2024-12-14,Pinturas y revestimientos,6,343576.02,Web,Tarjeta de crédito,Río Grande
TX-002159,CLI-00281,2024-12-14,Aberturas,12,2045228.46,Web,Cuenta corriente,Ushuaia
TX-002155,CLI-00770,2024-12-14,Pisos y cerámicos,2,22092.87,Web,Transferencia,Ushuaia
TX-002156,CLI-00930,2024-12-14,Electricidad e iluminación,5,90772.36,Web,Cuenta corriente,Río Grande
TX-002154,CLI-01277,2024-12-14,Aberturas,6,521610.93,Web,Transferencia,Ushuaia
TX-002153,CLI-00494,2024-12-14,Pisos y cerámicos,26,533292.3,Web,Transferencia,Tolhuin
TX-002152,CLI-00992,2024-12-14,Maderas y tableros,4,152136.99,Web,Tarjeta de débito,Rio Grande
TX-002150,CLI-00621,2024-12-14,Electricidad e iluminación,4,55076.72,Telefónico,Tarjeta de crédito,Río Grande
TX-002149,CLI-00085,2024-12-14,Herramientas manuales,2,25251.58,Telefónico,Tarjeta de crédito,Río Grande
TX-002147,CLI-01069,2024-12-14,Pisos y cerámicos,26,392029.59,App,Efectivo en sucursal,Río Grande
TX-002145,CLI-00621,2024-12-14,Pinturas y revestimientos,6,351167.48,Telefónico,Transferencia,Río Grande
TX-002158,CLI-01104,2024-12-14,Maderas y tableros,8,292283.13,Telefónico,Cuenta corriente,Río Grande
TX-002151,CLI-00016,2024-12-14,Herramientas manuales,3,69523.03,Web,Transferencia,Río Grande
TX-002171,CLI-00436,2024-12-15,Sanitarios y grifería,1,28215.82,Web,Transferencia,Río Grande
TX-002168,CLI-00044,2024-12-15,Plomería y caños,6,48242.36,Web,Transferencia,Ushuaia
TX-002170,CLI-00334,2024-12-15,Herramientas eléctricas,1,172333.38,Web,Tarjeta de débito,Río Grande
TX-002172,CLI-00362,2024-12-15,Plomería y caños,3,17570.15,Web,T. crédito,Tolhuin
TX-002173,CLI-01084,2024-12-16,Cemento y áridos,27,974540.17,App,Transferencia,Ushuaia
TX-002192,CLI-00710,2024-12-16,Aberturas,1,94091.35,Web,transf.,Río Grande
TX-002189,CLI-01326,2024-12-16,Sanitarios y grifería,2,58552.64,Web,Transferencia,Río Grande
TX-002188,CLI-00442,2024-12-16,Sanitarios y grifería,8,266457.33,Web,Transferencia,Ushuaia
TX-002187,CLI-01054,2024-12-16,Herramientas manuales,5,53406.52,Web,Transferencia,Ushuaia
TX-002186,CLI-00486,2024-12-16,Herramientas eléctricas,1,127930.6,Web,Tarjeta de crédito,Ushuaia
TX-002190,CLI-00360,2024-12-16,Electricidad e iluminación,12,216542.65,Telefónico,Transferencia,Río Grande
TX-002184,CLI-00350,2024-12-16,Seguridad e indumentaria,5,131025.04,Web,Tarjeta de débito,Río Grande
TX-002183,CLI-00708,2024-12-16,Cemento y áridos,18,269152.12,Web,Tarjeta de crédito,Río Grande
TX-002182,CLI-00509,2024-12-16,Sanitarios y grifería,4,127404.46,Web,Tarjeta de débito,Río Grande
TX-002181,CLI-00394,2024-12-16,Cemento y áridos,6,142090.45,App,Cuenta corriente,Ushuaia
TX-002180,CLI-01094,2024-12-16,Pinturas y revestimientos,2,-36262.25,App,Tarjeta de crédito,Ushuaia
TX-002176,CLI-01091,2024-12-16,Plomería y caños,7,56191.49,Web,Tarjeta de débito,Río Grande
TX-002175,CLI-00326,2024-12-16,Sanitarios y grifería,2,77557.45,Web,T. débito,Río Grande
TX-002185,CLI-01330,2024-12-16,Pinturas y revestimientos,2,29815.52,Web,Tarjeta de crédito,Tolhuin
TX-002174,CLI-00281,2024-12-16,Cemento y áridos,73,987104.17,App,Tarjeta de crédito,Ushuaia
TX-002214,CLI-00992,2024-12-17,Cemento y áridos,24,419872.4,Telefónico,Transferencia,Río Grande
TX-002215,CLI-00300,2024-12-17,Plomería y caños,4,91543.74,Web,Cuenta corriente,Ushuaia
TX-002216,CLI-01168,2024-12-17,Herramientas manuales,1,14293.49,Web,Tarjeta de débito,Ushuaia
TX-002218,CLI-00300,2024-12-17,Pinturas y revestimientos,7,412002.81,Web,Cuenta corriente,Ushuaia
TX-002223,CLI-01211,2024-12-17,Seguridad e indumentaria,2,58396.05,Web,Transferencia,RÍO GRANDE
TX-002221,CLI-00686,2024-12-17,Sanitarios y grifería,3,134535.75,Web,Tarjeta de crédito,Ushuaia
TX-002222,CLI-00709,2024-12-17,Herramientas manuales,2,31374.24,Web,Tarjeta de crédito,ushuaia
TX-002224,CLI-01111,2024-12-17,Pinturas y revestimientos,1,16080.44,App,Tarjeta de crédito,Ushuaia
TX-002213,CLI-00232,2024-12-17,Sanitarios y grifería,1,60256.94,Web,Transferencia,Río Grande
TX-002219,CLI-00701,2024-12-17,Cemento y áridos,99,2447712.87,App,Cuenta corriente,Río Grande
TX-002211,CLI-00419,2024-12-17,Sanitarios y grifería,6,269187.28,Web,Cuenta corriente,Río Grande
TX-002220,CLI-01333,2024-12-17,Cemento y áridos,20,152951.45,Web,Transferencia,USHUAIA
TX-002209,CLI-00040,2024-12-17,Electricidad e iluminación,3,67917.21,Web,Transferencia,Ushuaia
TX-002210,CLI-01036,2024-12-17,Pisos y cerámicos,11,105760.82,Web,Tarjeta de débito,Ushuaia
TX-002194,CLI-00750,2024-12-17,Herramientas manuales,5,75408.67,Web,Tarjeta de débito,Ushuaia
TX-002193,CLI-00088,2024-12-17,Electricidad e iluminación,8,64729.36,Web,Transferencia,Río Grande
TX-002196,CLI-00535,2024-12-17,Herramientas manuales,6,174350.44,Telefónico,Cuenta corriente,Ushuaia
TX-002198,CLI-01258,2024-12-17,Maderas y tableros,43,666364.11,Web,Transferencia,río grande
TX-002199,CLI-00359,2024-12-17,Sanitarios y grifería,4,188791.21,Web,Transferencia,RÍO GRANDE
TX-002195,CLI-01255,2024-12-17,Plomería y caños,11,58954.27,Web,Tarjeta de crédito,Ushuaia
TX-002202,CLI-00554,2024-12-17,Herramientas manuales,7,78136.12,Telefónico,Tarjeta de crédito,Rio Grande
TX-002203,CLI-00074,2024-12-17,Ferretería general,8,29098.3,Web,,Río Grande
TX-002205,CLI-00879,2024-12-17,Pinturas y revestimientos,6,344466.92,Telefónico,Cuenta corriente,río grande
TX-002206,CLI-00068,2024-12-17,Pisos y cerámicos,7,306326.86,App,Cuenta corriente,Río Grande
TX-002207,CLI-00652,2024-12-17,Pinturas y revestimientos,3,74643.51,Web,Tarjeta de débito,río grande
TX-002208,CLI-00713,2024-12-17,Pisos y cerámicos,9,117275.95,Web,Tarjeta de crédito,Ushuaia
TX-002201,CLI-00499,2024-12-17,Herramientas manuales,2,35706.04,Telefónico,Tarjeta de débito,Río Grande
TX-002240,CLI-00473,2024-12-18,Sanitarios y grifería,2,68515.66,Web,Transferencia,Ushuaia
TX-002251,CLI-00028,2024-12-18,Seguridad e indumentaria,8,315017.72,Telefónico,Cuenta corriente,Ushuaia
TX-002250,CLI-01009,2024-12-18,Herramientas manuales,5,83084.2,App,Tarjeta de débito,Tolhuin
TX-002249,CLI-00599,2024-12-18,Plomería y caños,3,22031.79,Web,Tarjeta de crédito,Ushuaia
TX-002247,CLI-00357,2024-12-18,Seguridad e indumentaria,6,479423.24,Telefónico,Cuenta corriente,Ushuaia
TX-002246,CLI-00962,2024-12-18,Cemento y áridos,12,158590.27,App,Efectivo en sucursal,Río Grande
TX-002245,CLI-00594,2024-12-18,Herramientas manuales,2,23431.62,Web,Tarjeta de débito,Río Grande
TX-002243,CLI-01265,2024-12-18,Herramientas eléctricas,4,1411207.85,App,Tarjeta de débito,Tolhuin
TX-002239,CLI-01059,2024-12-18,Maderas y tableros,8,416462.19,Web,Cuenta corriente,Ushuaia
TX-002236,CLI-01036,2024-12-18,Sanitarios y grifería,1,31986.54,Web,Tarjeta de débito,Ushuaia
TX-002237,CLI-00074,2024-12-18,Maderas y tableros,3,63464.35,Web,Tarjeta de débito,Río Grande
TX-002225,CLI-00357,2024-12-18,Sanitarios y grifería,1,108326.61,App,Transferencia,Ushuaia
TX-002226,CLI-01332,2024-12-18,Ferretería general,5,31973.61,Web,Tarjeta de débito,Ushuaia
TX-002238,CLI-00320,2024-12-18,Ferretería general,6,18841.35,Web,Transferencia,RÍO GRANDE
TX-002229,CLI-00982,2024-12-18,Electricidad e iluminación,22,389978.26,Telefónico,Transferencia,Ushuaia
TX-002230,CLI-00463,2024-12-18,Aberturas,2,194047.65,Web,Tarjeta de crédito,Tolhuin
TX-002228,CLI-01317,2024-12-18,Pisos y cerámicos,3,48038.12,Telefónico,Efectivo en sucursal,Tolhuin
TX-002232,CLI-01160,2024-12-18,Maderas y tableros,35,487473.26,Web,Tarjeta de crédito,Ushuaia
TX-002233,CLI-00394,2024-12-18,Seguridad e indumentaria,7,281351.32,App,Cuenta corriente,Ushuaia
TX-002234,CLI-00577,2024-12-18,Plomería y caños,16,203301.15,App,Transferencia,Río Grande
TX-002235,CLI-00581,2024-12-18,Ferretería general,34,130909.42,Telefónico,Tarjeta de débito,río grande
TX-002231,CLI-00326,2024-12-18,Electricidad e iluminación,2,20477.63,Telefónico,Tarjeta de débito,Río Grande
TX-002266,CLI-01162,2024-12-19,Herramientas manuales,4,45171.68,Web,Tarjeta de crédito,Río Grande
TX-002273,CLI-00575,2024-12-19,Electricidad e iluminación,6,118522.82,App,Cuenta corriente,Río Grande
TX-002272,CLI-01168,2024-12-19,Herramientas manuales,5,78207.44,App,Transferencia,Ushuaia
TX-002271,CLI-00327,2024-12-19,Ferretería general,10,37845.73,App,Transferencia,Río Grande
TX-002270,CLI-00232,2024-12-19,Electricidad e iluminación,7,139291.51,Web,Tarjeta de débito,Río Grande
TX-002269,CLI-00395,2024-12-19,Pisos y cerámicos,5,41466.84,App,Efectivo en sucursal,Río Grande
TX-002267,CLI-00078,2024-12-19,Cemento y áridos,4,75402.07,Telefónico,Cuenta corriente,Ushuaia
TX-002264,CLI-01059,2024-12-19,Ferretería general,10,106643.68,Telefónico,Cuenta corriente,Ushuaia
TX-002253,CLI-00453,2024-12-19,Herramientas manuales,11,329041.4,Telefónico,Cuenta corriente,Río Grande
TX-002262,CLI-00611,2024-12-19,Seguridad e indumentaria,5,154836.08,Web,Tarjeta de débito,
TX-002261,CLI-00163,2024-12-19,Pisos y cerámicos,2,53525.73,Telefónico,Cuenta corriente,Río Grande
TX-002260,CLI-01238,2024-12-19,Pisos y cerámicos,44,1314758.93,Telefónico,Transferencia,Ushuaia
TX-002259,CLI-01046,2024-12-19,Pisos y cerámicos,13,316219.83,Web,Tarjeta de débito,Río Grande
TX-002258,CLI-00705,2024-12-19,Pinturas y revestimientos,2,42649.7,Web,Tarjeta de crédito,Ushuaia
TX-002257,CLI-00613,2024-12-19,Maderas y tableros,32,929593.68,Web,Cuenta corriente,Ushuaia
TX-002256,CLI-00551,2024-12-19,Seguridad e indumentaria,3,197292.04,Telefónico,Cuenta corriente,ushuaia
TX-002255,CLI-00716,2024-12-19,Cemento y áridos,20,200955.26,Telefónico,T. débito,Río Grande
TX-002254,CLI-00078,2024-12-19,Cemento y áridos,24,417815.09,App,Cuenta corriente,Ushuaia
TX-002263,CLI-00616,2024-12-19,Ferretería general,4,10269.32,Telefónico,Tarjeta de crédito,Ushuaia
TX-002303,CLI-00254,2024-12-20,Pinturas y revestimientos,2,59448.37,Telefónico,Tarjeta de débito,Río Grande
TX-002304,CLI-00604,2024-12-20,Sanitarios y grifería,4,153810.44,App,Tarjeta de crédito,Ushuaia
TX-002305,CLI-00356,2024-12-20,Plomería y caños,31,296369.78,Telefónico,Transferencia,Río Grande
TX-002306,CLI-00680,2024-12-20,Cemento y áridos,5,44498.84,Telefónico,Transferencia,Ushuaia
TX-002307,CLI-00298,2024-12-20,Herramientas manuales,3,61988.72,App,Transferencia,Río Grande
TX-002308,CLI-00553,2024-12-20,Pisos y cerámicos,15,330203.41,App,Cuenta corriente,Río Grande
TX-002315,CLI-00031,2024-12-20,Herramientas manuales,3,40252.64,App,Transferencia,Río Grande
TX-002311,CLI-00705,2024-12-20,Cemento y áridos,8,77215.27,Web,Tarjeta de débito,Ushuaia
TX-002313,CLI-00068,2024-12-20,Aberturas,4,1852873.93,Telefónico,Cuenta corriente,río grande
TX-002314,CLI-00448,2024-12-20,Seguridad e indumentaria,5,350202.82,App,Cuenta corriente,Río Grande
TX-002316,CLI-01183,2024-12-20,Electricidad e iluminación,1,13237.8,Web,Tarjeta de crédito,Río Grande
TX-002302,CLI-00300,2024-12-20,Maderas y tableros,19,-1274750.55,App,Cuenta corriente,Ushuaia
TX-002309,CLI-00348,2024-12-20,Ferretería general,7,36104.54,App,Cuenta corriente,Tolhuin
TX-002300,CLI-00551,2024-12-20,Sanitarios y grifería,3,482888.55,Telefónico,Cuenta corriente,Ushuaia
TX-002317,CLI-00957,2024-12-20,Herramientas eléctricas,2,,App,Transferencia,Río Grande
TX-002298,CLI-00666,2024-12-20,Sanitarios y grifería,2,77953.53,Web,Efectivo en sucursal,RÍO GRANDE
TX-002276,CLI-00142,2024-12-20,Herramientas eléctricas,8,1716974.74,Web,Cuenta corriente,Río Grande
TX-002274,CLI-00844,2024-12-20,Plomería y caños,7,46820.85,Web,Tarjeta de débito,Tolhuin
TX-002277,CLI-01046,2024-12-20,Cemento y áridos,10,152238.79,App,Cuenta corriente,Río Grande
TX-002278,CLI-01327,2024-12-20,Cemento y áridos,2,20371.18,App,transf.,Ushuaia
TX-002280,CLI-01067,2024-12-20,Pinturas y revestimientos,4,82725.6,App,Tarjeta de débito,Tolhuin
TX-002283,CLI-00486,2024-12-20,Herramientas manuales,4,56010.03,Web,Tarjeta de crédito,Ushuaia
TX-002284,CLI-00142,2024-12-20,Sanitarios y grifería,5,349575.4,Telefónico,Cuenta corriente,Río Grande
TX-002285,CLI-00850,2024-12-20,Pinturas y revestimientos,3,86050.24,Telefónico,Transferencia,Río Grande
TX-002299,CLI-00571,2024-12-20,Ferretería general,7,19777.42,App,Efectivo en sucursal,Río Grande
TX-002288,CLI-00636,2024-12-20,Pinturas y revestimientos,1,19712.38,Web,Efectivo en sucursal,Ushuaia
TX-002289,CLI-00629,2024-12-20,Electricidad e iluminación,8,166636.47,App,Cuenta corriente,Río Grande
TX-002291,CLI-00813,2024-12-20,Maderas y tableros,27,1500955.9,Web,Cuenta corriente,Río Grande 
TX-002292,CLI-01032,2024-12-20,Electricidad e iluminación,7,75423.7,Web,,Río Grande
TX-002293,CLI-01112,2024-12-20,Pinturas y revestimientos,6,131828.08,App,Tarjeta de crédito,Ushuaia
TX-002296,CLI-00922,2024-12-20,Cemento y áridos,7,70651.3,App,Efectivo en sucursal,Tolhuin
TX-002295,CLI-00729,2024-12-20,Ferretería general,1,3063.6,Web,Tarjeta de débito,Río Grande
TX-002286,CLI-01059,2024-12-20,Herramientas eléctricas,4,1500663.75,App,Tarjeta de crédito,Ushuaia
TX-002332,CLI-00636,2024-12-21,Sanitarios y grifería,5,152872.64,App,Tarjeta de crédito,Ushuaia
TX-002331,CLI-01032,2024-12-21,Ferretería general,4,14349.67,Web,Tarjeta de débito,Río Grande
TX-002328,CLI-00633,2024-12-21,Sanitarios y grifería,3,182274.41,Telefónico,Transferencia,río grande
TX-002327,CLI-00858,2024-12-21,Seguridad e indumentaria,2,49556.99,Web,Tarjeta de débito,Ushuaia
TX-002330,CLI-00280,2024-12-21,Electricidad e iluminación,8,81737.84,Web,Transferencia,RÍO GRANDE
TX-002325,CLI-00598,2024-12-21,Aberturas,5,820511.99,Telefónico,transf.,Ushuaia
TX-002319,CLI-01020,2024-12-21,Herramientas manuales,1,18309.61,Web,Tarjeta de débito,Río Grande
TX-002324,CLI-00984,2024-12-21,Aberturas,1,116013.94,Telefónico,Tarjeta de crédito,Río Grande
TX-002323,CLI-00439,2024-12-21,Pisos y cerámicos,16,259850.83,App,Transferencia,Río Grande
TX-002321,CLI-01059,2024-12-21,Seguridad e indumentaria,1,85714.67,Telefónico,Tarjeta de débito,Ushuaia
TX-002322,CLI-00793,2024-12-21,Ferretería general,9,46386.25,Web,Transferencia,Río Grande
TX-002326,CLI-01069,2024-12-21,Electricidad e iluminación,2,21185.97,Web,Tarjeta de débito,Río Grande
TX-002347,CLI-00466,2024-12-22,Plomería y caños,12,119548.88,Web,transf.,Ushuaia
TX-002346,CLI-00351,2024-12-22,Cemento y áridos,183,3556499.47,Telefónico,Transferencia,Río Grande
TX-002344,CLI-00387,2024-12-22,Plomería y caños,8,77471.88,App,Tarjeta de crédito,Río Grande
TX-002345,CLI-00982,2024-12-22,Aberturas,4,854701.39,Telefónico,Cuenta corriente,Ushuaia
TX-002340,CLI-01000,2024-12-22,Pisos y cerámicos,107,3027379.41,Web,Cuenta corriente,Ushuaia
TX-002339,CLI-00287,2024-12-22,Cemento y áridos,18,157702.42,App,T. débito,Ushuaia
TX-002338,CLI-01164,2024-12-22,Herramientas manuales,7,101274.69,App,Tarjeta de crédito,Río Grande
TX-002335,CLI-00935,2024-12-22,Herramientas manuales,5,249029.92,Telefónico,Transferencia,Río Grande
TX-002333,CLI-00180,2024-12-22,Ferretería general,18,75383.66,Web,Tarjeta de débito,RÍO GRANDE
TX-002341,CLI-00566,2024-12-22,Pinturas y revestimientos,2,53716.86,Web,Transferencia,Río Grande
TX-002336,CLI-01347,2024-12-22,Ferretería general,5,54992.62,App,Cuenta corriente,Río Grande
TX-002364,CLI-00040,2024-12-23,Sanitarios y grifería,2,126027.04,Web,Cuenta corriente,Ushuaia
TX-002372,CLI-00636,2024-12-23,Pinturas y revestimientos,4,76710.82,App,Transferencia,Ushuaia
TX-002371,CLI-00866,2024-12-23,Ferretería general,21,61841.71,App,Efectivo en sucursal,Ushuaia
TX-002370,CLI-00500,2024-12-23,Plomería y caños,9,116857.42,Web,Tarjeta de débito,Ushuaia
TX-002369,CLI-00386,2024-12-23,Pinturas y revestimientos,5,171526.63,Web,Cuenta corriente,río grande
TX-002368,CLI-00935,2024-12-23,Maderas y tableros,14,943038.68,Telefónico,Cuenta corriente,Río Grande
TX-002367,CLI-00415,2024-12-23,Cemento y áridos,7,67496.32,Telefónico,transf.,RÍO GRANDE
TX-002366,CLI-00078,2024-12-23,Cemento y áridos,14,195164.58,Telefónico,Tarjeta de crédito,Ushuaia
TX-002363,CLI-00858,2024-12-23,Pinturas y revestimientos,7,175539.07,Web,Tarjeta de débito,Ushuaia
TX-002361,CLI-00054,2024-12-23,Electricidad e iluminación,4,80886.99,Web,Tarjeta de crédito,Ushuaia
TX-002360,CLI-00813,2024-12-23,Sanitarios y grifería,7,766513.54,App,Cuenta corriente,RÍO GRANDE
TX-002359,CLI-00113,2024-12-23,Seguridad e indumentaria,10,478794.22,App,Cuenta corriente,Río Grande
TX-002357,CLI-00273,2024-12-23,Maderas y tableros,10,310927.47,App,Tarjeta de crédito,Río Grande
TX-002356,CLI-00113,2024-12-23,Cemento y áridos,32,483363.25,Web,Transferencia,Río Grande
TX-002355,CLI-00389,2024-12-23,Electricidad e iluminación,2,19272.94,Telefónico,Efectivo en sucursal,Río Grande
TX-002354,CLI-00227,2024-12-23,Plomería y caños,4,37885.4,Web,Tarjeta de débito,Río Grande
TX-002353,CLI-00420,2024-12-23,Pinturas y revestimientos,1,18067.46,Web,Transferencia,ushuaia
TX-002352,CLI-00357,2024-12-23,Cemento y áridos,11,335658.03,Web,Cuenta corriente,Ushuaia
TX-002350,CLI-00732,2024-12-23,Pisos y cerámicos,4,53218.92,Web,transf.,Río Grande
TX-002351,CLI-00994,2024-12-23,Electricidad e iluminación,5,80859.38,App,Efectivo en sucursal,río grande
TX-002362,CLI-00432,2024-12-23,Ferretería general,5,15498.13,Web,Tarjeta de crédito,Río Grande
TX-002391,CLI-00872,2024-12-24,Electricidad e iluminación,5,146287.24,Web,Cuenta corriente,Río Grande
TX-002392,CLI-01212,2024-12-24,Sanitarios y grifería,3,135790.11,Web,Tarjeta de crédito,Rio Grande
TX-002393,CLI-00326,2024-12-24,Pinturas y revestimientos,2,59054.19,App,Tarjeta de débito,Río Grande
TX-002394,CLI-01054,2024-12-24,Sanitarios y grifería,5,215022.17,App,Tarjeta de crédito,Ushuaia
TX-002401,CLI-01012,2024-12-24,Ferretería general,4,10586.12,Telefónico,Transferencia,Río Grande
TX-002396,CLI-00357,2024-12-24,Plomería y caños,8,198688.65,Web,Cuenta corriente,Ushuaia
TX-002397,CLI-00636,2024-12-24,Electricidad e iluminación,2,20602.43,Web,Tarjeta de crédito,Ushuaia
TX-002398,CLI-00348,2024-12-24,Herramientas manuales,14,365314.94,App,Transferencia,Tolhuin
TX-002400,CLI-00571,2024-12-24,Pisos y cerámicos,3,43417.6,App,Tarjeta de crédito,río grande
TX-002395,CLI-00298,2024-12-24,Electricidad e iluminación,1,11316.61,Web,Transferencia,Río Grande
TX-002389,CLI-00020,2024-12-24,Aberturas,7,844539.78,App,Tarjeta de débito,Ushuaia
TX-002390,CLI-01199,2024-12-24,Ferretería general,21,101234.32,Telefónico,Transferencia,Río Grande
TX-002387,CLI-00101,2024-12-24,Pinturas y revestimientos,1,23447.6,App,Efectivo en sucursal,RÍO GRANDE
TX-002388,CLI-00426,2024-12-24,Ferretería general,9,18861.78,App,Tarjeta de débito,Río Grande
TX-002374,CLI-00936,2024-12-24,Cemento y áridos,37,263455.65,Web,Tarjeta de crédito,RÍO GRANDE
TX-002375,CLI-00351,2024-12-24,Pinturas y revestimientos,2,60968.56,Telefónico,Cuenta corriente,Río Grande
TX-002376,CLI-01049,2024-12-24,Pisos y cerámicos,11,432703.33,Telefónico,Cuenta corriente,Río Grande
TX-002377,CLI-00732,2024-12-24,Aberturas,2,311455.37,Web,Transferencia,Río Grande
TX-002378,CLI-00286,2024-12-24,Pinturas y revestimientos,4,76798.07,Web,,Ushuaia
TX-002373,CLI-00706,2024-12-24,Electricidad e iluminación,3,36842.83,App,Transferencia,Río Grande
TX-002380,CLI-01035,2024-12-24,Herramientas eléctricas,2,272088.66,Telefónico,Tarjeta de débito,Río Grande
TX-002381,CLI-00423,2024-12-24,Plomería y caños,3,26653.51,Telefónico,Efectivo en sucursal,Río Grande
TX-002382,CLI-01146,2024-12-24,Cemento y áridos,11,199815.41,App,Transferencia,Río Grande
TX-002383,CLI-00531,2024-12-24,Plomería y caños,11,74606.55,Web,Transferencia,Ushuaia
TX-002385,CLI-00322,2024-12-24,Pinturas y revestimientos,2,85065.35,Telefónico,Cuenta corriente,Río Grande
TX-002386,CLI-00776,2024-12-24,Electricidad e iluminación,54,640887.0,Web,Transferencia,Rio Grande
TX-002379,CLI-00577,2024-12-24,Cemento y áridos,22,357724.67,Telefónico,Transferencia,Río Grande
TX-002425,CLI-00128,2024-12-25,Electricidad e iluminación,12,190257.37,App,Cuenta corriente,Río Grande
TX-002427,CLI-01112,2024-12-25,Sanitarios y grifería,3,140917.25,Web,Transferencia,Ushuaia
TX-002428,CLI-00901,2024-12-25,Electricidad e iluminación,8,139578.3,Telefónico,Cuenta corriente,Ushuaia
TX-002429,CLI-00830,2024-12-25,Electricidad e iluminación,9,60159.63,Web,Transferencia,Río Grande
TX-002430,CLI-01017,2024-12-25,Maderas y tableros,5,345416.28,App,Cuenta corriente,Río Grande
TX-002433,CLI-00545,2024-12-25,Pisos y cerámicos,2,23724.34,App,Tarjeta de débito,Río Grande
TX-002432,CLI-00304,2024-12-25,Pinturas y revestimientos,20,612345.02,Telefónico,Transferencia,Ushuaia
TX-002435,CLI-00171,2024-12-25,Pinturas y revestimientos,3,51052.7,Telefónico,Tarjeta de débito,Ushuaia
TX-002437,CLI-01135,2024-12-25,Cemento y áridos,12,104807.17,App,Tarjeta de débito,Ushuaia
TX-002438,CLI-01172,2024-12-25,Pinturas y revestimientos,21,531477.96,Telefónico,Tarjeta de crédito,Río Grande
TX-002431,CLI-00431,2024-12-25,Sanitarios y grifería,1,248261.83,Web,Tarjeta de crédito,río grande
TX-002424,CLI-00348,2024-12-25,Maderas y tableros,7,286047.33,App,Tarjeta de crédito,TOLHUIN
TX-002419,CLI-00178,2024-12-25,Sanitarios y grifería,9,650336.04,Telefónico,Tarjeta de crédito,Ushuaia
TX-002421,CLI-00992,2024-12-25,Ferretería general,31,181733.55,Telefónico,Cuenta corriente,Río Grande
TX-002423,CLI-01238,2024-12-25,Herramientas manuales,3,63393.17,Telefónico,transf.,Ushuaia
TX-002403,CLI-00759,2024-12-25,Seguridad e indumentaria,6,321397.43,App,Transferencia,Ushuaia
TX-002402,CLI-00494,2024-12-25,Seguridad e indumentaria,2,56954.24,Web,Tarjeta de crédito,Tolhuin
TX-002405,CLI-01144,2024-12-25,Pisos y cerámicos,4,61815.13,Web,Transferencia,Río Grande
TX-002407,CLI-00710,2024-12-25,Herramientas manuales,1,6951.81,Web,Efectivo en sucursal,río grande
TX-002409,CLI-00202,2024-12-25,Maderas y tableros,8,321579.17,Telefónico,Cuenta corriente,Ushuaia
TX-002404,CLI-00521,2024-12-25,Maderas y tableros,7,99137.0,Web,Tarjeta de débito,Río Grande
TX-002412,CLI-00883,2024-12-25,Electricidad e iluminación,11,354450.07,Web,Cuenta corriente,Río Grande
TX-002413,CLI-00371,2024-12-25,Cemento y áridos,14,151244.64,Telefónico,Efectivo en sucursal,Ushuaia
TX-002414,CLI-00483,2024-12-25,Herramientas manuales,8,207648.71,Telefónico,Cuenta corriente,Río Grande
TX-002417,CLI-00660,2024-12-25,Ferretería general,2,6604.52,Web,Transferencia,río grande
TX-002418,CLI-00551,2024-12-25,Ferretería general,25,266336.65,Telefónico,Transferencia,
TX-002420,CLI-01248,2024-12-25,Cemento y áridos,7,85190.22,Web,Tarjeta de crédito,Ushuaia
TX-002410,CLI-01347,2024-12-25,Herramientas eléctricas,4,1659868.41,App,Tarjeta de crédito,Río Grande
TX-002455,CLI-01156,2024-12-26,Aberturas,2,212115.35,Web,Tarjeta de crédito,Ushuaia
TX-002462,CLI-01342,2024-12-26,Ferretería general,5,18082.64,Web,Tarjeta de crédito,Ushuaia
TX-002461,CLI-01033,2024-12-26,Electricidad e iluminación,3,22213.96,App,Tarjeta de débito,tolhuin
TX-002460,CLI-01046,2024-12-26,Electricidad e iluminación,7,137058.07,App,Cuenta corriente,Río Grande
TX-002458,CLI-00596,2024-12-26,Pisos y cerámicos,20,398760.95,Web,Transferencia,Río Grande
TX-002457,CLI-00560,2024-12-26,Plomería y caños,17,213566.02,Telefónico,Transferencia,río grande
TX-002456,CLI-00494,2024-12-26,Sanitarios y grifería,3,131484.89,App,Transferencia,Tolhuin 
TX-002454,CLI-00068,2024-12-26,Cemento y áridos,41,1164284.52,Telefónico,Cuenta corriente,Río Grande
TX-002451,CLI-00841,2024-12-26,Herramientas manuales,4,120565.03,Telefónico,Transferencia,Ushuaia
TX-002439,CLI-01187,2024-12-26,Electricidad e iluminación,2,19978.12,App,Tarjeta de crédito,Ushuaia
TX-002450,CLI-00851,2024-12-26,Herramientas manuales,2,18560.21,App,Tarjeta de débito,Río Grande
TX-002449,CLI-00598,2024-12-26,Maderas y tableros,13,388304.99,App,Cuenta corriente,Ushuaia
TX-002448,CLI-00803,2024-12-26,Electricidad e iluminación,9,131388.58,App,Tarjeta de débito,Ushuaia
TX-002446,CLI-00897,2024-12-26,Herramientas manuales,2,27902.57,App,Efectivo en sucursal,Ushuaia
TX-002445,CLI-01148,2024-12-26,Herramientas manuales,4,51670.96,Web,Tarjeta de débito,Ushuaia
TX-002444,CLI-00146,2024-12-26,Herramientas manuales,3,50138.76,Web,Transferencia,RÍO GRANDE
TX-002443,CLI-00199,2024-12-26,Ferretería general,10,56216.44,Telefónico,Cuenta corriente,Río Grande
TX-002441,CLI-00200,2024-12-26,Aberturas,2,195928.46,Web,Transferencia,RÍO GRANDE
TX-002440,CLI-01051,2024-12-26,Cemento y áridos,35,536647.35,App,Cuenta corriente,Río Grande
TX-002452,CLI-00448,2024-12-26,Cemento y áridos,25,407308.19,Telefónico,,Río Grande
TX-002487,CLI-00394,2024-12-27,Herramientas eléctricas,4,977711.45,Web,Cuenta corriente,Ushuaia 
TX-002488,CLI-00438,2024-12-27,Sanitarios y grifería,3,86460.07,Web,Tarjeta de débito,Ushuaia
TX-002489,CLI-00419,2024-12-27,Seguridad e indumentaria,3,117491.66,Web,Transferencia,Río Grande
TX-002490,CLI-01123,2024-12-27,Ferretería general,28,111468.35,Web,Tarjeta de crédito,RÍO GRANDE
TX-002486,CLI-00750,2024-12-27,,16,,Telefónico,Tarjeta de crédito,Ushuaia
TX-002494,CLI-00522,2024-12-27,Pisos y cerámicos,3,38526.03,Web,,Río Grande
TX-002495,CLI-00713,2024-12-27,Herramientas manuales,1,15863.68,Web,transf.,Ushuaia
TX-002496,CLI-00296,2024-12-27,Pinturas y revestimientos,3,43908.74,Web,Tarjeta de crédito,Río Grande
TX-002497,CLI-00122,2024-12-27,Seguridad e indumentaria,3,78862.32,Web,Tarjeta de débito,Rio Grande
TX-002492,CLI-00515,2024-12-27,Ferretería general,28,155316.22,Web,Cuenta corriente,Río Grande
TX-002484,CLI-00881,2024-12-27,Sanitarios y grifería,14,617853.98,Web,Tarjeta de débito,Tolhuin
TX-002475,CLI-01224,2024-12-27,Pinturas y revestimientos,3,80418.02,Web,Transferencia,Río Grande
TX-002482,CLI-01053,2024-12-27,Pisos y cerámicos,79,1851613.34,App,Cuenta corriente,RÍO GRANDE
TX-002469,CLI-00164,2024-12-27,Ferretería general,4,12158.48,Web,Tarjeta de crédito,Tolhuin
TX-002467,CLI-01164,2024-12-27,Electricidad e iluminación,54,472398.31,Web,T. crédito,Río Grande 
TX-002470,CLI-00114,2024-12-27,Pisos y cerámicos,24,330838.3,Web,Tarjeta de crédito,ushuaia
TX-002483,CLI-00018,2024-12-27,Plomería y caños,22,128284.46,Web,Tarjeta de débito,río grande
TX-002472,CLI-01141,2024-12-27,Pinturas y revestimientos,15,649782.41,App,Cuenta corriente,Ushuaia
TX-002471,CLI-00656,2024-12-27,Herramientas manuales,3,28525.94,Web,Tarjeta de crédito,Río Grande
TX-002464,CLI-01308,2024-12-27,Herramientas manuales,5,78990.82,Web,Transferencia,Tolhuin
TX-002478,CLI-00841,2024-12-27,Aberturas,8,,Telefónico,Tarjeta de crédito,Ushuaia
TX-002479,CLI-01074,2024-12-27,Plomería y caños,3,28375.55,Web,Tarjeta de crédito,Río Grande
TX-002480,CLI-00154,2024-12-27,Cemento y áridos,55,313874.33,Telefónico,Tarjeta de débito,Río Grande
TX-002481,CLI-01037,2024-12-27,Herramientas manuales,3,58201.15,Telefónico,Cuenta corriente,Ushuaia
TX-002474,CLI-00128,2024-12-27,Electricidad e iluminación,26,467631.41,Telefónico,Cuenta corriente,río grande
TX-002509,CLI-00959,2024-12-28,Herramientas manuales,2,29498.41,Web,Cuenta corriente,Ushuaia
TX-002508,CLI-00474,2024-12-28,Sanitarios y grifería,2,75347.15,App,Transferencia,Ushuaia
TX-002507,CLI-01347,2024-12-28,Cemento y áridos,64,1999657.15,Telefónico,Transferencia,Río Grande
TX-002506,CLI-00280,2024-12-28,Ferretería general,18,60377.52,Web,Tarjeta de débito,RÍO GRANDE
TX-002503,CLI-00613,2024-12-28,Cemento y áridos,37,652204.14,Telefónico,Cuenta corriente,Ushuaia
TX-002504,CLI-00270,2024-12-28,Pinturas y revestimientos,2,33977.07,Web,Transferencia,Río Grande
TX-002502,CLI-00494,2024-12-28,Plomería y caños,4,30117.69,Web,Tarjeta de débito,Tolhuin
TX-002501,CLI-00721,2024-12-28,Pinturas y revestimientos,4,71711.84,Web,Tarjeta de débito,Río Grande
TX-002500,CLI-00828,2024-12-28,Herramientas manuales,10,377455.92,Telefónico,Transferencia,Ushuaia
TX-002499,CLI-00720,2024-12-28,Herramientas manuales,2,29128.83,Web,Tarjeta de crédito,Río Grande
TX-002498,CLI-01320,2024-12-28,Sanitarios y grifería,2,65441.36,App,Tarjeta de débito,Tolhuin
TX-002505,CLI-00356,2024-12-28,Aberturas,8,1426630.25,Telefónico,Cuenta corriente,Río Grande 
TX-002510,CLI-00302,2024-12-29,Herramientas manuales,2,29237.46,Web,Transferencia,Río Grande
TX-002525,CLI-01013,2024-12-30,Maderas y tableros,12,489687.79,Telefónico,Transferencia,Ushuaia
TX-002530,CLI-00499,2024-12-30,Seguridad e indumentaria,4,132754.47,App,Tarjeta de débito,río grande
TX-002529,CLI-00180,2024-12-30,Ferretería general,44,126438.52,App,Tarjeta de crédito,Río Grande
TX-002528,CLI-00791,2024-12-30,,4,12392.64,Telefónico,Tarjeta de crédito,Río Grande
TX-002526,CLI-00670,2024-12-30,Herramientas manuales,4,49220.28,Web,Tarjeta de débito,Ushuaia
TX-002523,CLI-00522,2024-12-30,Sanitarios y grifería,6,215083.98,Web,Tarjeta de crédito,Río Grande
TX-002527,CLI-01086,2024-12-30,Pisos y cerámicos,5,44860.58,Web,transf.,Tolhuin
TX-002521,CLI-00759,2024-12-30,Cemento y áridos,57,1021541.49,Telefónico,Transferencia,Ushuaia
TX-002512,CLI-00350,2024-12-30,Maderas y tableros,6,118049.65,Web,Tarjeta de débito,Río Grande
TX-002513,CLI-01074,2024-12-30,Herramientas manuales,3,47618.77,Web,Transferencia,Río Grande
TX-002514,CLI-00389,2024-12-30,Pinturas y revestimientos,1,18946.51,App,Tarjeta de débito,Río Grande
TX-002515,CLI-00994,2024-12-30,Ferretería general,5,22796.24,Telefónico,Tarjeta de débito,Río Grande
TX-002522,CLI-00652,2024-12-30,Pinturas y revestimientos,2,48441.63,App,Efectivo en sucursal,Río Grande 
TX-002511,CLI-00074,2024-12-30,Cemento y áridos,10,88296.96,Telefónico,Transferencia,Río Grande
TX-002517,CLI-00558,2024-12-30,Seguridad e indumentaria,5,153957.01,Web,Transferencia,Río Grande
TX-002520,CLI-00897,2024-12-30,Cemento y áridos,12,88763.77,Web,Tarjeta de débito,Ushuaia
TX-002516,CLI-00115,2024-12-30,Aberturas,3,274365.49,Web,Transferencia,Tolhuin
TX-002567,CLI-00646,2024-12-31,Pinturas y revestimientos,1,16192.41,Web,Tarjeta de crédito,ushuaia
TX-002554,CLI-00128,2024-12-31,Ferretería general,5,28370.48,Telefónico,Transferencia,Rio Grande
TX-002564,CLI-00680,2024-12-31,Ferretería general,3,14182.08,Web,Transferencia,Ushuaia
TX-002563,CLI-00722,2024-12-31,Ferretería general,3,17796.5,Web,Transferencia,Ushuaia
TX-002562,CLI-00113,2024-12-31,Ferretería general,8,60735.22,Telefónico,Transferencia,Río Grande
TX-002561,CLI-00720,2024-12-31,Herramientas manuales,3,39197.59,Web,Transferencia,Río Grande
TX-002560,CLI-00720,2024-12-31,Pinturas y revestimientos,2,-37038.52,Web,Tarjeta de crédito,Río Grande
TX-002558,CLI-00008,2024-12-31,Ferretería general,7,18081.66,Web,Tarjeta de crédito,Río Grande
TX-002556,CLI-00596,2024-12-31,Electricidad e iluminación,7,100088.61,Telefónico,Cuenta corriente,Río Grande
TX-002555,CLI-00302,2024-12-31,Electricidad e iluminación,5,35692.22,Web,Tarjeta de crédito,río grande
TX-002565,CLI-00585,2024-12-31,Herramientas manuales,10,217967.81,Web,Transferencia,Ushuaia
TX-002552,CLI-00793,2024-12-31,Electricidad e iluminación,6,133989.19,App,Cuenta corriente,Río Grande
TX-002550,CLI-00066,2024-12-31,Pisos y cerámicos,7,199262.52,Telefónico,Transferencia,Río Grande 
TX-002531,CLI-00639,2024-12-31,Sanitarios y grifería,5,174711.49,Web,Tarjeta de crédito,Tolhuin
TX-002532,CLI-01119,2024-12-31,Herramientas manuales,10,369359.92,Web,Cuenta corriente,Ushuaia
TX-002551,CLI-00793,2024-12-31,Aberturas,13,2319154.15,App,Cuenta corriente,Río Grande
TX-002536,CLI-00730,2024-12-31,Cemento y áridos,53,766102.63,Web,Cuenta corriente,Río Grande
TX-002537,CLI-01009,2024-12-31,Ferretería general,3,10380.54,Web,Tarjeta de crédito,Tolhuin
TX-002539,CLI-00980,2024-12-31,Ferretería general,7,36837.91,App,Cuenta corriente,Tolhuin
TX-002535,CLI-01164,2024-12-31,Herramientas manuales,9,149800.43,App,Tarjeta de crédito,Río Grande
TX-002541,CLI-00860,2024-12-31,Maderas y tableros,40,1992367.26,Web,Tarjeta de débito,Río Grande
TX-002542,CLI-00680,2024-12-31,Aberturas,2,172257.06,Web,Transferencia,Ushuaia
TX-002543,CLI-01239,2024-12-31,Electricidad e iluminación,14,375067.76,Telefónico,Transferencia,Río Grande
TX-002545,CLI-01046,2024-12-31,Pinturas y revestimientos,5,225718.34,Web,Tarjeta de crédito,Río Grande
TX-002546,CLI-00577,2024-12-31,Electricidad e iluminación,10,165670.66,App,Transferencia,Río Grande
TX-002548,CLI-00509,2024-12-31,Pinturas y revestimientos,1,20030.24,App,Tarjeta de débito,Río Grande
TX-002540,CLI-00287,2024-12-31,Herramientas manuales,2,25211.83,Web,Transferencia,Ushuaia
TX-002597,CLI-01199,2025-01-01,Plomería y caños,7,98566.41,Telefónico,Transferencia,Río Grande
TX-002596,CLI-00910,2025-01-01,Pinturas y revestimientos,2,47421.67,Web,Tarjeta de débito,río grande
TX-002595,CLI-01224,2025-01-01,Herramientas manuales,5,58407.32,Web,Efectivo en sucursal,Rio Grande
TX-002594,CLI-00445,2025-01-01,Plomería y caños,16,87319.97,Web,Tarjeta de crédito,Río Grande
TX-002593,CLI-00935,2025-01-01,Electricidad e iluminación,16,530535.13,Telefónico,Tarjeta de crédito,Río Grande
TX-002592,CLI-00410,2025-01-01,Seguridad e indumentaria,2,49762.56,Web,Transferencia,Ushuaia
TX-002591,CLI-01067,2025-01-01,Cemento y áridos,18,175820.79,Web,Tarjeta de crédito,Tolhuin
TX-002590,CLI-00076,2025-01-01,Pinturas y revestimientos,2,33730.07,Web,Tarjeta de crédito,Ushuaia
TX-002586,CLI-00121,2025-01-01,Plomería y caños,4,23678.08,Telefónico,Transferencia,Ushuaia
TX-002588,CLI-00066,2025-01-01,Ferretería general,4,27738.65,App,Transferencia,río grande
TX-002584,CLI-00046,2025-01-01,Aberturas,3,368774.62,App,Efectivo en sucursal,RÍO GRANDE
TX-002581,CLI-00273,2025-01-01,Pinturas y revestimientos,5,226760.07,Telefónico,Cuenta corriente,Río Grande
TX-002580,CLI-01241,2025-01-01,Electricidad e iluminación,1,8923.2,Web,Transferencia,Ushuaia
TX-002576,CLI-00155,2025-01-01,Plomería y caños,27,149818.25,Web,Tarjeta de crédito,RÍO GRANDE
TX-002572,CLI-00898,2025-01-01,Herramientas manuales,2,32777.07,Telefónico,Tarjeta de crédito,Ushuaia 
TX-002571,CLI-00669,2025-01-01,Pisos y cerámicos,13,175280.96,Web,Tarjeta de débito,Tolhuin
TX-002570,CLI-01323,2025-01-01,Electricidad e iluminación,3,39020.74,Web,Tarjeta de crédito,Río Grande
TX-002568,CLI-00172,2025-01-01,Ferretería general,8,73471.28,App,Transferencia,Tolhuin
TX-002569,CLI-00356,2025-01-01,Pisos y cerámicos,29,838797.0,App,Tarjeta de crédito,Río Grande
TX-002589,CLI-00892,2025-01-01,Pisos y cerámicos,4,57828.26,App,Tarjeta de débito,Tolhuin 
TX-002619,CLI-01029,2025-01-02,Pisos y cerámicos,7,93610.57,App,Tarjeta de crédito,Río Grande
TX-002620,CLI-01174,2025-01-02,Cemento y áridos,18,539321.71,Telefónico,Cuenta corriente,Río Grande
TX-002622,CLI-00996,2025-01-02,Ferretería general,22,145816.86,Web,Tarjeta de crédito,Ushuaia
TX-002623,CLI-00996,2025-01-02,Ferretería general,11,68214.89,Telefónico,Cuenta corriente,Ushuaia
TX-002632,CLI-00695,2025-01-02,Ferretería general,11,49257.76,Web,Tarjeta de crédito,Río Grande
TX-002625,CLI-00453,2025-01-02,Ferretería general,33,167586.97,App,Transferencia,Río Grande
TX-002626,CLI-00997,2025-01-02,Electricidad e iluminación,1,9554.85,Web,transf.,Rio Grande
TX-002627,CLI-00862,2025-01-02,Plomería y caños,26,304854.85,Telefónico,Tarjeta de crédito,Ushuaia
TX-002629,CLI-00474,2025-01-02,Cemento y áridos,21,139675.9,Web,Tarjeta de crédito,Ushuaia
TX-002624,CLI-00074,2025-01-02,Herramientas manuales,1,9873.6,App,Tarjeta de débito,RÍO GRANDE
TX-002618,CLI-00413,2025-01-02,Pinturas y revestimientos,4,115406.11,Telefónico,Cuenta corriente,Río Grande
TX-002616,CLI-01204,2025-01-02,Electricidad e iluminación,4,40773.49,Web,Tarjeta de débito,Ushuaia
TX-002615,CLI-01049,2025-01-02,Sanitarios y grifería,5,892006.92,Telefónico,Cuenta corriente,RÍO GRANDE
TX-002598,CLI-00554,2025-01-02,Plomería y caños,3,22004.2,Web,Tarjeta de crédito,Río Grande
TX-002601,CLI-00580,2025-01-02,Ferretería general,25,70365.13,Web,Transferencia,Río Grande
TX-002617,CLI-00273,2025-01-02,Sanitarios y grifería,2,185720.82,App,Tarjeta de débito,río grande
TX-002603,CLI-00794,2025-01-02,Ferretería general,2,16268.08,Web,Tarjeta de crédito,Río Grande
TX-002605,CLI-00629,2025-01-02,Aberturas,3,678666.92,Telefónico,Tarjeta de débito,Río Grande
TX-002602,CLI-00172,2025-01-02,Aberturas,4,1503915.4,App,Cuenta corriente,Tolhuin
TX-002609,CLI-01164,2025-01-02,Ferretería general,11,35369.25,Web,Tarjeta de débito,Río Grande
TX-002610,CLI-00553,2025-01-02,Electricidad e iluminación,10,216816.89,Web,Transferencia,
TX-002611,CLI-00598,2025-01-02,Plomería y caños,5,58772.95,App,Transferencia,Ushuaia
TX-002612,CLI-01147,2025-01-02,Sanitarios y grifería,2,71911.4,Web,Tarjeta de débito,Río Grande
TX-002614,CLI-00931,2025-01-02,Plomería y caños,3,25619.26,Web,Efectivo en sucursal,Río Grande
TX-002607,CLI-00580,2025-01-02,Pinturas y revestimientos,4,96057.45,App,Efectivo en sucursal,Río Grande
TX-002647,CLI-00283,2025-01-03,Herramientas manuales,2,29282.33,Web,Tarjeta de débito,Ushuaia
TX-002651,CLI-01049,2025-01-03,Herramientas manuales,8,346799.64,Web,Tarjeta de crédito,RÍO GRANDE
TX-002650,CLI-00413,2025-01-03,Plomería y caños,3,-38139.54,Telefónico,Cuenta corriente,Río Grande
TX-002649,CLI-00468,2025-01-03,Cemento y áridos,21,370644.3,Web,Transferencia,Ushuaia
TX-002648,CLI-00158,2025-01-03,Electricidad e iluminación,3,32667.13,Web,Tarjeta de débito,Río Grande
TX-002646,CLI-01172,2025-01-03,Ferretería general,35,89718.26,Web,Transferencia,Río Grande
TX-002638,CLI-00616,2025-01-03,Ferretería general,3,9871.2,Web,Transferencia,Ushuaia
TX-002643,CLI-01224,2025-01-03,Herramientas manuales,2,28528.07,Web,Tarjeta de débito,Río Grande
TX-002635,CLI-00333,2025-01-03,Aberturas,2,248312.88,Web,Transferencia,Ushuaia
TX-002634,CLI-00125,2025-01-03,Maderas y tableros,8,138827.52,App,Tarjeta de crédito,Ushuaia
TX-002637,CLI-01013,2025-01-03,Ferretería general,35,441167.61,App,Cuenta corriente,Ushuaia
TX-002644,CLI-00413,2025-01-03,Sanitarios y grifería,4,281731.03,Telefónico,Cuenta corriente,Río Grande
TX-002639,CLI-00018,2025-01-03,Ferretería general,3,10454.38,Web,Transferencia,Río Grande
TX-002640,CLI-00746,2025-01-03,Pisos y cerámicos,14,453585.33,App,Cuenta corriente,ushuaia
TX-002641,CLI-00812,2025-01-03,Seguridad e indumentaria,5,128228.51,Web,Transferencia,Ushuaia
TX-002633,CLI-00338,2025-01-03,Herramientas manuales,1,14283.64,App,Tarjeta de crédito,Río Grande 
TX-002655,CLI-00959,2025-01-04,Herramientas manuales,1,13472.75,Web,Tarjeta de débito,Ushuaia
TX-002654,CLI-00232,2025-01-04,Cemento y áridos,50,877499.73,Telefónico,Cuenta corriente,Río Grande
TX-002653,CLI-00602,2025-01-04,Herramientas manuales,1,14986.39,Web,Transferencia,Ushuaia
TX-002652,CLI-01145,2025-01-04,Electricidad e iluminación,9,54700.44,Web,Tarjeta de débito,Ushuaia
TX-002671,CLI-00932,2025-01-04,Pinturas y revestimientos,4,156283.39,App,Transferencia,Río Grande
TX-002670,CLI-00636,2025-01-04,Pisos y cerámicos,3,39287.94,Web,Tarjeta de crédito,Ushuaia
TX-002669,CLI-00996,2025-01-04,Plomería y caños,7,93523.38,App,Transferencia,Ushuaia
TX-002668,CLI-00211,2025-01-04,Electricidad e iluminación,2,17325.23,Web,Transferencia,Río Grande
TX-002665,CLI-00560,2025-01-04,Pisos y cerámicos,38,948870.61,App,Cuenta corriente,Río Grande
TX-002664,CLI-00119,2025-01-04,Pisos y cerámicos,41,716077.35,App,Tarjeta de crédito,Tolhuin
TX-002663,CLI-00816,2025-01-04,Plomería y caños,8,42025.07,Web,Transferencia,RÍO GRANDE
TX-002662,CLI-00660,2025-01-04,Cemento y áridos,17,145052.47,Web,Tarjeta de débito,Río Grande
TX-002661,CLI-00935,2025-01-04,Herramientas eléctricas,3,1151671.81,App,Efectivo en sucursal,Río Grande
TX-002660,CLI-01020,2025-01-04,Pinturas y revestimientos,6,191396.94,App,Tarjeta de débito,Río Grande
TX-002658,CLI-00372,2025-01-04,Plomería y caños,2,13338.99,App,Tarjeta de crédito,Río Grande
TX-002656,CLI-00776,2025-01-04,Ferretería general,7,26516.56,App,Tarjeta de débito,Río Grande
TX-002681,CLI-00621,2025-01-05,Pisos y cerámicos,18,370208.84,Telefónico,Transferencia,Río Grande
TX-002679,CLI-00611,2025-01-05,Pisos y cerámicos,8,87754.37,Web,Transferencia,Ushuaia
TX-002675,CLI-00281,2025-01-05,Aberturas,8,1353887.94,Telefónico,Transferencia,Ushuaia
TX-002676,CLI-00357,2025-01-05,Cemento y áridos,30,763146.71,Web,Transferencia,Ushuaia
TX-002674,CLI-00713,2025-01-05,Electricidad e iluminación,3,36854.37,App,Tarjeta de crédito,Ushuaia
TX-002677,CLI-00746,2025-01-05,Sanitarios y grifería,3,135962.4,Web,Cuenta corriente,Ushuaia
TX-002672,CLI-01333,2025-01-05,Pisos y cerámicos,35,592550.17,Web,Tarjeta de crédito,Ushuaia
TX-002697,CLI-01085,2025-01-06,Ferretería general,14,41405.16,App,Tarjeta de débito,Río Grande
TX-002708,CLI-00163,2025-01-06,Electricidad e iluminación,11,296950.68,Web,transf.,Río Grande
TX-002707,CLI-00872,2025-01-06,Herramientas manuales,9,181678.01,Telefónico,Tarjeta de crédito,Río Grande
TX-002706,CLI-01019,2025-01-06,Pinturas y revestimientos,2,41124.55,Web,Transferencia,Río Grande
TX-002705,CLI-01265,2025-01-06,Herramientas manuales,22,599430.48,Telefónico,Transferencia,Tolhuin
TX-002703,CLI-00339,2025-01-06,Ferretería general,15,59771.45,Web,Tarjeta de débito,Ushuaia
TX-002701,CLI-00999,2025-01-06,Ferretería general,8,32684.27,Web,Cuenta corriente,Rio Grande
TX-002700,CLI-00068,2025-01-06,Herramientas manuales,11,406491.71,Web,Cuenta corriente,Rio Grande
TX-002699,CLI-01065,2025-01-06,Plomería y caños,4,22732.85,App,transf.,Ushuaia
TX-002694,CLI-00577,2025-01-06,Herramientas manuales,6,190505.42,App,Cuenta corriente,río grande
TX-002692,CLI-01076,2025-01-06,Plomería y caños,5,38317.49,Web,Tarjeta de débito,Ushuaia
TX-002693,CLI-00357,2025-01-06,Maderas y tableros,6,292986.31,Web,Cuenta corriente,Ushuaia
TX-002682,CLI-00841,2025-01-06,Plomería y caños,13,162405.6,App,Transferencia,Ushuaia
TX-002684,CLI-00432,2025-01-06,Aberturas,2,213836.85,App,Tarjeta de débito,Río Grande
TX-002686,CLI-00526,2025-01-06,Pinturas y revestimientos,6,109297.48,Web,Transferencia,Ushuaia
TX-002683,CLI-00720,2025-01-06,Maderas y tableros,2,49336.3,Web,Transferencia,Río Grande
TX-002688,CLI-00720,2025-01-06,Sanitarios y grifería,2,142060.29,App,Tarjeta de débito,Río Grande
TX-002689,CLI-00267,2025-01-06,Herramientas manuales,3,49002.55,Web,Transferencia,Ushuaia
TX-002690,CLI-01059,2025-01-06,Ferretería general,14,196136.26,Telefónico,Transferencia,Ushuaia
TX-002691,CLI-00232,2025-01-06,Ferretería general,9,71083.39,App,Transferencia,Río Grande
TX-002687,CLI-00353,2025-01-06,Cemento y áridos,25,245740.32,Web,Transferencia,Ushuaia
TX-002731,CLI-01309,2025-01-07,Plomería y caños,20,193861.1,Web,Tarjeta de crédito,Río Grande
TX-002730,CLI-00067,2025-01-07,Pisos y cerámicos,8,105880.83,Web,Tarjeta de crédito,río grande
TX-002728,CLI-00575,2025-01-07,Maderas y tableros,8,239075.27,Web,Cuenta corriente,RÍO GRANDE
TX-002727,CLI-00883,2025-01-07,Herramientas manuales,4,197307.11,Web,Transferencia,Río Grande
TX-002726,CLI-00402,2025-01-07,Pisos y cerámicos,6,103303.4,Web,Tarjeta de crédito,río grande
TX-002725,CLI-01093,2025-01-07,Maderas y tableros,6,236256.55,Web,Transferencia,Ushuaia
TX-002723,CLI-00339,2025-01-07,Herramientas eléctricas,2,334195.48,Web,Transferencia,Ushuaia
TX-002722,CLI-00386,2025-01-07,Electricidad e iluminación,7,102665.86,Telefónico,Cuenta corriente,Río Grande
TX-002719,CLI-00917,2025-01-07,Ferretería general,4,10141.76,Web,,río grande
TX-002718,CLI-00858,2025-01-07,Seguridad e indumentaria,1,36075.14,Web,Transferencia,Ushuaia
TX-002717,CLI-00559,2025-01-07,Pinturas y revestimientos,4,118177.47,Web,Tarjeta de débito,Ushuaia
TX-002716,CLI-00032,2025-01-07,Herramientas manuales,2,30264.22,Web,Tarjeta de crédito,Río Grande
TX-002715,CLI-00116,2025-01-07,Pisos y cerámicos,7,108733.88,Web,Tarjeta de débito,Río Grande
TX-002714,CLI-00212,2025-01-07,Herramientas eléctricas,3,901350.09,App,Transferencia,Río Grande
TX-002713,CLI-00300,2025-01-07,Plomería y caños,2,62809.27,App,Cuenta corriente,Ushuaia
TX-002712,CLI-00935,2025-01-07,Ferretería general,21,,App,Cuenta corriente,Río Grande
TX-002711,CLI-00160,2025-01-07,Herramientas manuales,3,41435.83,Web,Transferencia,Río Grande
TX-002710,CLI-01310,2025-01-07,Ferretería general,7,58175.69,Telefónico,Transferencia,Río Grande
TX-002720,CLI-00901,2025-01-07,Pisos y cerámicos,17,666727.85,App,Tarjeta de crédito,Ushuaia
TX-002751,CLI-00125,2025-01-08,Plomería y caños,4,32531.07,Web,Tarjeta de débito,Ushuaia 
TX-002749,CLI-00079,2025-01-08,Herramientas manuales,3,48107.94,Web,Transferencia,Ushuaia
TX-002748,CLI-00356,2025-01-08,Aberturas,3,622041.84,App,Tarjeta de crédito,Río Grande
TX-002747,CLI-00776,2025-01-08,Maderas y tableros,6,88700.68,Web,Tarjeta de débito,Río Grande
TX-002745,CLI-00588,2025-01-08,Sanitarios y grifería,3,180218.89,Web,Tarjeta de débito,Ushuaia
TX-002743,CLI-00384,2025-01-08,Plomería y caños,6,41149.4,Web,Transferencia,Ushuaia
TX-002741,CLI-01271,2025-01-08,Ferretería general,10,30853.26,Web,T. débito,Ushuaia
TX-002740,CLI-00510,2025-01-08,Ferretería general,12,33522.99,Web,Tarjeta de débito,USHUAIA
TX-002739,CLI-00955,2025-01-08,Pinturas y revestimientos,10,231506.71,App,Tarjeta de crédito,Río Grande
TX-002738,CLI-00753,2025-01-08,Ferretería general,7,33004.28,Web,Transferencia,Río Grande
TX-002736,CLI-00598,2025-01-08,Cemento y áridos,37,412713.42,App,Cuenta corriente,Ushuaia
TX-002735,CLI-00842,2025-01-08,Cemento y áridos,14,180391.27,Telefónico,Cuenta corriente,Río Grande
TX-002742,CLI-01165,2025-01-08,Cemento y áridos,97,1521566.21,Telefónico,Transferencia,Ushuaia
TX-002734,CLI-01123,2025-01-08,Seguridad e indumentaria,1,24261.02,Web,Transferencia,Río Grande
TX-002732,CLI-01246,2025-01-08,Herramientas manuales,3,41981.16,Web,Tarjeta de débito,Ushuaia
TX-002774,CLI-01129,2025-01-09,Ferretería general,6,25065.02,Web,Tarjeta de crédito,Ushuaia
TX-002773,CLI-00621,2025-01-09,Sanitarios y grifería,5,338512.73,App,Cuenta corriente,Río Grande
TX-002772,CLI-00522,2025-01-09,Pinturas y revestimientos,3,60765.91,Web,Tarjeta de débito,Río Grande
TX-002770,CLI-00984,2025-01-09,Ferretería general,4,14018.23,App,Tarjeta de débito,Río Grande
TX-002769,CLI-01318,2025-01-09,Pisos y cerámicos,26,313061.91,Web,Tarjeta de crédito,Río Grande
TX-002768,CLI-00730,2025-01-09,Plomería y caños,2,-21629.39,App,Cuenta corriente,Río Grande
TX-002766,CLI-00176,2025-01-09,Pinturas y revestimientos,3,59346.93,App,Tarjeta de crédito,Río Grande
TX-002767,CLI-00033,2025-01-09,Herramientas manuales,2,22851.79,Web,Tarjeta de crédito,Río Grande
TX-002764,CLI-00172,2025-01-09,Electricidad e iluminación,22,818753.64,Web,Cuenta corriente,Tolhuin
TX-002763,CLI-00300,2025-01-09,Ferretería general,7,77690.45,App,Transferencia,Ushuaia
TX-002760,CLI-00163,2025-01-09,Pisos y cerámicos,19,537229.07,App,Transferencia,Río Grande
TX-002759,CLI-00268,2025-01-09,Pisos y cerámicos,5,62500.73,Web,Transferencia,RÍO GRANDE
TX-002758,CLI-00001,2025-01-09,Pinturas y revestimientos,1,18672.53,Web,Tarjeta de débito,Río Grande
TX-002756,CLI-01086,2025-01-09,Seguridad e indumentaria,2,45300.14,App,Tarjeta de débito,Tolhuin
TX-002755,CLI-00068,2025-01-09,Electricidad e iluminación,4,152803.09,Telefónico,Cuenta corriente,Río Grande 
TX-002753,CLI-00897,2025-01-09,Electricidad e iluminación,2,38047.08,Web,Tarjeta de crédito,Ushuaia
TX-002765,CLI-00131,2025-01-09,Pinturas y revestimientos,9,157508.6,App,Tarjeta de débito,Río Grande
TX-002752,CLI-00178,2025-01-09,Pinturas y revestimientos,4,159922.16,App,Cuenta corriente,Ushuaia
TX-002795,CLI-00813,2025-01-10,Pinturas y revestimientos,4,228495.69,Web,Tarjeta de crédito,Río Grande
TX-002797,CLI-01059,2025-01-10,Herramientas manuales,2,121365.57,Telefónico,Transferencia,ushuaia
TX-002798,CLI-01239,2025-01-10,Plomería y caños,2,23356.71,Web,Cuenta corriente,Río Grande
TX-002804,CLI-00208,2025-01-10,Ferretería general,16,46398.7,Web,Transferencia,RÍO GRANDE
TX-002800,CLI-01084,2025-01-10,Pinturas y revestimientos,17,1141189.34,App,Cuenta corriente,Ushuaia
TX-002801,CLI-00897,2025-01-10,Seguridad e indumentaria,6,269582.87,Web,T. débito,Ushuaia
TX-002803,CLI-00652,2025-01-10,Pisos y cerámicos,16,281233.73,App,Transferencia,Río Grande
TX-002799,CLI-00304,2025-01-10,Sanitarios y grifería,4,312943.67,Web,Cuenta corriente,ushuaia
TX-002794,CLI-00362,2025-01-10,Pinturas y revestimientos,3,57798.23,App,Tarjeta de crédito,TOLHUIN
TX-002796,CLI-00602,2025-01-10,Sanitarios y grifería,1,60158.71,Web,Tarjeta de crédito,Ushuaia
TX-002792,CLI-01037,2025-01-10,Aberturas,4,641089.73,App,Cuenta corriente,Ushuaia
TX-002789,CLI-00128,2025-01-10,Electricidad e iluminación,6,104501.48,Web,Transferencia,Río Grande
TX-002788,CLI-00781,2025-01-10,Seguridad e indumentaria,3,68681.02,Web,Transferencia,Ushuaia
TX-002786,CLI-00125,2025-01-10,Ferretería general,25,144120.02,Web,Transferencia,Ushuaia
TX-002785,CLI-00551,2025-01-10,Cemento y áridos,91,2071483.57,Telefónico,Cuenta corriente,Ushuaia
TX-002783,CLI-00188,2025-01-10,Ferretería general,16,68241.53,Web,Tarjeta de crédito,tolhuin
TX-002782,CLI-00981,2025-01-10,Electricidad e iluminación,2,19171.87,Web,Tarjeta de débito,Ushuaia
TX-002780,CLI-00068,2025-01-10,Herramientas manuales,5,228671.8,Telefónico,Tarjeta de crédito,Río Grande
TX-002779,CLI-00732,2025-01-10,Ferretería general,57,230425.85,App,Tarjeta de crédito,Río Grande
TX-002778,CLI-00816,2025-01-10,Maderas y tableros,11,135267.09,App,Tarjeta de débito,Río Grande
TX-002793,CLI-00386,2025-01-10,Herramientas manuales,1,25796.8,Web,Cuenta corriente,Rio Grande
TX-002777,CLI-01112,2025-01-10,Plomería y caños,3,26290.91,Web,Transferencia,Ushuaia
TX-002775,CLI-00348,2025-01-10,Pisos y cerámicos,3,76437.32,App,Cuenta corriente,Tolhuin
TX-002817,CLI-01065,2025-01-11,Pisos y cerámicos,4,35531.51,App,Tarjeta de débito,USHUAIA
TX-002815,CLI-00372,2025-01-11,Sanitarios y grifería,2,78374.42,Web,Tarjeta de crédito,Río Grande
TX-002814,CLI-00551,2025-01-11,Pinturas y revestimientos,5,279854.31,App,Cuenta corriente,Ushuaia
TX-002808,CLI-00289,2025-01-11,Ferretería general,17,109504.97,Web,Cuenta corriente,RÍO GRANDE
TX-002811,CLI-00093,2025-01-11,Ferretería general,6,18948.36,Web,Tarjeta de crédito,río grande
TX-002810,CLI-00260,2025-01-11,Sanitarios y grifería,2,112278.43,App,Transferencia,Río Grande
TX-002806,CLI-00419,2025-01-11,Seguridad e indumentaria,3,84938.18,Telefónico,Tarjeta de débito,Río Grande
TX-002805,CLI-01257,2025-01-11,Pisos y cerámicos,8,162693.27,Web,Tarjeta de débito,Ushuaia
TX-002813,CLI-00481,2025-01-11,Ferretería general,13,82811.83,App,Cuenta corriente,RÍO GRANDE
TX-002826,CLI-01020,2025-01-12,Ferretería general,27,102352.02,Web,Tarjeta de débito,Río Grande
TX-002827,CLI-00384,2025-01-12,Ferretería general,2,10360.76,Web,Tarjeta de débito,Ushuaia
TX-002825,CLI-00112,2025-01-12,Aberturas,3,725885.13,Telefónico,Cuenta corriente,Río Grande
TX-002821,CLI-01093,2025-01-12,Plomería y caños,5,53614.03,App,Cuenta corriente,Ushuaia
TX-002823,CLI-01210,2025-01-12,Pinturas y revestimientos,2,48381.2,Web,Transferencia,Río Grande
TX-002822,CLI-01183,2025-01-12,Electricidad e iluminación,2,18878.77,Web,Transferencia,Río Grande
TX-002819,CLI-01146,2025-01-12,Pisos y cerámicos,12,488131.91,Telefónico,Cuenta corriente,Río Grande
TX-002818,CLI-00355,2025-01-12,Pinturas y revestimientos,3,83477.08,Web,Tarjeta de crédito,Rio Grande
TX-002824,CLI-00326,2025-01-12,Seguridad e indumentaria,2,68473.71,App,Transferencia,Río Grande
TX-002847,CLI-00841,2025-01-13,Herramientas manuales,4,165725.35,Web,Transferencia,Ushuaia
TX-002848,CLI-00730,2025-01-13,Seguridad e indumentaria,2,86889.46,Telefónico,Cuenta corriente,Río Grande
TX-002849,CLI-00260,2025-01-13,Ferretería general,2,9895.09,App,Tarjeta de débito,Río Grande
TX-002851,CLI-00546,2025-01-13,Sanitarios y grifería,5,430831.63,Telefónico,Transferencia,Río Grande
TX-002852,CLI-00812,2025-01-13,Maderas y tableros,10,172739.48,Web,Tarjeta de débito,ushuaia
TX-002855,CLI-00016,2025-01-13,Cemento y áridos,86,1437427.24,Telefónico,Cuenta corriente,Río Grande
TX-002856,CLI-00674,2025-01-13,Electricidad e iluminación,9,123044.68,Web,Transferencia,Río Grande
TX-002846,CLI-00588,2025-01-13,Sanitarios y grifería,2,98909.71,Web,Tarjeta de débito,Ushuaia
TX-002857,CLI-01093,2025-01-13,Pisos y cerámicos,32,1059719.17,Telefónico,Transferencia,Ushuaia
TX-002860,CLI-00289,2025-01-13,Seguridad e indumentaria,3,129314.3,Web,Transferencia,Río Grande
TX-002854,CLI-00068,2025-01-13,Maderas y tableros,15,813768.47,Telefónico,Cuenta corriente,Río Grande
TX-002844,CLI-00708,2025-01-13,Sanitarios y grifería,4,263542.37,App,Transferencia,Río Grande
TX-002832,CLI-00526,2025-01-13,Pisos y cerámicos,5,100071.65,Web,Tarjeta de débito,ushuaia
TX-002842,CLI-01270,2025-01-13,Electricidad e iluminación,1,7166.62,App,Transferencia,Ushuaia
TX-002828,CLI-01046,2025-01-13,Ferretería general,9,66326.7,Telefónico,Cuenta corriente,Río Grande
TX-002829,CLI-00515,2025-01-13,Ferretería general,7,64243.18,Telefónico,Efectivo en sucursal,Río Grande
TX-002830,CLI-01051,2025-01-13,Herramientas eléctricas,2,723852.11,Telefónico,Cuenta corriente,RÍO GRANDE
TX-002831,CLI-00385,2025-01-13,Herramientas manuales,3,34664.15,Web,Tarjeta de crédito,Ushuaia
TX-002834,CLI-01081,2025-01-13,Cemento y áridos,13,248404.9,App,Efectivo en sucursal,Río Grande
TX-002835,CLI-00448,2025-01-13,Maderas y tableros,18,541903.01,App,Tarjeta de crédito,Río Grande
TX-002843,CLI-01276,2025-01-13,Herramientas manuales,1,19970.11,Web,Transferencia,Ushuaia
TX-002837,CLI-01075,2025-01-13,Electricidad e iluminación,7,93011.29,Web,Tarjeta de débito,Río Grande
TX-002838,CLI-00119,2025-01-13,Pinturas y revestimientos,2,55798.64,Web,Tarjeta de crédito,Tolhuin
TX-002839,CLI-00041,2025-01-13,Pinturas y revestimientos,5,117026.39,Web,Tarjeta de débito,TOLHUIN
TX-002840,CLI-00839,2025-01-13,Cemento y áridos,9,87096.42,Web,Efectivo en sucursal,Río Grande
TX-002841,CLI-00011,2025-01-13,Cemento y áridos,23,166340.62,App,Tarjeta de débito,Río Grande
TX-002836,CLI-00551,2025-01-13,Cemento y áridos,84,2725614.11,Telefónico,Transferencia,Ushuaia
TX-002877,CLI-00535,2025-01-14,Pinturas y revestimientos,2,71053.43,App,Cuenta corriente,Ushuaia
TX-002886,CLI-00036,2025-01-14,Sanitarios y grifería,3,112185.12,Web,Tarjeta de débito,Río Grande
TX-002885,CLI-00160,2025-01-14,Herramientas manuales,3,32456.07,Web,Cuenta corriente,Río Grande
TX-002884,CLI-00426,2025-01-14,Ferretería general,5,15809.48,Web,Tarjeta de débito,Río Grande
TX-002883,CLI-00598,2025-01-14,Seguridad e indumentaria,5,249152.09,Telefónico,Cuenta corriente,Ushuaia
TX-002882,CLI-00814,2025-01-14,Pisos y cerámicos,3,40308.6,App,transf.,Ushuaia
TX-002880,CLI-00112,2025-01-14,Pinturas y revestimientos,6,367510.73,Telefónico,Cuenta corriente,río grande
TX-002879,CLI-01165,2025-01-14,Cemento y áridos,16,295702.29,App,Cuenta corriente,Ushuaia
TX-002878,CLI-00491,2025-01-14,Maderas y tableros,8,153868.11,Web,transf.,Río Grande
TX-002876,CLI-00273,2025-01-14,Pisos y cerámicos,6,101930.59,Telefónico,Cuenta corriente,RÍO GRANDE
TX-002874,CLI-00172,2025-01-14,Pisos y cerámicos,14,559286.72,App,transf.,TOLHUIN
TX-002862,CLI-00148,2025-01-14,Herramientas manuales,7,126830.22,Web,Tarjeta de crédito,Río Grande
TX-002861,CLI-01247,2025-01-14,Pinturas y revestimientos,1,20495.66,Web,Tarjeta de débito,Río Grande
TX-002875,CLI-01126,2025-01-14,Electricidad e iluminación,2,21412.1,App,Tarjeta de débito,Río Grande
TX-002863,CLI-00964,2025-01-14,Herramientas manuales,4,68923.6,Web,transf.,Río Grande
TX-002864,CLI-00535,2025-01-14,Pisos y cerámicos,21,492672.96,Web,Cuenta corriente,Ushuaia
TX-002866,CLI-00828,2025-01-14,Plomería y caños,24,255577.79,Telefónico,Cuenta corriente,Ushuaia
TX-002865,CLI-01277,2025-01-14,Herramientas manuales,5,85029.73,App,Efectivo en sucursal,Ushuaia
TX-002869,CLI-00189,2025-01-14,Herramientas eléctricas,1,146911.75,Web,Tarjeta de crédito,Ushuaia
TX-002870,CLI-00883,2025-01-14,Seguridad e indumentaria,12,1309754.12,App,Cuenta corriente,Rio Grande
TX-002871,CLI-00439,2025-01-14,Electricidad e iluminación,2,19452.88,Web,Tarjeta de crédito,Río Grande
TX-002872,CLI-00962,2025-01-14,Pisos y cerámicos,1,15207.88,Web,Tarjeta de crédito,río grande
TX-002873,CLI-00293,2025-01-14,Cemento y áridos,6,87099.19,Web,Tarjeta de crédito,Río Grande
TX-002868,CLI-01063,2025-01-14,Pisos y cerámicos,15,216561.88,Web,Tarjeta de débito,Río Grande
TX-002911,CLI-00350,2025-01-15,Sanitarios y grifería,3,199224.44,Web,Tarjeta de crédito,Río Grande
TX-002908,CLI-00093,2025-01-15,Seguridad e indumentaria,2,64863.29,Web,Tarjeta de crédito,Río Grande
TX-002909,CLI-01335,2025-01-15,Herramientas manuales,1,9416.82,App,Efectivo en sucursal,Tolhuin 
TX-002912,CLI-00108,2025-01-15,Pinturas y revestimientos,7,138380.24,App,Tarjeta de crédito,Río Grande
TX-002907,CLI-00132,2025-01-15,Ferretería general,1,2902.79,Telefónico,Transferencia,Río Grande
TX-002914,CLI-00385,2025-01-15,Plomería y caños,2,11244.88,Web,Tarjeta de débito,Ushuaia
TX-002915,CLI-00039,2025-01-15,Ferretería general,3,7243.41,Web,Transferencia,ushuaia
TX-002916,CLI-00491,2025-01-15,Pisos y cerámicos,8,111436.25,Web,Tarjeta de crédito,Río Grande
TX-002913,CLI-00482,2025-01-15,Maderas y tableros,9,263524.68,App,Transferencia,Río Grande
TX-002906,CLI-00078,2025-01-15,Electricidad e iluminación,9,176278.25,Telefónico,Cuenta corriente,Ushuaia
TX-002901,CLI-00281,2025-01-15,Seguridad e indumentaria,6,279350.94,App,Cuenta corriente,Ushuaia
TX-002903,CLI-00956,2025-01-15,Plomería y caños,12,101660.16,App,Tarjeta de débito,ushuaia
TX-002891,CLI-01081,2025-01-15,Seguridad e indumentaria,3,118461.66,Telefónico,Cuenta corriente,Río Grande
TX-002904,CLI-01270,2025-01-15,Electricidad e iluminación,2,24842.5,App,Transferencia,Ushuaia
TX-002892,CLI-00533,2025-01-15,Cemento y áridos,11,75051.09,App,T. débito,Ushuaia
TX-002893,CLI-00326,2025-01-15,Plomería y caños,2,14910.99,App,Efectivo en sucursal,Río Grande
TX-002895,CLI-00897,2025-01-15,Pinturas y revestimientos,4,92584.67,Web,Tarjeta de crédito,Ushuaia
TX-002890,CLI-00723,2025-01-15,Herramientas manuales,2,28216.81,Web,Tarjeta de débito,Río Grande
TX-002898,CLI-00045,2025-01-15,Maderas y tableros,2,33712.83,Web,Transferencia,Río Grande
TX-002899,CLI-00444,2025-01-15,Pinturas y revestimientos,6,277737.65,App,Cuenta corriente,ushuaia
TX-002900,CLI-00701,2025-01-15,Herramientas eléctricas,2,974947.39,Web,Tarjeta de crédito,Río Grande
TX-002889,CLI-01086,2025-01-15,Herramientas manuales,8,86671.18,Web,Tarjeta de crédito,Tolhuin
TX-002896,CLI-00842,2025-01-15,Pisos y cerámicos,9,160552.58,App,Cuenta corriente,Río Grande
TX-002942,CLI-01017,2025-01-16,Maderas y tableros,4,233455.49,App,,río grande
TX-002940,CLI-01092,2025-01-16,Sanitarios y grifería,3,207911.75,Web,Tarjeta de crédito,Río Grande
TX-002939,CLI-00232,2025-01-16,Aberturas,4,855460.04,App,Cuenta corriente,Río Grande
TX-002937,CLI-00243,2025-01-16,Aberturas,1,76982.58,Web,Transferencia,Rio Grande
TX-002936,CLI-00842,2025-01-16,Ferretería general,55,336339.06,Web,Transferencia,río grande
TX-002935,CLI-00292,2025-01-16,Pinturas y revestimientos,5,120290.19,Web,Tarjeta de crédito,Ushuaia
TX-002934,CLI-00027,2025-01-16,Cemento y áridos,17,151326.9,Web,Tarjeta de débito,Ushuaia
TX-002932,CLI-00233,2025-01-16,Herramientas manuales,3,43823.39,App,Efectivo en sucursal,Río Grande
TX-002933,CLI-01347,2025-01-16,Herramientas manuales,10,378173.11,App,Cuenta corriente,Río Grande
TX-002930,CLI-00068,2025-01-16,Plomería y caños,5,101507.32,App,Transferencia,Río Grande
TX-002929,CLI-00842,2025-01-16,Pinturas y revestimientos,4,168684.53,Telefónico,Cuenta corriente,Río Grande
TX-002927,CLI-01053,2025-01-16,Ferretería general,5,26933.73,Telefónico,Cuenta corriente,Río Grande 
TX-002925,CLI-01111,2025-01-16,Ferretería general,7,19193.0,Web,Tarjeta de débito,Ushuaia
TX-002924,CLI-00930,2025-01-16,Cemento y áridos,24,322995.29,App,Transferencia,Río Grande 
TX-002922,CLI-00860,2025-01-16,Herramientas eléctricas,2,642579.82,App,Transferencia,Río Grande
TX-002921,CLI-00858,2025-01-16,Plomería y caños,4,28602.43,Web,Tarjeta de débito,Ushuaia
TX-002920,CLI-01309,2025-01-16,Plomería y caños,8,82868.16,Web,Transferencia,Río Grande
TX-002919,CLI-00725,2025-01-16,Herramientas manuales,1,11844.14,App,Tarjeta de crédito,Río Grande
TX-002917,CLI-00596,2025-01-16,Pisos y cerámicos,69,1673049.65,Telefónico,Tarjeta de crédito,Río Grande
TX-002931,CLI-00211,2025-01-16,Ferretería general,2,8272.72,Web,Tarjeta de crédito,RÍO GRANDE
TX-002963,CLI-01300,2025-01-17,Electricidad e iluminación,6,116087.67,Telefónico,Efectivo en sucursal,Río Grande
TX-002965,CLI-00339,2025-01-17,Herramientas eléctricas,1,162708.99,Web,Tarjeta de débito,Ushuaia
TX-002966,CLI-00267,2025-01-17,Ferretería general,7,20532.93,Web,Transferencia,USHUAIA
TX-002967,CLI-01238,2025-01-17,Herramientas manuales,3,72839.41,Telefónico,Tarjeta de crédito,Ushuaia
TX-002962,CLI-00112,2025-01-17,Ferretería general,16,190649.09,Web,Tarjeta de crédito,Río Grande
TX-002969,CLI-00112,2025-01-17,Pisos y cerámicos,13,481221.27,App,Tarjeta de crédito,río grande
TX-002970,CLI-01259,2025-01-17,Aberturas,2,184206.04,Web,transf.,Río Grande
TX-002971,CLI-00510,2025-01-17,Electricidad e iluminación,8,83814.84,Web,Tarjeta de débito,Ushuaia
TX-002972,CLI-01173,2025-01-17,Herramientas manuales,5,68772.73,Web,Transferencia,Río Grande
TX-002968,CLI-00358,2025-01-17,Maderas y tableros,7,141091.88,Telefónico,Transferencia,Ushuaia
TX-002961,CLI-00216,2025-01-17,Plomería y caños,5,40249.39,Telefónico,Transferencia,Tolhuin
TX-002943,CLI-00604,2025-01-17,Electricidad e iluminación,2,19890.62,Web,Efectivo en sucursal,Ushuaia
TX-002958,CLI-00416,2025-01-17,Seguridad e indumentaria,3,97080.02,App,Transferencia,Tolhuin
TX-002944,CLI-00300,2025-01-17,Ferretería general,31,302488.54,App,,Ushuaia
TX-002945,CLI-00358,2025-01-17,Herramientas eléctricas,2,649451.47,Telefónico,Cuenta corriente,Ushuaia
TX-002959,CLI-00942,2025-01-17,Aberturas,3,336548.04,Web,Efectivo en sucursal,RÍO GRANDE
TX-002946,CLI-00923,2025-01-17,Electricidad e iluminación,2,20457.58,Web,Tarjeta de crédito,Río Grande
TX-002948,CLI-00286,2025-01-17,Electricidad e iluminación,1,6387.12,Web,Transferencia,Ushuaia
TX-002947,CLI-00453,2025-01-17,Herramientas manuales,13,335080.35,Telefónico,Cuenta corriente,río grande
TX-002951,CLI-01093,2025-01-17,Ferretería general,9,56268.24,Telefónico,Cuenta corriente,Ushuaia
TX-002952,CLI-01051,2025-01-17,Seguridad e indumentaria,2,154562.0,App,Cuenta corriente,Río Grande
TX-002955,CLI-00992,2025-01-17,Plomería y caños,20,234336.82,Telefónico,Efectivo en sucursal,Rio Grande
TX-002956,CLI-00759,2025-01-17,Maderas y tableros,3,103343.11,Telefónico,Transferencia,Ushuaia 
TX-002957,CLI-00588,2025-01-17,Pisos y cerámicos,39,692980.43,Web,Tarjeta de débito,Ushuaia
TX-002949,CLI-00793,2025-01-17,Pinturas y revestimientos,10,375101.42,Telefónico,Cuenta corriente,Río Grande
TX-002984,CLI-00273,2025-01-18,Herramientas manuales,3,79708.75,Telefónico,Cuenta corriente,Río Grande
TX-002988,CLI-00602,2025-01-18,Ferretería general,7,29003.67,Web,Transferencia,Ushuaia
TX-002987,CLI-01056,2025-01-18,Ferretería general,5,14334.17,Web,Transferencia,TOLHUIN
TX-002986,CLI-00068,2025-01-18,Cemento y áridos,8,173453.4,Telefónico,Transferencia,Río Grande
TX-002983,CLI-00372,2025-01-18,Maderas y tableros,17,208182.95,Telefónico,Tarjeta de crédito,RÍO GRANDE
TX-002977,CLI-00468,2025-01-18,Ferretería general,13,75400.66,Web,Cuenta corriente,Ushuaia
TX-002981,CLI-01014,2025-01-18,Pisos y cerámicos,10,220421.26,App,Cuenta corriente,Río Grande
TX-002980,CLI-00172,2025-01-18,Pisos y cerámicos,10,646849.78,App,T. crédito,Tolhuin
TX-002979,CLI-00283,2025-01-18,Ferretería general,7,19573.03,App,Tarjeta de débito,Ushuaia
TX-002975,CLI-00730,2025-01-18,Electricidad e iluminación,2,46835.32,Telefónico,Cuenta corriente,Río Grande 
TX-002974,CLI-01075,2025-01-18,Cemento y áridos,8,77828.82,Web,Tarjeta de débito,Río Grande
TX-002973,CLI-00722,2025-01-18,,7,74585.42,App,Tarjeta de débito,Ushuaia
TX-002982,CLI-00571,2025-01-18,Electricidad e iluminación,6,84058.19,App,Tarjeta de crédito,Río Grande
TX-002996,CLI-00404,2025-01-19,Electricidad e iluminación,2,18901.17,App,Tarjeta de débito,Río Grande
TX-002995,CLI-00930,2025-01-19,Herramientas manuales,3,104497.75,Telefónico,Cuenta corriente,Río Grande
TX-002997,CLI-00256,2025-01-19,Cemento y áridos,54,1289345.46,App,Cuenta corriente,Río Grande
TX-002993,CLI-00722,2025-01-19,Pisos y cerámicos,3,65030.43,Web,Transferencia,USHUAIA
TX-002992,CLI-00423,2025-01-19,Plomería y caños,8,75604.69,Web,Transferencia,Río Grande
TX-002991,CLI-01274,2025-01-19,Pinturas y revestimientos,3,71471.95,App,Tarjeta de crédito,Ushuaia
TX-002989,CLI-01049,2025-01-19,Maderas y tableros,55,3533573.69,App,Transferencia,Río Grande
TX-002990,CLI-00338,2025-01-19,Sanitarios y grifería,3,98215.41,Web,Transferencia,Río Grande
TX-002994,CLI-00113,2025-01-19,Seguridad e indumentaria,5,249768.33,App,Cuenta corriente,Río Grande
TX-003023,CLI-01274,2025-01-20,Pisos y cerámicos,7,109077.56,Web,Transferencia,Ushuaia
TX-003022,CLI-00068,2025-01-20,Herramientas manuales,2,96552.32,App,Cuenta corriente,Río Grande
TX-003021,CLI-01337,2025-01-20,Plomería y caños,3,18831.26,Web,Transferencia,Río Grande
TX-003019,CLI-01123,2025-01-20,Cemento y áridos,20,202186.03,Telefónico,Tarjeta de débito,RÍO GRANDE
TX-003018,CLI-00720,2025-01-20,Herramientas manuales,2,34515.37,App,Tarjeta de crédito,RÍO GRANDE
TX-003014,CLI-00276,2025-01-20,Pinturas y revestimientos,5,164338.75,Telefónico,Transferencia,Ushuaia
TX-003013,CLI-00611,2025-01-20,Ferretería general,3,8800.36,Web,Tarjeta de crédito,Ushuaia
TX-003012,CLI-00533,2025-01-20,Sanitarios y grifería,2,93388.7,Web,Tarjeta de crédito,Ushuaia
TX-003017,CLI-01049,2025-01-20,Ferretería general,3,19791.17,Web,Cuenta corriente,Río Grande
TX-003009,CLI-00912,2025-01-20,Sanitarios y grifería,6,366225.02,Web,Tarjeta de crédito,Tolhuin
TX-003010,CLI-00353,2025-01-20,Seguridad e indumentaria,4,135380.69,App,Tarjeta de crédito,Ushuaia
TX-002999,CLI-01054,2025-01-20,Plomería y caños,1,7027.97,App,Tarjeta de débito,Ushuaia
TX-003000,CLI-00146,2025-01-20,Pinturas y revestimientos,2,60860.54,Telefónico,Tarjeta de crédito,Río Grande
TX-003002,CLI-00598,2025-01-20,Ferretería general,17,99488.33,Telefónico,Cuenta corriente,Ushuaia
TX-002998,CLI-00146,2025-01-20,Ferretería general,3,9507.08,Web,Tarjeta de débito,Río Grande
TX-003005,CLI-00300,2025-01-20,Sanitarios y grifería,5,783135.03,Web,Cuenta corriente,Ushuaia
TX-003006,CLI-01067,2025-01-20,Ferretería general,6,24904.06,Web,Tarjeta de crédito,Tolhuin
TX-003007,CLI-00305,2025-01-20,Pinturas y revestimientos,5,181393.69,Web,Cuenta corriente,Río Grande
TX-003008,CLI-01093,2025-01-20,Electricidad e iluminación,2,44311.22,Telefónico,Efectivo en sucursal,Ushuaia
TX-003004,CLI-00883,2025-01-20,Herramientas manuales,6,280306.24,App,Tarjeta de débito,Río Grande
TX-003049,CLI-00123,2025-01-21,Pinturas y revestimientos,2,38354.74,Web,T. débito,Río Grande
TX-003048,CLI-01284,2025-01-21,Ferretería general,9,31834.1,Web,Tarjeta de crédito,Ushuaia
TX-003047,CLI-01024,2025-01-21,Plomería y caños,2,18455.13,Web,Tarjeta de crédito,ushuaia
TX-003046,CLI-00522,2025-01-21,Pisos y cerámicos,11,200159.09,App,Tarjeta de crédito,Río Grande
TX-003045,CLI-00617,2025-01-21,Seguridad e indumentaria,4,100040.18,App,Tarjeta de débito,Río Grande
TX-003041,CLI-00055,2025-01-21,Herramientas eléctricas,2,246678.46,Web,Tarjeta de débito,Río Grande
TX-003043,CLI-00994,2025-01-21,Aberturas,3,408137.09,Web,Tarjeta de crédito,Río Grande
TX-003042,CLI-00293,2025-01-21,Seguridad e indumentaria,3,86897.81,Web,Transferencia,Río Grande
TX-003039,CLI-00357,2025-01-21,Herramientas manuales,6,271737.85,Web,Cuenta corriente,Ushuaia
TX-003032,CLI-00400,2025-01-21,Pisos y cerámicos,7,94186.79,App,Tarjeta de débito,Río Grande
TX-003037,CLI-00650,2025-01-21,Sanitarios y grifería,4,205982.53,Web,Transferencia,Ushuaia
TX-003025,CLI-00962,2025-01-21,Electricidad e iluminación,2,22692.96,Telefónico,Tarjeta de débito,Rio Grande
TX-003024,CLI-00759,2025-01-21,Electricidad e iluminación,3,67589.75,Telefónico,Transferencia,ushuaia
TX-003026,CLI-00068,2025-01-21,Pisos y cerámicos,17,700883.74,Web,Cuenta corriente,Río Grande
TX-003027,CLI-01049,2025-01-21,Sanitarios y grifería,8,893459.64,Web,Tarjeta de crédito,Río Grande
TX-003028,CLI-00207,2025-01-21,Ferretería general,3,6507.96,App,Transferencia,RÍO GRANDE
TX-003038,CLI-01160,2025-01-21,Plomería y caños,6,46251.2,Web,Cuenta corriente,Ushuaia
TX-003031,CLI-00357,2025-01-21,Ferretería general,6,80269.75,Telefónico,Cuenta corriente,Ushuaia
TX-003033,CLI-00028,2025-01-21,Maderas y tableros,15,485808.58,Web,Tarjeta de crédito,Ushuaia
TX-003035,CLI-01165,2025-01-21,Herramientas manuales,3,71143.93,Web,Cuenta corriente,
TX-003036,CLI-00552,2025-01-21,Ferretería general,33,117057.11,Web,Transferencia,Río Grande
TX-003029,CLI-01321,2025-01-21,Herramientas eléctricas,1,115511.12,Web,Tarjeta de crédito,Ushuaia
TX-003071,CLI-00079,2025-01-22,Pinturas y revestimientos,2,42111.87,App,Transferencia,Ushuaia
TX-003085,CLI-00281,2025-01-22,Maderas y tableros,7,270922.08,Telefónico,Cuenta corriente,Ushuaia
TX-003084,CLI-00689,2025-01-22,Maderas y tableros,13,539909.33,App,Transferencia,Río Grande
TX-003082,CLI-00499,2025-01-22,Ferretería general,8,33004.82,Web,Transferencia,Río Grande
TX-003081,CLI-01239,2025-01-22,Cemento y áridos,54,1050662.19,Telefónico,Cuenta corriente,Río Grande
TX-003077,CLI-00740,2025-01-22,Electricidad e iluminación,3,30642.92,Web,Tarjeta de crédito,Río Grande
TX-003076,CLI-00305,2025-01-22,Pisos y cerámicos,23,667348.42,Telefónico,Transferencia,Río Grande 
TX-003075,CLI-00160,2025-01-22,Ferretería general,1,3348.38,App,Transferencia,Río Grande
TX-003074,CLI-01084,2025-01-22,Sanitarios y grifería,5,558709.64,App,Transferencia,Ushuaia
TX-003072,CLI-00982,2025-01-22,Electricidad e iluminación,2,41001.87,Web,Cuenta corriente,Ushuaia
TX-003068,CLI-00851,2025-01-22,Pinturas y revestimientos,5,92218.26,Web,Tarjeta de débito,Río Grande
TX-003065,CLI-00872,2025-01-22,Pinturas y revestimientos,4,176950.75,Telefónico,Tarjeta de débito,Río Grande
TX-003064,CLI-00359,2025-01-22,Sanitarios y grifería,6,307454.22,Web,Transferencia,RÍO GRANDE
TX-003050,CLI-01064,2025-01-22,Maderas y tableros,12,221770.32,Web,Tarjeta de débito,Río Grande
TX-003053,CLI-00706,2025-01-22,Plomería y caños,4,27602.37,Web,Transferencia,Río Grande 
TX-003055,CLI-00444,2025-01-22,Herramientas manuales,10,315462.57,App,Cuenta corriente,Ushuaia
TX-003056,CLI-00472,2025-01-22,Ferretería general,3,7636.09,App,Tarjeta de débito,Río Grande
TX-003057,CLI-00068,2025-01-22,Cemento y áridos,37,1454053.11,Telefónico,Cuenta corriente,Río Grande
TX-003054,CLI-00384,2025-01-22,Plomería y caños,2,13416.93,Web,Cuenta corriente,Ushuaia
TX-003059,CLI-00491,2025-01-22,Seguridad e indumentaria,2,67565.36,Web,Tarjeta de crédito,Río Grande
TX-003060,CLI-00220,2025-01-22,Herramientas manuales,3,34287.27,Web,Efectivo en sucursal,Río Grande
TX-003061,CLI-00211,2025-01-22,Seguridad e indumentaria,7,147014.01,Web,Transferencia,RÍO GRANDE
TX-003062,CLI-00180,2025-01-22,Ferretería general,10,38730.5,Web,Transferencia,Río Grande
TX-003063,CLI-00326,2025-01-22,Sanitarios y grifería,3,115867.82,Telefónico,Tarjeta de crédito,Río Grande
TX-003058,CLI-00931,2025-01-22,Sanitarios y grifería,3,131076.55,Web,Tarjeta de débito,RÍO GRANDE
TX-003099,CLI-01263,2025-01-23,Ferretería general,7,25556.59,Web,Tarjeta de débito,Ushuaia
TX-003108,CLI-01347,2025-01-23,Pisos y cerámicos,50,2652046.95,Telefónico,Cuenta corriente,río grande
TX-003107,CLI-00132,2025-01-23,Cemento y áridos,132,1477488.9,Web,T. crédito,Río Grande
TX-003105,CLI-01008,2025-01-23,Ferretería general,3,10411.18,Web,Tarjeta de crédito,Ushuaia
TX-003104,CLI-00932,2025-01-23,Pinturas y revestimientos,4,167120.1,App,Tarjeta de crédito,Río Grande
TX-003103,CLI-00355,2025-01-23,Plomería y caños,3,26896.35,Web,Tarjeta de crédito,Río Grande
TX-003102,CLI-00300,2025-01-23,Sanitarios y grifería,7,747448.43,App,T. crédito,Ushuaia
TX-003098,CLI-00635,2025-01-23,Pinturas y revestimientos,5,94853.7,Web,Tarjeta de crédito,Ushuaia
TX-003087,CLI-01104,2025-01-23,Herramientas manuales,7,179554.92,Telefónico,Transferencia,Río Grande
TX-003096,CLI-00437,2025-01-23,Plomería y caños,1,7707.83,Web,Tarjeta de crédito,Ushuaia
TX-003095,CLI-00220,2025-01-23,Ferretería general,14,49635.05,Telefónico,Tarjeta de débito,río grande
TX-003094,CLI-00753,2025-01-23,Pinturas y revestimientos,3,65691.25,Web,Transferencia,Río Grande
TX-003093,CLI-00976,2025-01-23,Ferretería general,2,6073.62,App,Transferencia,Tolhuin
TX-003092,CLI-00992,2025-01-23,Sanitarios y grifería,11,832736.11,Telefónico,Transferencia,Río Grande
TX-003091,CLI-00716,2025-01-23,Pisos y cerámicos,13,216605.29,Web,Transferencia,Río Grande
TX-003090,CLI-00372,2025-01-23,Sanitarios y grifería,1,33791.32,Web,Tarjeta de crédito,río grande
TX-003089,CLI-01252,2025-01-23,Plomería y caños,4,29612.86,Web,Transferencia,Río Grande
TX-003088,CLI-01064,2025-01-23,Herramientas manuales,3,52385.78,Web,Tarjeta de crédito,Río Grande
TX-003086,CLI-00050,2025-01-23,Herramientas manuales,8,118556.25,Web,Transferencia,Ushuaia
TX-003097,CLI-01263,2025-01-23,Pisos y cerámicos,14,208626.33,App,Efectivo en sucursal,Ushuaia
TX-003130,CLI-00468,2025-01-24,Herramientas manuales,10,208152.21,App,Efectivo en sucursal,Ushuaia
TX-003131,CLI-00065,2025-01-24,Cemento y áridos,18,144005.72,Web,Tarjeta de crédito,Ushuaia
TX-003132,CLI-01135,2025-01-24,Plomería y caños,3,12171.19,Web,Tarjeta de crédito,Ushuaia
TX-003133,CLI-00982,2025-01-24,Pinturas y revestimientos,6,218780.33,App,Cuenta corriente,ushuaia
TX-003134,CLI-01017,2025-01-24,Ferretería general,3,29949.77,Web,Cuenta corriente,RÍO GRANDE
TX-003141,CLI-00012,2025-01-24,Pinturas y revestimientos,3,51558.88,App,Tarjeta de débito,Río Grande
TX-003136,CLI-00866,2025-01-24,Pinturas y revestimientos,3,55702.37,Web,Transferencia,Ushuaia
TX-003137,CLI-01223,2025-01-24,Sanitarios y grifería,2,501616.33,Telefónico,Tarjeta de crédito,Ushuaia
TX-003140,CLI-00746,2025-01-24,Cemento y áridos,42,780107.18,Telefónico,transf.,Ushuaia
TX-003142,CLI-01019,2025-01-24,Seguridad e indumentaria,2,62485.54,App,Tarjeta de crédito,RÍO GRANDE
TX-003143,CLI-00260,2025-01-24,Sanitarios y grifería,2,98497.16,Web,Transferencia,Río Grande
TX-003128,CLI-00482,2025-01-24,Pisos y cerámicos,13,301119.79,Web,Transferencia,RÍO GRANDE
TX-003135,CLI-00281,2025-01-24,Herramientas manuales,5,114490.93,App,Tarjeta de crédito,Ushuaia
TX-003127,CLI-01259,2025-01-24,Pisos y cerámicos,7,86949.04,Web,Tarjeta de débito,río grande
TX-003129,CLI-00276,2025-01-24,Maderas y tableros,17,517937.63,App,Transferencia,Ushuaia
TX-003125,CLI-00894,2025-01-24,Herramientas eléctricas,1,152592.23,App,Tarjeta de débito,Ushuaia
TX-003109,CLI-00980,2025-01-24,Cemento y áridos,12,,Telefónico,Tarjeta de crédito,Tolhuin
TX-003110,CLI-01184,2025-01-24,Plomería y caños,8,45748.45,Web,T. crédito,Río Grande
TX-003126,CLI-01190,2025-01-24,Ferretería general,7,20300.09,Web,Tarjeta de débito,Río Grande
TX-003111,CLI-01000,2025-01-24,Ferretería general,15,88183.33,Web,Cuenta corriente,ushuaia
TX-003112,CLI-00762,2025-01-24,Pinturas y revestimientos,3,64748.17,Web,Efectivo en sucursal,RÍO GRANDE
TX-003113,CLI-00502,2025-01-24,Pisos y cerámicos,8,108165.08,Web,Transferencia,Ushuaia
TX-003115,CLI-00943,2025-01-24,Aberturas,2,124443.26,App,Efectivo en sucursal,Ushuaia
TX-003116,CLI-00721,2025-01-24,Ferretería general,1,2967.38,Web,Tarjeta de crédito,Río Grande
TX-003118,CLI-00121,2025-01-24,Herramientas manuales,3,43065.15,Web,Tarjeta de crédito,Ushuaia
TX-003119,CLI-00016,2025-01-24,Cemento y áridos,41,861155.12,Telefónico,Transferencia,Río Grande
TX-003120,CLI-00404,2025-01-24,Seguridad e indumentaria,2,50174.98,Telefónico,Tarjeta de débito,Río Grande
TX-003121,CLI-01072,2025-01-24,Herramientas manuales,10,142484.3,Web,,Río Grande
TX-003122,CLI-01096,2025-01-24,Pisos y cerámicos,2,35240.5,Web,Tarjeta de débito,Ushuaia
TX-003123,CLI-01335,2025-01-24,Herramientas eléctricas,2,250370.35,Web,Tarjeta de débito,Tolhuin
TX-003124,CLI-00911,2025-01-24,Plomería y caños,3,17939.69,Web,Tarjeta de crédito,Rio Grande
TX-003117,CLI-01298,2025-01-24,Ferretería general,23,55728.74,App,Tarjeta de crédito,Ushuaia
TX-003156,CLI-00695,2025-01-25,Pisos y cerámicos,8,113457.76,Web,Tarjeta de crédito,Río Grande
TX-003157,CLI-00413,2025-01-25,Pinturas y revestimientos,25,974873.27,Telefónico,Tarjeta de crédito,Río Grande
TX-003154,CLI-01089,2025-01-25,Cemento y áridos,6,69095.16,Web,Transferencia,Tolhuin
TX-003151,CLI-00041,2025-01-25,Ferretería general,2,7646.49,Web,Tarjeta de débito,Tolhuin
TX-003147,CLI-00701,2025-01-25,Ferretería general,3,26482.15,Telefónico,Tarjeta de crédito,Río Grande
TX-003150,CLI-01259,2025-01-25,Ferretería general,5,15253.24,App,Tarjeta de crédito,Río Grande
TX-003148,CLI-00267,2025-01-25,Electricidad e iluminación,3,217370.07,Web,Efectivo en sucursal,Ushuaia
TX-003153,CLI-00718,2025-01-25,Seguridad e indumentaria,4,133956.15,Web,Tarjeta de crédito,RÍO GRANDE
TX-003145,CLI-01153,2025-01-25,Cemento y áridos,9,130018.96,App,Tarjeta de débito,Río Grande
TX-003144,CLI-00527,2025-01-25,Ferretería general,4,16598.83,Web,Transferencia,Ushuaia
TX-003158,CLI-00392,2025-01-26,Ferretería general,8,49612.52,Web,Cuenta corriente,Río Grande
TX-003159,CLI-00194,2025-01-26,Pisos y cerámicos,11,467334.03,Web,Cuenta corriente,Río Grande
TX-003160,CLI-00930,2025-01-26,Cemento y áridos,129,2278089.15,Telefónico,Transferencia,Rio Grande
TX-003161,CLI-00231,2025-01-26,Sanitarios y grifería,1,36633.96,Web,Tarjeta de débito,Ushuaia
TX-003162,CLI-00509,2025-01-26,Pisos y cerámicos,5,84395.03,Web,Transferencia,Río Grande
TX-003163,CLI-00575,2025-01-26,Herramientas manuales,7,126031.52,Telefónico,Cuenta corriente,Rio Grande
TX-003183,CLI-01084,2025-01-27,Ferretería general,8,90474.8,App,Cuenta corriente,Ushuaia
TX-003184,CLI-00186,2025-01-27,Seguridad e indumentaria,1,32487.82,App,Efectivo en sucursal,Río Grande
TX-003182,CLI-00066,2025-01-27,Seguridad e indumentaria,10,635284.49,Telefónico,Transferencia,Río Grande
TX-003189,CLI-00773,2025-01-27,Sanitarios y grifería,3,143376.04,App,Tarjeta de débito,río grande
TX-003190,CLI-00629,2025-01-27,Cemento y áridos,19,260797.3,Telefónico,Tarjeta de crédito,Río Grande
TX-003186,CLI-01270,2025-01-27,Herramientas manuales,2,25436.38,Web,Tarjeta de crédito,Ushuaia
TX-003181,CLI-00227,2025-01-27,Pinturas y revestimientos,1,24123.32,Web,Tarjeta de crédito,Río Grande
TX-003178,CLI-00108,2025-01-27,Plomería y caños,2,8800.07,App,Transferencia,Río Grande
TX-003179,CLI-01000,2025-01-27,Plomería y caños,7,86532.06,Telefónico,Cuenta corriente,Ushuaia 
TX-003175,CLI-01292,2025-01-27,Ferretería general,9,,Web,Tarjeta de crédito,Río Grande
TX-003172,CLI-01122,2025-01-27,Cemento y áridos,203,1477523.26,Telefónico,Tarjeta de débito,Ushuaia
TX-003171,CLI-00598,2025-01-27,Herramientas manuales,3,87155.56,Telefónico,Transferencia,Ushuaia
TX-003170,CLI-01013,2025-01-27,Plomería y caños,3,59709.86,Telefónico,Tarjeta de crédito,Ushuaia
TX-003169,CLI-00912,2025-01-27,Electricidad e iluminación,3,39765.3,App,Cuenta corriente,Tolhuin
TX-003166,CLI-01172,2025-01-27,Herramientas manuales,4,56192.43,Web,Transferencia,RÍO GRANDE
TX-003168,CLI-00722,2025-01-27,Maderas y tableros,2,35562.99,Web,Tarjeta de crédito,Ushuaia
TX-003180,CLI-00411,2025-01-27,Ferretería general,6,28728.16,App,Tarjeta de débito,Río Grande
TX-003211,CLI-00897,2025-01-28,Ferretería general,13,40577.75,Web,Tarjeta de débito,Ushuaia
TX-003210,CLI-00935,2025-01-28,Electricidad e iluminación,9,386089.16,Web,Cuenta corriente,Río Grande
TX-003209,CLI-00813,2025-01-28,Electricidad e iluminación,2,52442.71,Telefónico,Cuenta corriente,Río Grande
TX-003208,CLI-00194,2025-01-28,Maderas y tableros,5,-194218.07,Telefónico,Cuenta corriente,Río Grande
TX-003207,CLI-00293,2025-01-28,Maderas y tableros,10,-154309.69,App,Tarjeta de débito,Río Grande
TX-003206,CLI-00787,2025-01-28,Sanitarios y grifería,6,298369.66,Web,,Ushuaia
TX-003205,CLI-00015,2025-01-28,Herramientas manuales,3,27133.28,Web,Tarjeta de débito,Tolhuin
TX-003204,CLI-01035,2025-01-28,Herramientas eléctricas,3,573478.74,Web,Tarjeta de débito,Río Grande
TX-003202,CLI-00148,2025-01-28,Electricidad e iluminación,26,315825.6,Web,Transferencia,Río Grande
TX-003191,CLI-01051,2025-01-28,Plomería y caños,3,38736.14,Telefónico,Transferencia,Río Grande
TX-003203,CLI-00386,2025-01-28,Electricidad e iluminación,6,132217.58,Web,Cuenta corriente,Río Grande
TX-003194,CLI-00358,2025-01-28,Herramientas eléctricas,1,301316.7,Web,Transferencia,Ushuaia
TX-003196,CLI-00332,2025-01-28,Pinturas y revestimientos,3,53709.2,Web,Tarjeta de crédito,Río Grande
TX-003193,CLI-00170,2025-01-28,Plomería y caños,15,98209.45,Web,Tarjeta de crédito,Ushuaia
TX-003198,CLI-01162,2025-01-28,Herramientas manuales,1,12026.24,Web,Tarjeta de crédito,Río Grande
TX-003199,CLI-00202,2025-01-28,Pisos y cerámicos,17,500922.53,Telefónico,Cuenta corriente,Ushuaia
TX-003200,CLI-00050,2025-01-28,Aberturas,4,448170.53,Web,Tarjeta de débito,Ushuaia
TX-003201,CLI-00883,2025-01-28,Pinturas y revestimientos,15,793971.78,Telefónico,Cuenta corriente,Río Grande
TX-003197,CLI-01342,2025-01-28,Ferretería general,2,6821.52,Web,Transferencia,Ushuaia
TX-003224,CLI-01132,2025-01-29,Pisos y cerámicos,34,406667.11,App,Tarjeta de crédito,Río Grande
TX-003231,CLI-00862,2025-01-29,Plomería y caños,31,418212.27,Telefónico,Transferencia,Ushuaia
TX-003228,CLI-00218,2025-01-29,Pinturas y revestimientos,3,117608.06,App,Tarjeta de débito,Rio Grande
TX-003227,CLI-01131,2025-01-29,Herramientas manuales,2,20425.06,Web,Transferencia,Río Grande
TX-003226,CLI-01049,2025-01-29,Pisos y cerámicos,45,2236286.76,App,Tarjeta de crédito,Río Grande
TX-003225,CLI-00705,2025-01-29,Herramientas eléctricas,2,402048.68,Web,Tarjeta de crédito,Ushuaia
TX-003223,CLI-01224,2025-01-29,Pisos y cerámicos,8,105218.59,App,Tarjeta de débito,Río Grande
TX-003230,CLI-00357,2025-01-29,Ferretería general,3,35298.32,Telefónico,Cuenta corriente,Ushuaia
TX-003221,CLI-01089,2025-01-29,Pisos y cerámicos,24,335559.04,Web,Transferencia,Tolhuin
TX-003214,CLI-00032,2025-01-29,Ferretería general,5,20057.31,Web,Transferencia,Río Grande
TX-003213,CLI-01331,2025-01-29,Sanitarios y grifería,3,82369.46,Web,Tarjeta de débito,Río Grande
TX-003215,CLI-00785,2025-01-29,Plomería y caños,39,215337.68,Web,Transferencia,Ushuaia
TX-003212,CLI-00545,2025-01-29,Plomería y caños,1,5393.53,Web,Tarjeta de débito,Río Grande
TX-003222,CLI-01089,2025-01-29,Pisos y cerámicos,8,106244.52,Web,Tarjeta de crédito,Tolhuin
TX-003218,CLI-00652,2025-01-29,Herramientas manuales,6,74191.43,App,Tarjeta de débito,Río Grande
TX-003219,CLI-01049,2025-01-29,Herramientas manuales,8,313363.76,Telefónico,Cuenta corriente,Río Grande
TX-003220,CLI-00930,2025-01-29,Cemento y áridos,18,332178.28,App,Tarjeta de crédito,Río Grande 
TX-003217,CLI-00755,2025-01-29,Ferretería general,3,8897.1,Web,Tarjeta de crédito,Tolhuin
TX-003248,CLI-01165,2025-01-30,Maderas y tableros,8,231960.63,Telefónico,Tarjeta de crédito,Ushuaia
TX-003259,CLI-00304,2025-01-30,Ferretería general,6,40003.65,Telefónico,Cuenta corriente,Ushuaia
TX-003258,CLI-00554,2025-01-30,Aberturas,2,298096.54,Web,Tarjeta de crédito,Río Grande
TX-003257,CLI-01210,2025-01-30,Cemento y áridos,11,85947.37,Web,Transferencia,Río Grande
TX-003256,CLI-00090,2025-01-30,Ferretería general,13,105443.27,Web,Cuenta corriente,Río Grande
TX-003253,CLI-00903,2025-01-30,Aberturas,1,74900.94,Web,Transferencia,Ushuaia
TX-003252,CLI-00394,2025-01-30,Electricidad e iluminación,12,204030.99,Telefónico,Cuenta corriente,Ushuaia
TX-003251,CLI-00522,2025-01-30,Maderas y tableros,6,114268.07,Web,Tarjeta de débito,Río Grande
TX-003247,CLI-01344,2025-01-30,Herramientas manuales,4,46201.5,Web,Tarjeta de débito,Rio Grande
TX-003250,CLI-01059,2025-01-30,Sanitarios y grifería,3,404887.23,App,Transferencia,ushuaia
TX-003243,CLI-01017,2025-01-30,Herramientas manuales,2,79416.1,App,Transferencia,Río Grande 
TX-003246,CLI-00613,2025-01-30,Maderas y tableros,21,430895.72,Web,Cuenta corriente,Ushuaia
TX-003234,CLI-00538,2025-01-30,Aberturas,1,149939.51,App,Tarjeta de débito,Ushuaia
TX-003235,CLI-00912,2025-01-30,Pinturas y revestimientos,5,194418.17,Telefónico,Cuenta corriente,tolhuin
TX-003236,CLI-01002,2025-01-30,Pisos y cerámicos,21,410776.71,App,Transferencia,Río Grande
TX-003237,CLI-00150,2025-01-30,Ferretería general,14,37803.72,App,Transferencia,RÍO GRANDE
TX-003232,CLI-00199,2025-01-30,Plomería y caños,6,71071.68,Telefónico,Cuenta corriente,RÍO GRANDE
TX-003239,CLI-00866,2025-01-30,Cemento y áridos,6,55606.04,Web,Transferencia,ushuaia
TX-003240,CLI-00912,2025-01-30,Pisos y cerámicos,6,211184.57,App,Tarjeta de débito,Tolhuin
TX-003241,CLI-00690,2025-01-30,Cemento y áridos,21,144688.57,Web,Tarjeta de débito,Ushuaia
TX-003242,CLI-01239,2025-01-30,Plomería y caños,10,199698.17,App,Cuenta corriente,Río Grande
TX-003238,CLI-01199,2025-01-30,Electricidad e iluminación,8,182897.77,Telefónico,Transferencia,Río Grande
TX-003278,CLI-01051,2025-01-31,Herramientas manuales,3,78503.56,Telefónico,Transferencia,Río Grande
TX-003289,CLI-01049,2025-01-31,Cemento y áridos,55,1825494.8,Web,Cuenta corriente,Río Grande
TX-003288,CLI-00994,2025-01-31,Sanitarios y grifería,1,32672.96,App,Efectivo en sucursal,Río Grande
TX-003287,CLI-00112,2025-01-31,Maderas y tableros,8,325661.61,Web,Cuenta corriente,Río Grande
TX-003286,CLI-01059,2025-01-31,Pisos y cerámicos,12,406261.68,Telefónico,Cuenta corriente,Ushuaia
TX-003284,CLI-00800,2025-01-31,Ferretería general,7,21232.19,Web,Tarjeta de débito,Río Grande
TX-003282,CLI-00860,2025-01-31,Sanitarios y grifería,8,,Telefónico,Tarjeta de débito,Río Grande 
TX-003281,CLI-00392,2025-01-31,Ferretería general,22,120100.73,App,Cuenta corriente,Río Grande
TX-003280,CLI-00598,2025-01-31,Maderas y tableros,60,1670461.51,Web,Transferencia,Ushuaia
TX-003279,CLI-01050,2025-01-31,Electricidad e iluminación,7,84308.72,Web,Transferencia,Río Grande
TX-003276,CLI-01332,2025-01-31,Pinturas y revestimientos,9,299725.38,Telefónico,Cuenta corriente,Ushuaia
TX-003277,CLI-01287,2025-01-31,Ferretería general,2,9429.95,App,Tarjeta de débito,Río Grande
TX-003264,CLI-00701,2025-01-31,Plomería y caños,29,671113.3,Web,Tarjeta de crédito,Río Grande
TX-003274,CLI-00453,2025-01-31,Plomería y caños,16,258752.63,App,Transferencia,Río Grande
TX-003273,CLI-00232,2025-01-31,Electricidad e iluminación,3,57098.18,Web,Efectivo en sucursal,Río Grande
TX-003272,CLI-00046,2025-01-31,Aberturas,2,273978.06,Web,Tarjeta de crédito,Río Grande
TX-003269,CLI-00499,2025-01-31,Plomería y caños,4,31632.45,Web,Tarjeta de crédito,Río Grande
TX-003268,CLI-01094,2025-01-31,Pisos y cerámicos,5,74163.79,App,Tarjeta de débito,Ushuaia
TX-003267,CLI-00471,2025-01-31,Sanitarios y grifería,2,59582.54,Web,Transferencia,Ushuaia
TX-003266,CLI-01074,2025-01-31,Seguridad e indumentaria,1,34321.02,Web,Transferencia,Rio Grande
TX-003265,CLI-01123,2025-01-31,Maderas y tableros,8,139216.07,Web,Transferencia,Río Grande
TX-003275,CLI-00992,2025-01-31,Pisos y cerámicos,9,333856.59,Telefónico,Transferencia,Río Grande
TX-003263,CLI-00018,2025-01-31,Sanitarios y grifería,2,56903.77,App,Tarjeta de crédito,Río Grande
TX-003260,CLI-00708,2025-01-31,Plomería y caños,12,193980.42,Telefónico,Cuenta corriente,Río Grande
TX-003261,CLI-01347,2025-01-31,Cemento y áridos,9,312455.02,App,Tarjeta de débito,río grande
TX-003262,CLI-00842,2025-01-31,Maderas y tableros,4,134928.02,Web,Cuenta corriente,Río Grande
TX-003303,CLI-01240,2025-02-01,Plomería y caños,7,63232.21,Web,Tarjeta de débito,Ushuaia
TX-003302,CLI-00116,2025-02-01,Cemento y áridos,5,62157.7,Web,Transferencia,Río Grande
TX-003305,CLI-00039,2025-02-01,Pisos y cerámicos,43,649010.58,App,Tarjeta de crédito,Ushuaia
TX-003301,CLI-00972,2025-02-01,Ferretería general,3,13659.43,App,T. crédito,Ushuaia
TX-003304,CLI-00588,2025-02-01,Electricidad e iluminación,3,36569.16,Web,Tarjeta de crédito,Ushuaia
TX-003300,CLI-00964,2025-02-01,Plomería y caños,9,45240.84,Web,Tarjeta de débito,Río Grande
TX-003299,CLI-00981,2025-02-01,Herramientas manuales,2,25679.63,App,Efectivo en sucursal,Ushuaia
TX-003298,CLI-01277,2025-02-01,Pinturas y revestimientos,2,39962.08,App,Tarjeta de crédito,Ushuaia
TX-003297,CLI-01050,2025-02-01,Pisos y cerámicos,16,321303.55,Web,Tarjeta de crédito,Río Grande
TX-003296,CLI-01049,2025-02-01,Pisos y cerámicos,10,428025.78,App,Cuenta corriente,Río Grande
TX-003295,CLI-00445,2025-02-01,Maderas y tableros,3,48909.73,App,Tarjeta de débito,Río Grande
TX-003294,CLI-00055,2025-02-01,Electricidad e iluminación,4,42247.8,App,Tarjeta de débito,Río Grande
TX-003291,CLI-00178,2025-02-01,Ferretería general,31,172013.37,App,Cuenta corriente,Ushuaia
TX-003292,CLI-00092,2025-02-01,Sanitarios y grifería,1,29352.89,Web,Transferencia,Río Grande
TX-003293,CLI-00598,2025-02-01,Electricidad e iluminación,32,590187.34,Telefónico,Cuenta corriente,Ushuaia
TX-003312,CLI-00535,2025-02-02,Electricidad e iluminación,38,779989.47,App,Transferencia,Ushuaia
TX-003310,CLI-01008,2025-02-02,Herramientas manuales,4,66776.46,Web,Tarjeta de débito,ushuaia
TX-003309,CLI-00481,2025-02-02,Herramientas manuales,1,20833.23,Telefónico,Cuenta corriente,Río Grande
TX-003308,CLI-00376,2025-02-02,Cemento y áridos,7,106117.81,App,Transferencia,Ushuaia
TX-003307,CLI-01017,2025-02-02,Pinturas y revestimientos,3,195848.43,Telefónico,Transferencia,Río Grande
TX-003311,CLI-00883,2025-02-02,Seguridad e indumentaria,12,804957.61,App,Transferencia,Río Grande
TX-003340,CLI-01119,2025-02-03,Cemento y áridos,22,816015.51,Telefónico,Cuenta corriente,Ushuaia
TX-003338,CLI-00680,2025-02-03,Seguridad e indumentaria,4,128994.24,App,Transferencia,Ushuaia
TX-003339,CLI-00423,2025-02-03,Pisos y cerámicos,8,166641.6,Web,Transferencia,Río Grande
TX-003341,CLI-01148,2025-02-03,Pinturas y revestimientos,3,52042.53,App,Tarjeta de débito,Ushuaia
TX-003337,CLI-00275,2025-02-03,Ferretería general,2,8937.47,Web,Tarjeta de débito,Ushuaia
TX-003343,CLI-00596,2025-02-03,Pisos y cerámicos,13,382011.07,Telefónico,Transferencia,Río Grande
TX-003344,CLI-00344,2025-02-03,Pinturas y revestimientos,6,321314.92,Telefónico,Cuenta corriente,RÍO GRANDE
TX-003345,CLI-00814,2025-02-03,Plomería y caños,5,37545.71,Web,Tarjeta de crédito,Ushuaia
TX-003347,CLI-00218,2025-02-03,Electricidad e iluminación,7,142063.88,Web,Transferencia,Río Grande
TX-003342,CLI-00814,2025-02-03,Cemento y áridos,8,98451.32,Web,Transferencia,Ushuaia
TX-003336,CLI-01238,2025-02-03,Cemento y áridos,21,324873.95,App,Cuenta corriente,Ushuaia
TX-003318,CLI-00376,2025-02-03,Electricidad e iluminación,36,825579.37,App,Cuenta corriente,Ushuaia
TX-003332,CLI-01342,2025-02-03,Pinturas y revestimientos,4,92963.23,App,Tarjeta de débito,Ushuaia
TX-003314,CLI-00613,2025-02-03,Sanitarios y grifería,1,78311.34,Telefónico,Cuenta corriente,Ushuaia
TX-003315,CLI-00689,2025-02-03,Pisos y cerámicos,6,165658.1,Telefónico,Transferencia,Río Grande
TX-003316,CLI-00759,2025-02-03,Pinturas y revestimientos,6,227767.73,Telefónico,Transferencia,Ushuaia
TX-003317,CLI-00232,2025-02-03,Herramientas manuales,8,254978.86,Telefónico,Transferencia,Río Grande
TX-003313,CLI-01263,2025-02-03,Pinturas y revestimientos,1,28891.86,App,Tarjeta de débito,USHUAIA
TX-003319,CLI-01210,2025-02-03,Pisos y cerámicos,2,40421.32,Web,Tarjeta de crédito,Río Grande
TX-003333,CLI-00066,2025-02-03,Pinturas y revestimientos,13,471877.81,Telefónico,Cuenta corriente,Río Grande
TX-003322,CLI-00468,2025-02-03,Seguridad e indumentaria,2,100110.66,Telefónico,Cuenta corriente,USHUAIA
TX-003325,CLI-00872,2025-02-03,Cemento y áridos,15,219767.26,Web,Cuenta corriente,RÍO GRANDE
TX-003327,CLI-01275,2025-02-03,Aberturas,2,148383.39,Web,Tarjeta de débito,Río Grande
TX-003329,CLI-00721,2025-02-03,Electricidad e iluminación,8,92775.47,Web,Transferencia,Río Grande
TX-003331,CLI-00450,2025-02-03,Herramientas eléctricas,4,1241212.03,Web,Transferencia,Ushuaia
TX-003320,CLI-00040,2025-02-03,Seguridad e indumentaria,6,516443.12,Telefónico,Transferencia,Ushuaia
TX-003364,CLI-00020,2025-02-04,Electricidad e iluminación,1,12035.3,Web,Tarjeta de débito,Ushuaia
TX-003374,CLI-00178,2025-02-04,Plomería y caños,5,67838.53,Telefónico,Cuenta corriente,Ushuaia
TX-003373,CLI-00684,2025-02-04,Herramientas manuales,1,11844.7,App,Cuenta corriente,Río Grande
TX-003372,CLI-00879,2025-02-04,Aberturas,5,1338719.6,App,Tarjeta de débito,Río Grande
TX-003370,CLI-00879,2025-02-04,Pinturas y revestimientos,10,586761.72,App,transf.,Río Grande
TX-003368,CLI-01112,2025-02-04,Pisos y cerámicos,42,747298.27,Web,Transferencia,Ushuaia
TX-003367,CLI-01112,2025-02-04,Pisos y cerámicos,3,37187.64,App,Tarjeta de crédito,Ushuaia
TX-003366,CLI-00145,2025-02-04,Herramientas manuales,12,150837.7,Telefónico,Tarjeta de crédito,Ushuaia
TX-003362,CLI-00689,2025-02-04,Pisos y cerámicos,7,263595.11,Telefónico,Cuenta corriente,Río Grande
TX-003361,CLI-01318,2025-02-04,Plomería y caños,5,37262.64,Web,Tarjeta de débito,río grande
TX-003360,CLI-01257,2025-02-04,Ferretería general,3,12073.47,App,transf.,USHUAIA
TX-003349,CLI-00813,2025-02-04,Pinturas y revestimientos,7,411816.73,App,Transferencia,río grande
TX-003350,CLI-00828,2025-02-04,Ferretería general,7,55115.21,Telefónico,Cuenta corriente,Ushuaia
TX-003351,CLI-00955,2025-02-04,Electricidad e iluminación,13,129195.11,App,Tarjeta de crédito,Río Grande
TX-003352,CLI-01093,2025-02-04,Cemento y áridos,22,311881.49,App,Cuenta corriente,Ushuaia
TX-003353,CLI-01002,2025-02-04,Cemento y áridos,18,228769.91,Web,Transferencia,Río Grande
TX-003348,CLI-00962,2025-02-04,Plomería y caños,21,210292.75,Web,Tarjeta de crédito,Río Grande
TX-003356,CLI-00413,2025-02-04,Plomería y caños,22,322865.61,App,Cuenta corriente,Río Grande
TX-003357,CLI-01128,2025-02-04,Ferretería general,5,19372.15,Web,Transferencia,Río Grande
TX-003358,CLI-01123,2025-02-04,Plomería y caños,21,163630.68,Web,,río grande
TX-003359,CLI-01347,2025-02-04,Herramientas manuales,3,146030.54,App,Cuenta corriente,Río Grande 
TX-003354,CLI-01017,2025-02-04,Ferretería general,14,161775.94,Telefónico,Tarjeta de crédito,río grande
TX-003396,CLI-00768,2025-02-05,Sanitarios y grifería,2,74821.06,App,Tarjeta de débito,río grande
TX-003406,CLI-00172,2025-02-05,Pisos y cerámicos,19,1329391.56,Web,Tarjeta de débito,Tolhuin
TX-003405,CLI-00444,2025-02-05,Maderas y tableros,5,200876.03,Web,Transferencia,Ushuaia
TX-003404,CLI-00575,2025-02-05,Ferretería general,4,31953.27,Web,Cuenta corriente,Río Grande
TX-003403,CLI-00813,2025-02-05,Plomería y caños,11,214622.38,App,Transferencia,río grande
TX-003402,CLI-00813,2025-02-05,Pinturas y revestimientos,21,1278597.13,App,Transferencia,Río Grande
TX-003401,CLI-00976,2025-02-05,Electricidad e iluminación,22,251657.19,Web,Tarjeta de crédito,Tolhuin
TX-003400,CLI-00515,2025-02-05,Sanitarios y grifería,8,419788.19,App,Transferencia,río grande
TX-003399,CLI-01335,2025-02-05,Ferretería general,11,36372.45,App,Transferencia,Tolhuin
TX-003397,CLI-00431,2025-02-05,Pinturas y revestimientos,5,92286.51,Web,Tarjeta de débito,Río Grande
TX-003395,CLI-00285,2025-02-05,Sanitarios y grifería,1,55183.25,App,Tarjeta de débito,Ushuaia
TX-003379,CLI-00753,2025-02-05,Aberturas,2,183875.44,App,Tarjeta de crédito,Río Grande
TX-003393,CLI-01347,2025-02-05,Pisos y cerámicos,13,469591.53,Web,Cuenta corriente,Río Grande
TX-003394,CLI-00020,2025-02-05,Herramientas manuales,3,48739.01,Web,Transferencia,Ushuaia 
TX-003376,CLI-00471,2025-02-05,Ferretería general,4,13193.69,App,Efectivo en sucursal,USHUAIA
TX-003380,CLI-00054,2025-02-05,Herramientas manuales,5,77992.79,App,Tarjeta de crédito,Ushuaia
TX-003381,CLI-00720,2025-02-05,Herramientas eléctricas,1,139590.84,Web,Transferencia,Río Grande
TX-003382,CLI-01096,2025-02-05,Pisos y cerámicos,9,124559.66,App,Cuenta corriente,Ushuaia
TX-003375,CLI-00169,2025-02-05,Seguridad e indumentaria,6,167796.49,Web,Tarjeta de crédito,ushuaia
TX-003384,CLI-00325,2025-02-05,Aberturas,2,252447.99,Web,Transferencia,Río Grande
TX-003385,CLI-00293,2025-02-05,Plomería y caños,8,52384.87,Web,Tarjeta de crédito,Río Grande
TX-003386,CLI-01257,2025-02-05,Plomería y caños,2,20902.64,Web,Transferencia,Ushuaia
TX-003388,CLI-00553,2025-02-05,Electricidad e iluminación,14,252140.61,App,Cuenta corriente,Río Grande
TX-003391,CLI-00226,2025-02-05,Pisos y cerámicos,8,145552.28,Web,Tarjeta de débito,Río Grande
TX-003383,CLI-00879,2025-02-05,Cemento y áridos,14,339057.14,Telefónico,Transferencia,Río Grande
TX-003427,CLI-00453,2025-02-06,Ferretería general,13,64850.12,Telefónico,Transferencia,Río Grande
TX-003428,CLI-00962,2025-02-06,Ferretería general,2,9515.55,Web,T. débito,Río Grande
TX-003429,CLI-00159,2025-02-06,Cemento y áridos,176,2749102.3,App,Tarjeta de crédito,Ushuaia
TX-003430,CLI-01280,2025-02-06,Cemento y áridos,4,41492.51,App,Transferencia,Ushuaia
TX-003434,CLI-00371,2025-02-06,Sanitarios y grifería,2,,Telefónico,Tarjeta de débito,Ushuaia
TX-003432,CLI-00339,2025-02-06,Ferretería general,5,26524.9,Web,Tarjeta de crédito,Ushuaia
TX-003435,CLI-01086,2025-02-06,Ferretería general,7,20062.15,App,Tarjeta de débito,Tolhuin
TX-003436,CLI-00445,2025-02-06,Aberturas,1,58576.43,Web,Transferencia,Río Grande
TX-003426,CLI-00568,2025-02-06,Plomería y caños,4,53571.89,Telefónico,Transferencia,Río Grande
TX-003431,CLI-00387,2025-02-06,Cemento y áridos,31,334413.97,Web,transf.,Rio Grande
TX-003425,CLI-00585,2025-02-06,Seguridad e indumentaria,1,38909.93,Web,Transferencia,Ushuaia
TX-003416,CLI-00119,2025-02-06,Plomería y caños,1,6118.36,Web,Cuenta corriente,Tolhuin
TX-003421,CLI-00126,2025-02-06,Pisos y cerámicos,5,64040.48,Telefónico,Transferencia,Ushuaia
TX-003424,CLI-01197,2025-02-06,Herramientas manuales,1,17131.13,Web,Tarjeta de débito,Río Grande
TX-003410,CLI-00088,2025-02-06,Ferretería general,6,25118.2,Web,Tarjeta de crédito,Río Grande
TX-003409,CLI-00481,2025-02-06,Maderas y tableros,35,923076.52,App,Cuenta corriente,RÍO GRANDE
TX-003412,CLI-00885,2025-02-06,Ferretería general,8,26426.88,Web,Tarjeta de débito,Río Grande
TX-003413,CLI-01119,2025-02-06,Ferretería general,12,92146.54,App,Tarjeta de débito,Ushuaia
TX-003411,CLI-00302,2025-02-06,Sanitarios y grifería,1,41533.59,App,Tarjeta de crédito,Río Grande
TX-003415,CLI-01212,2025-02-06,Ferretería general,8,43615.6,App,Efectivo en sucursal,Río Grande
TX-003407,CLI-00420,2025-02-06,Sanitarios y grifería,1,42112.58,App,Efectivo en sucursal,Ushuaia
TX-003418,CLI-00652,2025-02-06,Ferretería general,21,100640.12,Web,Transferencia,Río Grande
TX-003419,CLI-00935,2025-02-06,Herramientas manuales,4,234009.61,Web,Cuenta corriente,Río Grande
TX-003420,CLI-00746,2025-02-06,Seguridad e indumentaria,15,666648.26,Telefónico,Cuenta corriente,ushuaia
TX-003414,CLI-01347,2025-02-06,Plomería y caños,10,283726.25,App,Tarjeta de crédito,Río Grande
TX-003450,CLI-01317,2025-02-07,Ferretería general,5,19443.99,Web,Tarjeta de crédito,Tolhuin 
TX-003456,CLI-01059,2025-02-07,Seguridad e indumentaria,2,146265.09,App,Cuenta corriente,Ushuaia
TX-003455,CLI-00178,2025-02-07,Pinturas y revestimientos,5,211603.67,App,Cuenta corriente,Ushuaia
TX-003454,CLI-00194,2025-02-07,Ferretería general,75,856778.87,App,Efectivo en sucursal,Río Grande
TX-003453,CLI-01058,2025-02-07,Pisos y cerámicos,2,22080.81,Web,Transferencia,Ushuaia
TX-003451,CLI-00094,2025-02-07,Plomería y caños,8,46948.5,Web,Tarjeta de crédito,río grande
TX-003449,CLI-00159,2025-02-07,Electricidad e iluminación,9,179729.9,Telefónico,Transferencia,Ushuaia
TX-003446,CLI-00627,2025-02-07,Ferretería general,24,161450.52,App,Tarjeta de crédito,Ushuaia
TX-003447,CLI-00359,2025-02-07,Herramientas manuales,5,83703.85,App,Transferencia,Río Grande
TX-003437,CLI-00546,2025-02-07,Cemento y áridos,23,365645.15,App,Cuenta corriente,Río Grande
TX-003448,CLI-00450,2025-02-07,Ferretería general,15,79686.29,Web,Cuenta corriente,Ushuaia
TX-003440,CLI-00812,2025-02-07,Cemento y áridos,15,115510.01,App,Transferencia,Ushuaia
TX-003441,CLI-00762,2025-02-07,Plomería y caños,3,29802.47,App,Efectivo en sucursal,río grande
TX-003438,CLI-00460,2025-02-07,Ferretería general,5,15368.92,Web,Tarjeta de crédito,Ushuaia
TX-003443,CLI-01265,2025-02-07,Cemento y áridos,32,651938.74,Telefónico,Cuenta corriente,Tolhuin
TX-003444,CLI-00273,2025-02-07,Aberturas,5,856895.33,Web,Tarjeta de crédito,Río Grande
TX-003445,CLI-00163,2025-02-07,Plomería y caños,2,26163.16,Telefónico,Transferencia,Río Grande
TX-003442,CLI-00746,2025-02-07,Maderas y tableros,8,241619.71,Telefónico,Cuenta corriente,Ushuaia
TX-003471,CLI-00322,2025-02-08,Herramientas eléctricas,3,794178.33,Web,Cuenta corriente,Río Grande
TX-003477,CLI-00448,2025-02-08,Cemento y áridos,47,730678.15,Telefónico,Cuenta corriente,Río Grande
TX-003476,CLI-01042,2025-02-08,Ferretería general,4,11910.14,Web,Tarjeta de débito,Río Grande 
TX-003475,CLI-01174,2025-02-08,Cemento y áridos,15,368430.3,Telefónico,Transferencia,RÍO GRANDE
TX-003473,CLI-01199,2025-02-08,Pisos y cerámicos,18,411549.9,Telefónico,Cuenta corriente,Río Grande
TX-003472,CLI-00063,2025-02-08,Herramientas manuales,2,40897.59,Web,Transferencia,Ushuaia
TX-003470,CLI-00172,2025-02-08,Electricidad e iluminación,2,72579.82,App,Tarjeta de crédito,Tolhuin
TX-003464,CLI-01218,2025-02-08,Ferretería general,10,46789.85,Web,T. débito,Río Grande 
TX-003466,CLI-00674,2025-02-08,Herramientas manuales,1,10889.09,Web,transf.,Río Grande
TX-003465,CLI-00360,2025-02-08,Plomería y caños,8,111530.21,Telefónico,Cuenta corriente,Río Grande
TX-003457,CLI-01034,2025-02-08,Ferretería general,7,25135.64,Web,Tarjeta de débito,Ushuaia
TX-003463,CLI-01112,2025-02-08,Sanitarios y grifería,7,405475.65,Web,Transferencia,Ushuaia
TX-003462,CLI-01125,2025-02-08,Pisos y cerámicos,6,70376.34,Web,Tarjeta de débito,ushuaia
TX-003461,CLI-00507,2025-02-08,Seguridad e indumentaria,2,50764.21,Web,Tarjeta de débito,RÍO GRANDE
TX-003458,CLI-00386,2025-02-08,Cemento y áridos,229,2803719.95,Web,Cuenta corriente,Río Grande 
TX-003460,CLI-01008,2025-02-08,Plomería y caños,2,13097.57,Web,Tarjeta de crédito,Ushuaia
TX-003467,CLI-01129,2025-02-08,Pinturas y revestimientos,2,38791.16,Web,Transferencia,Ushuaia
TX-003486,CLI-00955,2025-02-09,Herramientas manuales,10,185802.26,Web,Tarjeta de débito,Río Grande
TX-003485,CLI-00912,2025-02-09,Electricidad e iluminación,4,60350.36,App,Tarjeta de débito,Tolhuin
TX-003488,CLI-01119,2025-02-09,Cemento y áridos,14,368634.92,App,Cuenta corriente,Ushuaia
TX-003483,CLI-00074,2025-02-09,Plomería y caños,3,29715.83,App,Cuenta corriente,Río Grande
TX-003482,CLI-00575,2025-02-09,Pisos y cerámicos,13,470882.2,App,Cuenta corriente,Río Grande
TX-003480,CLI-01092,2025-02-09,Herramientas manuales,10,284558.22,Telefónico,Cuenta corriente,Río Grande
TX-003479,CLI-00348,2025-02-09,Ferretería general,8,54954.83,Telefónico,Cuenta corriente,tolhuin
TX-003478,CLI-00481,2025-02-09,Cemento y áridos,71,1045089.69,App,Cuenta corriente,RÍO GRANDE
TX-003484,CLI-00112,2025-02-09,Plomería y caños,6,124656.01,Web,Cuenta corriente,Río Grande
TX-003509,CLI-00357,2025-02-10,Pinturas y revestimientos,22,1291719.64,App,Transferencia,Ushuaia
TX-003510,CLI-00267,2025-02-10,Herramientas manuales,3,49192.28,Web,Tarjeta de crédito,Ushuaia
TX-003511,CLI-01273,2025-02-10,Ferretería general,21,58739.3,App,Tarjeta de débito,Río Grande
TX-003508,CLI-00695,2025-02-10,Electricidad e iluminación,4,56174.21,Web,Transferencia,Río Grande
TX-003513,CLI-00708,2025-02-10,Ferretería general,8,60799.73,App,Transferencia,Río Grande
TX-003517,CLI-00828,2025-02-10,Electricidad e iluminación,8,291613.72,App,Cuenta corriente,Ushuaia
TX-003516,CLI-00814,2025-02-10,Electricidad e iluminación,8,105661.19,Web,Transferencia,Ushuaia
TX-003518,CLI-00273,2025-02-10,Ferretería general,6,39994.96,App,Cuenta corriente,Río Grande
TX-003519,CLI-00755,2025-02-10,Ferretería general,8,31468.75,Web,Tarjeta de crédito,Tolhuin 
TX-003520,CLI-00020,2025-02-10,Pisos y cerámicos,12,218747.6,Web,Cuenta corriente,Ushuaia
TX-003515,CLI-00067,2025-02-10,Pisos y cerámicos,12,187597.46,App,Tarjeta de crédito,Río Grande
TX-003507,CLI-01092,2025-02-10,Electricidad e iluminación,8,168930.64,App,Transferencia,RÍO GRANDE
TX-003512,CLI-00559,2025-02-10,Pisos y cerámicos,6,80116.2,App,Efectivo en sucursal,ushuaia
TX-003505,CLI-00199,2025-02-10,Sanitarios y grifería,4,363427.57,Web,Cuenta corriente,Río Grande
TX-003489,CLI-01067,2025-02-10,Herramientas manuales,4,65418.82,Web,T. débito,tolhuin
TX-003490,CLI-00189,2025-02-10,Plomería y caños,18,193838.68,App,Efectivo en sucursal,Ushuaia
TX-003506,CLI-01119,2025-02-10,Ferretería general,19,166904.61,Telefónico,Cuenta corriente,Ushuaia
TX-003492,CLI-00360,2025-02-10,Ferretería general,4,22535.27,App,Transferencia,Rio Grande
TX-003493,CLI-00762,2025-02-10,Plomería y caños,2,23220.19,Web,Tarjeta de crédito,Río Grande
TX-003494,CLI-00300,2025-02-10,Aberturas,4,1270915.23,App,Tarjeta de crédito,Ushuaia
TX-003495,CLI-01337,2025-02-10,Maderas y tableros,3,44361.16,Web,Tarjeta de crédito,Río Grande
TX-003491,CLI-01270,2025-02-10,Herramientas eléctricas,1,231526.82,Web,Tarjeta de crédito,Ushuaia
TX-003497,CLI-01214,2025-02-10,,3,,App,Transferencia,Río Grande
TX-003499,CLI-00172,2025-02-10,Cemento y áridos,3,74479.18,App,Cuenta corriente,Tolhuin
TX-003500,CLI-01156,2025-02-10,Herramientas manuales,6,83571.68,App,Tarjeta de crédito,Ushuaia
TX-003502,CLI-00624,2025-02-10,Cemento y áridos,17,119619.62,Web,Tarjeta de crédito,Río Grande
TX-003503,CLI-00959,2025-02-10,Seguridad e indumentaria,3,98905.32,Web,Tarjeta de débito,Ushuaia
TX-003504,CLI-01095,2025-02-10,Maderas y tableros,3,65433.75,Web,Tarjeta de débito,Río Grande
TX-003496,CLI-00984,2025-02-10,Ferretería general,5,17658.07,Web,Tarjeta de crédito,Río Grande
TX-003538,CLI-00289,2025-02-11,Plomería y caños,8,117475.61,Web,Transferencia,Río Grande
TX-003547,CLI-00068,2025-02-11,Pinturas y revestimientos,2,162936.38,App,Transferencia,RÍO GRANDE
TX-003545,CLI-00358,2025-02-11,Herramientas manuales,2,46494.34,App,Transferencia,Ushuaia
TX-003544,CLI-00596,2025-02-11,Seguridad e indumentaria,2,126858.95,App,Cuenta corriente,Río Grande 
TX-003542,CLI-00353,2025-02-11,Seguridad e indumentaria,6,206818.85,Web,Transferencia,Ushuaia
TX-003541,CLI-00354,2025-02-11,Herramientas manuales,2,39241.76,Web,Transferencia,Río Grande
TX-003540,CLI-00320,2025-02-11,Cemento y áridos,10,150603.37,App,,Río Grande
TX-003539,CLI-00652,2025-02-11,Sanitarios y grifería,2,109476.75,Web,Tarjeta de crédito,Río Grande
TX-003536,CLI-00743,2025-02-11,Herramientas manuales,9,186555.55,Web,Tarjeta de crédito,Río Grande
TX-003534,CLI-00814,2025-02-11,Herramientas manuales,4,71402.92,Web,Tarjeta de débito,Ushuaia
TX-003525,CLI-00613,2025-02-11,Herramientas manuales,4,107304.65,App,Cuenta corriente,Ushuaia
TX-003533,CLI-01174,2025-02-11,Maderas y tableros,49,2949624.92,App,Tarjeta de crédito,río grande
TX-003532,CLI-00348,2025-02-11,Electricidad e iluminación,12,284500.52,Telefónico,Cuenta corriente,Tolhuin
TX-003531,CLI-00791,2025-02-11,Herramientas manuales,5,69848.5,App,Tarjeta de débito,Río Grande
TX-003530,CLI-00746,2025-02-11,Pisos y cerámicos,15,401140.14,App,Cuenta corriente,Ushuaia 
TX-003529,CLI-00828,2025-02-11,Plomería y caños,7,84668.41,Telefónico,Tarjeta de crédito,Ushuaia
TX-003528,CLI-00828,2025-02-11,Ferretería general,13,67369.24,Web,Transferencia,Ushuaia
TX-003526,CLI-01347,2025-02-11,Aberturas,7,2213713.18,App,Cuenta corriente,Rio Grande
TX-003522,CLI-01223,2025-02-11,Sanitarios y grifería,2,117707.5,Web,Tarjeta de crédito,Ushuaia
TX-003524,CLI-01197,2025-02-11,Herramientas manuales,2,36359.23,Web,Cuenta corriente,Río Grande
TX-003523,CLI-00335,2025-02-11,Aberturas,2,210483.03,Web,Tarjeta de crédito,Ushuaia
TX-003535,CLI-00482,2025-02-11,Electricidad e iluminación,15,284961.14,App,Cuenta corriente,Río Grande
TX-003568,CLI-00080,2025-02-12,Pinturas y revestimientos,6,144549.48,Web,Tarjeta de débito,Ushuaia
TX-003566,CLI-00616,2025-02-12,Sanitarios y grifería,2,76584.13,App,Efectivo en sucursal,Ushuaia
TX-003569,CLI-01172,2025-02-12,Electricidad e iluminación,2,17073.11,Web,,Río Grande
TX-003567,CLI-00334,2025-02-12,Ferretería general,4,13115.63,App,Transferencia,Río Grande 
TX-003570,CLI-01081,2025-02-12,Pisos y cerámicos,14,312824.69,Telefónico,Transferencia,Río Grande
TX-003577,CLI-00650,2025-02-12,Herramientas manuales,3,37525.59,Web,Tarjeta de crédito,Ushuaia
TX-003574,CLI-00081,2025-02-12,Ferretería general,2,6720.69,Web,Transferencia,tolhuin
TX-003575,CLI-00199,2025-02-12,Plomería y caños,8,95999.04,App,Cuenta corriente,Río Grande
TX-003576,CLI-01126,2025-02-12,Plomería y caños,5,37204.8,Web,Tarjeta de débito,Río Grande
TX-003572,CLI-01212,2025-02-12,Ferretería general,2,8043.45,Web,Transferencia,Río Grande
TX-003565,CLI-00602,2025-02-12,Ferretería general,2,9837.25,Web,Tarjeta de débito,Ushuaia
TX-003555,CLI-00660,2025-02-12,Herramientas manuales,2,21924.2,Web,Tarjeta de crédito,Río Grande
TX-003563,CLI-00281,2025-02-12,Ferretería general,12,94569.14,Web,Tarjeta de crédito,Ushuaia
TX-003564,CLI-00730,2025-02-12,Cemento y áridos,40,894955.64,App,Transferencia,Río Grande
TX-003550,CLI-01050,2025-02-12,Herramientas eléctricas,1,,Telefónico,Transferencia,Río Grande
TX-003548,CLI-01092,2025-02-12,Plomería y caños,3,39613.34,Telefónico,Cuenta corriente,Río Grande
TX-003551,CLI-00249,2025-02-12,Seguridad e indumentaria,8,410222.97,Telefónico,Cuenta corriente,Río Grande
TX-003553,CLI-00172,2025-02-12,Ferretería general,26,298438.45,App,Cuenta corriente,Tolhuin
TX-003556,CLI-01112,2025-02-12,Pinturas y revestimientos,3,82077.14,App,Tarjeta de débito,Ushuaia
TX-003552,CLI-00535,2025-02-12,Herramientas manuales,10,351174.72,App,Tarjeta de crédito,Ushuaia
TX-003558,CLI-00404,2025-02-12,Ferretería general,3,8102.19,Web,Tarjeta de crédito,Río Grande
TX-003559,CLI-00108,2025-02-12,Electricidad e iluminación,5,48646.59,Web,Tarjeta de débito,Río Grande
TX-003560,CLI-01318,2025-02-12,Plomería y caños,4,25525.85,Web,Transferencia,Río Grande
TX-003561,CLI-00085,2025-02-12,Pisos y cerámicos,41,591879.84,Web,Tarjeta de crédito,Río Grande
TX-003562,CLI-00376,2025-02-12,Pisos y cerámicos,18,568207.08,Telefónico,Cuenta corriente,Ushuaia
TX-003557,CLI-01248,2025-02-12,Ferretería general,1,3603.23,Web,Tarjeta de débito,Ushuaia
TX-003589,CLI-00068,2025-02-13,Ferretería general,9,66840.31,Telefónico,Cuenta corriente,río grande
TX-003592,CLI-01096,2025-02-13,Sanitarios y grifería,3,105080.64,Web,Transferencia,Ushuaia
TX-003591,CLI-00276,2025-02-13,Cemento y áridos,8,203088.4,Web,Cuenta corriente,Ushuaia
TX-003590,CLI-00345,2025-02-13,Pinturas y revestimientos,2,75644.32,Telefónico,Tarjeta de crédito,Río Grande
TX-003588,CLI-01160,2025-02-13,Cemento y áridos,29,303408.85,Telefónico,Tarjeta de débito,Ushuaia
TX-003584,CLI-01300,2025-02-13,Cemento y áridos,15,317710.34,Telefónico,Transferencia,Río Grande
TX-003586,CLI-01165,2025-02-13,Pinturas y revestimientos,2,94143.24,App,Transferencia,Ushuaia
TX-003585,CLI-00146,2025-02-13,Pinturas y revestimientos,7,135916.73,Web,Transferencia,Río Grande
TX-003583,CLI-00730,2025-02-13,Cemento y áridos,19,329995.84,App,Cuenta corriente,RÍO GRANDE
TX-003582,CLI-01141,2025-02-13,Ferretería general,7,48304.39,App,Transferencia,USHUAIA
TX-003580,CLI-00598,2025-02-13,Pinturas y revestimientos,11,643840.65,Web,Cuenta corriente,Ushuaia
TX-003578,CLI-00178,2025-02-13,Pisos y cerámicos,19,593603.94,App,Cuenta corriente,Ushuaia
TX-003587,CLI-00982,2025-02-13,Herramientas eléctricas,1,251484.64,Web,Cuenta corriente,USHUAIA
TX-003607,CLI-00485,2025-02-14,Ferretería general,55,171785.17,Telefónico,Tarjeta de crédito,Río Grande
TX-003611,CLI-00879,2025-02-14,Cemento y áridos,59,1248107.68,Telefónico,Cuenta corriente,Río Grande
TX-003609,CLI-00122,2025-02-14,Cemento y áridos,7,64936.96,App,Efectivo en sucursal,Río Grande
TX-003608,CLI-00367,2025-02-14,Maderas y tableros,6,104144.7,Web,,Ushuaia
TX-003605,CLI-00639,2025-02-14,Sanitarios y grifería,2,64574.42,App,Efectivo en sucursal,Tolhuin
TX-003610,CLI-00289,2025-02-14,Herramientas eléctricas,3,685136.89,Telefónico,Cuenta corriente,Río Grande
TX-003603,CLI-00743,2025-02-14,Cemento y áridos,29,353881.03,Web,Transferencia,Río Grande
TX-003595,CLI-00996,2025-02-14,Herramientas manuales,3,114959.29,App,Tarjeta de crédito,Ushuaia
TX-003597,CLI-00300,2025-02-14,Maderas y tableros,6,386412.99,App,Tarjeta de débito,Ushuaia
TX-003598,CLI-01051,2025-02-14,Cemento y áridos,8,138993.68,Telefónico,Transferencia,RÍO GRANDE
TX-003604,CLI-00860,2025-02-14,Seguridad e indumentaria,2,109056.63,App,Transferencia,Río Grande
TX-003600,CLI-00450,2025-02-14,,7,246440.76,Telefónico,Cuenta corriente,Ushuaia
TX-003602,CLI-00772,2025-02-14,Herramientas manuales,2,45210.97,Telefónico,Transferencia,Río Grande
TX-003601,CLI-00773,2025-02-14,Pisos y cerámicos,19,227236.06,Web,Transferencia,
TX-003594,CLI-00111,2025-02-14,Ferretería general,4,20589.85,App,Transferencia,Río Grande
TX-003617,CLI-00444,2025-02-15,Aberturas,3,570522.68,Web,Tarjeta de crédito,Ushuaia
TX-003618,CLI-00044,2025-02-15,Plomería y caños,1,7820.9,App,Tarjeta de débito,Ushuaia
TX-003619,CLI-01000,2025-02-15,Pisos y cerámicos,9,241630.31,Web,Cuenta corriente,Ushuaia
TX-003620,CLI-00020,2025-02-15,Electricidad e iluminación,8,79018.54,Web,Tarjeta de crédito,Ushuaia
TX-003615,CLI-00883,2025-02-15,Plomería y caños,10,184327.57,App,Cuenta corriente,Río Grande
TX-003622,CLI-00268,2025-02-15,Electricidad e iluminación,8,105607.28,Web,Tarjeta de crédito,Río Grande
TX-003623,CLI-01212,2025-02-15,Plomería y caños,4,31803.36,Web,Transferencia,Río Grande
TX-003624,CLI-00730,2025-02-15,Plomería y caños,4,54843.99,Telefónico,Cuenta corriente,Río Grande
TX-003626,CLI-00028,2025-02-15,Cemento y áridos,60,1022494.7,App,Cuenta corriente,Ushuaia
TX-003627,CLI-00726,2025-02-15,Seguridad e indumentaria,15,303659.04,App,Transferencia,USHUAIA
TX-003628,CLI-00189,2025-02-15,Pisos y cerámicos,16,311080.6,App,Transferencia,Ushuaia
TX-003614,CLI-00417,2025-02-15,Herramientas eléctricas,1,222454.34,Web,T. débito,RÍO GRANDE
TX-003616,CLI-00813,2025-02-15,Maderas y tableros,16,574105.95,App,Cuenta corriente,Río Grande
TX-003621,CLI-00127,2025-02-15,Pinturas y revestimientos,4,83675.47,Web,Tarjeta de débito,Ushuaia
TX-003629,CLI-00112,2025-02-16,Ferretería general,6,91092.84,Telefónico,Tarjeta de crédito,Río Grande
TX-003630,CLI-00980,2025-02-16,Electricidad e iluminación,4,39872.01,Web,Transferencia,Tolhuin
TX-003631,CLI-00268,2025-02-16,Cemento y áridos,11,112283.91,Web,Tarjeta de débito,Río Grande
TX-003650,CLI-01088,2025-02-17,Seguridad e indumentaria,2,54981.65,Web,Tarjeta de débito,Ushuaia
TX-003661,CLI-01103,2025-02-17,Pisos y cerámicos,6,79909.1,App,Tarjeta de crédito,Río Grande
TX-003660,CLI-01199,2025-02-17,Pisos y cerámicos,5,127815.26,Telefónico,Cuenta corriente,Río Grande
TX-003659,CLI-00522,2025-02-17,Sanitarios y grifería,3,114447.61,Web,Transferencia,Río Grande
TX-003658,CLI-00754,2025-02-17,Pinturas y revestimientos,11,247467.99,Telefónico,T. crédito,Río Grande
TX-003656,CLI-00992,2025-02-17,Herramientas eléctricas,5,1346084.05,Telefónico,Cuenta corriente,Río Grande
TX-003655,CLI-01199,2025-02-17,Plomería y caños,9,117138.47,Web,Transferencia,Río Grande
TX-003654,CLI-00009,2025-02-17,Cemento y áridos,30,466328.0,Web,Cuenta corriente,Tolhuin
TX-003653,CLI-00668,2025-02-17,Pinturas y revestimientos,4,79195.75,Telefónico,Efectivo en sucursal,Ushuaia
TX-003652,CLI-00334,2025-02-17,Pinturas y revestimientos,2,31735.35,Web,Tarjeta de crédito,Río Grande
TX-003648,CLI-00093,2025-02-17,Pinturas y revestimientos,2,48883.99,Telefónico,Tarjeta de débito,Río Grande
TX-003657,CLI-00141,2025-02-17,Aberturas,2,231917.35,Web,Tarjeta de débito,Río Grande
TX-003646,CLI-00351,2025-02-17,Plomería y caños,15,242992.43,Telefónico,Cuenta corriente,Río Grande
TX-003635,CLI-00701,2025-02-17,Electricidad e iluminación,4,88572.68,Web,Cuenta corriente,Río Grande
TX-003636,CLI-00588,2025-02-17,Aberturas,2,219107.64,Web,Transferencia,Ushuaia
TX-003637,CLI-00357,2025-02-17,Cemento y áridos,73,1656726.74,Telefónico,Transferencia,ushuaia
TX-003638,CLI-00139,2025-02-17,Cemento y áridos,9,78760.96,Web,Tarjeta de crédito,Ushuaia
TX-003639,CLI-00883,2025-02-17,Seguridad e indumentaria,2,160685.79,Telefónico,Cuenta corriente,Río Grande
TX-003633,CLI-00723,2025-02-17,Plomería y caños,13,98332.37,App,Transferencia,Rio Grande
TX-003634,CLI-00616,2025-02-17,Cemento y áridos,18,151237.44,Web,Transferencia,Ushuaia
TX-003641,CLI-00604,2025-02-17,Seguridad e indumentaria,1,40550.95,Web,Tarjeta de débito,Ushuaia
TX-003640,CLI-01081,2025-02-17,Herramientas manuales,4,107375.31,App,Cuenta corriente,Río Grande
TX-003645,CLI-00580,2025-02-17,Electricidad e iluminación,6,75172.63,Web,Tarjeta de crédito,Río Grande
TX-003647,CLI-00024,2025-02-17,Seguridad e indumentaria,3,88648.62,Telefónico,Tarjeta de débito,Río Grande
TX-003643,CLI-00126,2025-02-17,Electricidad e iluminación,2,18989.71,Web,Tarjeta de débito,Ushuaia
TX-003642,CLI-00127,2025-02-17,Ferretería general,11,36307.77,Web,Tarjeta de débito,Ushuaia
TX-003644,CLI-00994,2025-02-17,Cemento y áridos,4,36375.25,Telefónico,Transferencia,Río Grande
TX-003681,CLI-00208,2025-02-18,Herramientas manuales,4,48309.06,App,Tarjeta de crédito,Río Grande
TX-003693,CLI-01059,2025-02-18,Electricidad e iluminación,6,165528.69,Web,Tarjeta de crédito,Ushuaia
TX-003691,CLI-00326,2025-02-18,Pisos y cerámicos,2,26523.4,Web,Tarjeta de débito,Río Grande
TX-003689,CLI-00445,2025-02-18,Ferretería general,9,22997.87,App,Transferencia,Río Grande
TX-003688,CLI-00357,2025-02-18,Maderas y tableros,6,282914.97,Telefónico,Cuenta corriente,Ushuaia
TX-003687,CLI-00718,2025-02-18,Electricidad e iluminación,2,21355.07,Web,Tarjeta de débito,Rio Grande
TX-003684,CLI-00079,2025-02-18,Herramientas manuales,4,46105.2,Telefónico,Tarjeta de débito,Ushuaia
TX-003683,CLI-00359,2025-02-18,Herramientas manuales,6,104910.77,App,Tarjeta de crédito,río grande
TX-003682,CLI-00791,2025-02-18,Sanitarios y grifería,11,463901.51,App,Efectivo en sucursal,Río Grande
TX-003690,CLI-01162,2025-02-18,Herramientas manuales,5,92325.24,Web,Tarjeta de débito,Río Grande
TX-003679,CLI-01347,2025-02-18,Pinturas y revestimientos,8,531442.2,App,Cuenta corriente,Río Grande
TX-003678,CLI-00626,2025-02-18,Seguridad e indumentaria,3,99285.74,Web,Tarjeta de crédito,Ushuaia
TX-003680,CLI-01132,2025-02-18,Maderas y tableros,5,77577.45,Web,Tarjeta de crédito,Río Grande
TX-003663,CLI-00074,2025-02-18,Electricidad e iluminación,4,39591.72,Web,Tarjeta de débito,Río Grande
TX-003666,CLI-00094,2025-02-18,Sanitarios y grifería,2,92194.12,Web,Tarjeta de débito,Río Grande
TX-003669,CLI-00942,2025-02-18,Cemento y áridos,40,349091.19,App,transf.,Río Grande
TX-003671,CLI-00159,2025-02-18,Cemento y áridos,16,303085.76,App,Cuenta corriente,Ushuaia
TX-003667,CLI-00935,2025-02-18,Maderas y tableros,7,414888.07,Telefónico,Cuenta corriente,Río Grande
TX-003673,CLI-00613,2025-02-18,Herramientas manuales,2,44843.34,App,Transferencia,Ushuaia
TX-003674,CLI-01012,2025-02-18,Pisos y cerámicos,4,63714.85,Web,Transferencia,Río Grande
TX-003676,CLI-01146,2025-02-18,Pinturas y revestimientos,16,632765.27,Telefónico,Transferencia,Río Grande
TX-003677,CLI-01347,2025-02-18,Herramientas manuales,2,84744.72,Telefónico,Transferencia,Río Grande 
TX-003672,CLI-00850,2025-02-18,Pisos y cerámicos,3,69587.2,Telefónico,Cuenta corriente,Río Grande
TX-003662,CLI-00254,2025-02-18,Ferretería general,3,15241.73,App,Efectivo en sucursal,Río Grande
TX-003714,CLI-00626,2025-02-19,Electricidad e iluminación,7,59635.47,Web,Tarjeta de crédito,Ushuaia
TX-003712,CLI-01128,2025-02-19,Seguridad e indumentaria,10,364082.28,Web,Transferencia,Río Grande
TX-003711,CLI-01049,2025-02-19,Maderas y tableros,14,808804.75,App,Tarjeta de crédito,Río Grande
TX-003713,CLI-00723,2025-02-19,Herramientas manuales,4,75318.53,Web,Tarjeta de débito,Río Grande
TX-003719,CLI-00841,2025-02-19,Cemento y áridos,24,414303.48,Telefónico,Cuenta corriente,Ushuaia
TX-003716,CLI-01204,2025-02-19,Electricidad e iluminación,8,104473.24,App,Tarjeta de crédito,Ushuaia
TX-003717,CLI-01184,2025-02-19,Pinturas y revestimientos,2,22136.74,Telefónico,Tarjeta de débito,río grande
TX-003718,CLI-00528,2025-02-19,Maderas y tableros,7,139254.14,Web,Tarjeta de débito,Ushuaia
TX-003715,CLI-00094,2025-02-19,Aberturas,2,189641.02,Web,Tarjeta de crédito,Río Grande
TX-003710,CLI-00730,2025-02-19,Ferretería general,3,20490.85,Web,Transferencia,Río Grande
TX-003705,CLI-00800,2025-02-19,Seguridad e indumentaria,2,72521.87,Web,Transferencia,Río Grande
TX-003708,CLI-00041,2025-02-19,Herramientas manuales,2,34819.39,Web,Tarjeta de débito,Tolhuin
TX-003694,CLI-00256,2025-02-19,Seguridad e indumentaria,5,248673.3,Telefónico,Cuenta corriente,RÍO GRANDE
TX-003709,CLI-00959,2025-02-19,Herramientas manuales,3,40641.81,App,Tarjeta de débito,Ushuaia
TX-003695,CLI-00312,2025-02-19,Cemento y áridos,30,173632.95,Web,Transferencia,Río Grande
TX-003696,CLI-01208,2025-02-19,Seguridad e indumentaria,3,80543.15,Web,T. débito,Río Grande
TX-003697,CLI-00813,2025-02-19,Maderas y tableros,8,410697.38,App,Cuenta corriente,Río Grande
TX-003702,CLI-00112,2025-02-19,Pisos y cerámicos,47,2376735.51,Telefónico,Transferencia,Río Grande
TX-003700,CLI-00090,2025-02-19,Pinturas y revestimientos,4,152187.06,Web,Cuenta corriente,Río Grande 
TX-003704,CLI-00305,2025-02-19,Ferretería general,22,183138.0,App,Transferencia,Río Grande
TX-003706,CLI-00020,2025-02-19,Pinturas y revestimientos,2,66817.95,App,Tarjeta de crédito,Ushuaia
TX-003699,CLI-01012,2025-02-19,Ferretería general,5,15330.51,Web,Tarjeta de crédito,Río Grande
TX-003703,CLI-00629,2025-02-19,Aberturas,1,176003.29,Telefónico,Cuenta corriente,RÍO GRANDE
TX-003723,CLI-01145,2025-02-20,Herramientas manuales,3,41681.22,Web,Tarjeta de débito,Ushuaia
TX-003720,CLI-01035,2025-02-20,Herramientas manuales,4,69833.69,Web,Transferencia,Río Grande
TX-003741,CLI-00785,2025-02-20,Cemento y áridos,14,87477.75,App,Transferencia,USHUAIA
TX-003740,CLI-00972,2025-02-20,Sanitarios y grifería,3,122814.87,Web,Tarjeta de crédito,Ushuaia
TX-003739,CLI-01049,2025-02-20,Herramientas manuales,7,225628.52,App,Tarjeta de crédito,Río Grande
TX-003722,CLI-00923,2025-02-20,Herramientas eléctricas,7,1079236.86,App,Tarjeta de débito,Río Grande
TX-003737,CLI-00881,2025-02-20,Seguridad e indumentaria,3,61421.14,Telefónico,Tarjeta de débito,Tolhuin
TX-003735,CLI-00701,2025-02-20,Sanitarios y grifería,3,408258.08,App,Cuenta corriente,Río Grande 
TX-003734,CLI-00332,2025-02-20,Pisos y cerámicos,11,160129.32,Telefónico,Tarjeta de crédito,Río Grande
TX-003738,CLI-00322,2025-02-20,Herramientas manuales,3,89004.93,Telefónico,Cuenta corriente,Río Grande
TX-003731,CLI-00351,2025-02-20,Electricidad e iluminación,3,62965.6,Telefónico,Transferencia,Río Grande
TX-003724,CLI-00040,2025-02-20,Pisos y cerámicos,31,1062073.31,App,Transferencia,Ushuaia
TX-003732,CLI-00650,2025-02-20,Plomería y caños,1,5820.85,Web,Tarjeta de crédito,Ushuaia
TX-003725,CLI-00546,2025-02-20,Ferretería general,3,20810.88,App,Cuenta corriente,
TX-003726,CLI-00720,2025-02-20,Ferretería general,15,52301.02,Web,Tarjeta de débito,Río Grande
TX-003736,CLI-01069,2025-02-20,Plomería y caños,5,28170.53,Telefónico,Tarjeta de débito,Río Grande
TX-003728,CLI-00575,2025-02-20,Ferretería general,12,102893.09,Telefónico,Transferencia,Río Grande
TX-003729,CLI-00892,2025-02-20,Sanitarios y grifería,3,155451.94,Web,T. débito,TOLHUIN
TX-003730,CLI-01310,2025-02-20,Cemento y áridos,23,388725.19,App,Efectivo en sucursal,Río Grande
TX-003727,CLI-00883,2025-02-20,Aberturas,2,555106.84,App,Cuenta corriente,Rio Grande
TX-003761,CLI-00009,2025-02-21,Seguridad e indumentaria,7,409826.17,App,Cuenta corriente,Tolhuin
TX-003760,CLI-01218,2025-02-21,Ferretería general,8,30777.6,Web,Transferencia,Río Grande
TX-003759,CLI-00050,2025-02-21,Pisos y cerámicos,14,258832.66,Web,Transferencia,Ushuaia
TX-003758,CLI-00138,2025-02-21,Herramientas manuales,5,59105.64,Web,Tarjeta de crédito,Río Grande
TX-003757,CLI-00128,2025-02-21,Plomería y caños,2,27963.66,Telefónico,Cuenta corriente,Río Grande 
TX-003755,CLI-00695,2025-02-21,Ferretería general,9,43744.17,Web,Tarjeta de débito,Río Grande
TX-003756,CLI-00115,2025-02-21,Sanitarios y grifería,2,80534.26,Web,Transferencia,Tohluin
TX-003762,CLI-01224,2025-02-21,Ferretería general,51,229829.64,Web,Transferencia,Río Grande
TX-003754,CLI-00333,2025-02-21,Electricidad e iluminación,6,83639.19,Web,Tarjeta de crédito,Ushuaia
TX-003751,CLI-01049,2025-02-21,Pinturas y revestimientos,11,565877.91,Telefónico,Tarjeta de crédito,Río Grande 
TX-003742,CLI-00437,2025-02-21,Electricidad e iluminación,5,33108.7,Web,Tarjeta de débito,Ushuaia
TX-003753,CLI-00566,2025-02-21,Electricidad e iluminación,2,27355.78,Telefónico,Tarjeta de débito,Río Grande
TX-003743,CLI-00553,2025-02-21,Maderas y tableros,7,269880.23,Telefónico,Cuenta corriente,Río Grande
TX-003744,CLI-00040,2025-02-21,Aberturas,3,656382.25,Web,Transferencia,Ushuaia 
TX-003749,CLI-00142,2025-02-21,Herramientas eléctricas,2,476696.28,Telefónico,Transferencia,Río Grande
TX-003746,CLI-01049,2025-02-21,Aberturas,4,1249906.11,Telefónico,Transferencia,Río Grande
TX-003747,CLI-01317,2025-02-21,Maderas y tableros,2,35627.14,Web,Transferencia,Tolhuin
TX-003750,CLI-00876,2025-02-21,Pinturas y revestimientos,6,165680.38,Web,Tarjeta de crédito,USHUAIA
TX-003748,CLI-00448,2025-02-21,Pisos y cerámicos,12,237881.18,Telefónico,Cuenta corriente,río grande
TX-003745,CLI-01104,2025-02-21,Cemento y áridos,9,171338.61,App,Cuenta corriente,Río Grande
TX-003791,CLI-00227,2025-02-22,Plomería y caños,4,21420.24,Telefónico,Tarjeta de crédito,Río Grande
TX-003790,CLI-00122,2025-02-22,Maderas y tableros,6,87986.52,Web,Tarjeta de crédito,Río Grande
TX-003789,CLI-00178,2025-02-22,Pinturas y revestimientos,4,198547.79,Web,Cuenta corriente,Ushuaia
TX-003788,CLI-00099,2025-02-22,Ferretería general,7,26011.57,Web,Transferencia,USHUAIA
TX-003787,CLI-00633,2025-02-22,Pisos y cerámicos,6,123568.17,Web,Tarjeta de crédito,Río Grande
TX-003786,CLI-00794,2025-02-22,Pinturas y revestimientos,6,188211.12,Web,Tarjeta de débito,Río Grande
TX-003785,CLI-01224,2025-02-22,Ferretería general,4,18214.0,Web,Tarjeta de débito,Río Grande
TX-003784,CLI-00468,2025-02-22,Electricidad e iluminación,10,243030.26,App,Cuenta corriente,Ushuaia
TX-003783,CLI-00695,2025-02-22,Plomería y caños,3,26364.46,App,transf.,Rio Grande
TX-003781,CLI-01112,2025-02-22,Sanitarios y grifería,2,85507.37,Web,Transferencia,Ushuaia
TX-003780,CLI-00420,2025-02-22,Pinturas y revestimientos,1,23024.96,Web,Transferencia,ushuaia
TX-003779,CLI-00791,2025-02-22,Sanitarios y grifería,3,119892.4,Web,Transferencia,Río Grande
TX-003776,CLI-00981,2025-02-22,Herramientas manuales,2,19895.35,App,Tarjeta de débito,Ushuaia
TX-003775,CLI-01148,2025-02-22,Plomería y caños,2,15213.29,Web,Tarjeta de crédito,Ushuaia
TX-003774,CLI-00082,2025-02-22,Herramientas manuales,2,31357.63,App,Efectivo en sucursal,Río Grande
TX-003773,CLI-01216,2025-02-22,Sanitarios y grifería,6,266100.36,Web,Transferencia,Ushuaia
TX-003772,CLI-01081,2025-02-22,Cemento y áridos,15,262813.45,App,Transferencia,Río Grande
TX-003769,CLI-00826,2025-02-22,Plomería y caños,12,75623.66,Web,Tarjeta de crédito,Ushuaia
TX-003768,CLI-00482,2025-02-22,Pisos y cerámicos,9,241391.37,App,Cuenta corriente,Río Grande
TX-003767,CLI-00765,2025-02-22,Herramientas manuales,5,69204.73,Web,Transferencia,Río Grande
TX-003782,CLI-00041,2025-02-22,Ferretería general,7,33440.75,Web,Tarjeta de débito,Tolhuin
TX-003777,CLI-01333,2025-02-22,Sanitarios y grifería,1,67276.63,Web,Cuenta corriente,Ushuaia
TX-003797,CLI-00420,2025-02-23,Ferretería general,4,15650.59,Web,Tarjeta de débito,Ushuaia
TX-003794,CLI-00708,2025-02-23,Plomería y caños,9,168421.59,Web,Transferencia,Río Grande
TX-003795,CLI-01037,2025-02-23,Herramientas manuales,5,144324.56,Web,Cuenta corriente,Ushuaia
TX-003796,CLI-00564,2025-02-23,Pisos y cerámicos,5,54816.62,App,Tarjeta de débito,ushuaia
TX-003798,CLI-00758,2025-02-24,Herramientas manuales,2,22653.88,Web,Tarjeta de crédito,Río Grande
TX-003818,CLI-00408,2025-02-24,Ferretería general,5,19243.67,Web,Tarjeta de crédito,Tolhuin
TX-003816,CLI-01114,2025-02-24,Pisos y cerámicos,6,71831.91,Web,Tarjeta de débito,Ushuaia
TX-003815,CLI-00128,2025-02-24,Pinturas y revestimientos,3,87769.04,Web,Tarjeta de débito,RÍO GRANDE
TX-003814,CLI-00646,2025-02-24,Plomería y caños,8,64991.37,Web,T. crédito,Ushuaia
TX-003813,CLI-00099,2025-02-24,Plomería y caños,15,151680.87,App,Tarjeta de crédito,Ushuaia
TX-003812,CLI-00093,2025-02-24,Electricidad e iluminación,10,119125.5,Web,Tarjeta de crédito,Río Grande
TX-003817,CLI-01013,2025-02-24,Plomería y caños,13,171626.89,App,Cuenta corriente,Ushuaia
TX-003809,CLI-01096,2025-02-24,Herramientas manuales,8,115412.24,App,Tarjeta de crédito,Ushuaia
TX-003808,CLI-00776,2025-02-24,Pinturas y revestimientos,4,87655.28,Web,T. débito,Río Grande
TX-003807,CLI-00524,2025-02-24,Herramientas manuales,5,84646.09,Web,Tarjeta de crédito,RÍO GRANDE
TX-003804,CLI-00205,2025-02-24,Electricidad e iluminación,2,17413.47,Web,Transferencia,Ushuaia
TX-003803,CLI-00390,2025-02-24,Pisos y cerámicos,9,326027.92,Telefónico,Transferencia,Ushuaia
TX-003802,CLI-00302,2025-02-24,Pisos y cerámicos,7,96653.21,Web,Tarjeta de débito,río grande
TX-003801,CLI-00026,2025-02-24,Aberturas,7,-841816.77,App,Tarjeta de débito,río grande
TX-003800,CLI-00564,2025-02-24,Pisos y cerámicos,8,-104733.78,Telefónico,Tarjeta de débito,Ushuaia
TX-003799,CLI-00515,2025-02-24,Aberturas,2,368935.25,Telefónico,Cuenta corriente,Río Grande
TX-003811,CLI-01000,2025-02-24,Cemento y áridos,86,1460461.59,Telefónico,Cuenta corriente,Ushuaia
TX-003846,CLI-00438,2025-02-25,Ferretería general,4,11190.39,Web,Transferencia,Ushuaia
TX-003847,CLI-01112,2025-02-25,Sanitarios y grifería,4,228767.53,App,Tarjeta de débito,Ushuaia
TX-003848,CLI-01053,2025-02-25,Pisos y cerámicos,21,507204.84,Telefónico,Cuenta corriente,Río Grande
TX-003849,CLI-00894,2025-02-25,Herramientas eléctricas,1,204824.02,Web,Tarjeta de débito,Ushuaia
TX-003851,CLI-01089,2025-02-25,Sanitarios y grifería,2,104524.11,App,Efectivo en sucursal,TOLHUIN
TX-003857,CLI-01204,2025-02-25,Maderas y tableros,4,70211.54,Web,Transferencia,Ushuaia
TX-003854,CLI-00207,2025-02-25,Ferretería general,2,7960.92,Web,Tarjeta de crédito,Río Grande
TX-003855,CLI-00175,2025-02-25,Aberturas,2,193217.74,Web,T. débito,Río Grande
TX-003856,CLI-00390,2025-02-25,Cemento y áridos,20,302411.33,Telefónico,Transferencia,Ushuaia
TX-003843,CLI-00357,2025-02-25,Ferretería general,7,84357.79,Telefónico,Cuenta corriente,Ushuaia
TX-003852,CLI-01273,2025-02-25,Plomería y caños,2,15768.41,Web,T. débito,Río Grande
TX-003840,CLI-00065,2025-02-25,Ferretería general,8,25919.53,Web,Tarjeta de crédito,ushuaia
TX-003853,CLI-01146,2025-02-25,Ferretería general,35,223128.32,App,Cuenta corriente,Río Grande
TX-003837,CLI-00068,2025-02-25,Plomería y caños,5,93049.36,App,Cuenta corriente,Río Grande
TX-003822,CLI-00207,2025-02-25,Pinturas y revestimientos,2,39186.22,Web,Transferencia,Río Grande
TX-003823,CLI-00982,2025-02-25,Pisos y cerámicos,6,168249.08,App,Transferencia,USHUAIA
TX-003824,CLI-00482,2025-02-25,Electricidad e iluminación,16,314304.33,App,Cuenta corriente,Río Grande
TX-003826,CLI-00992,2025-02-25,Maderas y tableros,20,795233.14,Telefónico,Transferencia,Rio Grande
TX-003827,CLI-00868,2025-02-25,Pinturas y revestimientos,6,103658.87,Telefónico,Efectivo en sucursal,Ushuaia
TX-003819,CLI-00963,2025-02-25,Ferretería general,3,8839.11,Web,Tarjeta de débito,Ushuaia
TX-003820,CLI-00348,2025-02-25,Electricidad e iluminación,7,155468.55,Web,Cuenta corriente,tolhuin
TX-003829,CLI-00718,2025-02-25,Herramientas manuales,3,44589.38,Web,T. débito,Río Grande
TX-003828,CLI-00009,2025-02-25,Plomería y caños,4,58035.28,App,Tarjeta de débito,Tolhuin
TX-003834,CLI-01174,2025-02-25,Seguridad e indumentaria,9,924523.09,Telefónico,Tarjeta de crédito,Río Grande
TX-003838,CLI-00935,2025-02-25,Electricidad e iluminación,10,250444.08,Web,Cuenta corriente,Río Grande
TX-003831,CLI-01156,2025-02-25,Ferretería general,16,58056.3,Web,Transferencia,Ushuaia
TX-003830,CLI-01257,2025-02-25,Pinturas y revestimientos,3,80402.85,Web,Transferencia,Ushuaia
TX-003833,CLI-00389,2025-02-25,Pinturas y revestimientos,4,78992.36,Web,Tarjeta de crédito,río grande
TX-003877,CLI-00526,2025-02-26,Electricidad e iluminación,11,156699.55,Web,Tarjeta de débito,Ushuaia
TX-003892,CLI-00537,2025-02-26,Electricidad e iluminación,8,61318.65,App,Tarjeta de crédito,Ushuaia
TX-003891,CLI-00641,2025-02-26,Herramientas manuales,5,100580.35,App,Transferencia,Río Grande
TX-003884,CLI-01059,2025-02-26,Maderas y tableros,10,558032.19,App,Cuenta corriente,Ushuaia
TX-003883,CLI-00163,2025-02-26,Herramientas eléctricas,2,672642.13,Web,Cuenta corriente,Río Grande
TX-003881,CLI-00954,2025-02-26,Herramientas manuales,2,34383.13,App,Tarjeta de débito,Río Grande
TX-003880,CLI-00345,2025-02-26,Pisos y cerámicos,36,1118018.48,Telefónico,Cuenta corriente,Río Grande
TX-003879,CLI-00962,2025-02-26,Herramientas manuales,5,164734.14,Web,Tarjeta de crédito,Río Grande
TX-003878,CLI-01217,2025-02-26,Herramientas manuales,2,57961.67,App,Cuenta corriente,Ushuaia
TX-003885,CLI-00300,2025-02-26,Seguridad e indumentaria,14,1080356.05,Telefónico,Transferencia,Ushuaia
TX-003875,CLI-00273,2025-02-26,Aberturas,1,169509.51,Web,Cuenta corriente,Río Grande
TX-003874,CLI-00074,2025-02-26,Electricidad e iluminación,8,68469.51,App,Transferencia,Río Grande
TX-003876,CLI-01065,2025-02-26,Seguridad e indumentaria,2,69771.44,App,Efectivo en sucursal,Ushuaia
TX-003860,CLI-01116,2025-02-26,Plomería y caños,9,76602.29,Telefónico,Transferencia,Ushuaia
TX-003861,CLI-00114,2025-02-26,Pisos y cerámicos,5,66191.18,Web,Tarjeta de débito,Ushuaia
TX-003862,CLI-01347,2025-02-26,Pisos y cerámicos,109,6204665.58,Telefónico,Cuenta corriente,Río Grande
TX-003863,CLI-00782,2025-02-26,Sanitarios y grifería,8,254895.61,Web,Tarjeta de crédito,Ushuaia
TX-003858,CLI-01161,2025-02-26,Herramientas eléctricas,1,112984.85,App,Efectivo en sucursal,Ushuaia
TX-003868,CLI-00992,2025-02-26,Ferretería general,28,168177.92,Telefónico,,Río Grande
TX-003869,CLI-00535,2025-02-26,Pisos y cerámicos,75,2139298.51,App,Cuenta corriente,Ushuaia
TX-003870,CLI-00598,2025-02-26,Cemento y áridos,20,335350.86,Telefónico,Cuenta corriente,Ushuaia
TX-003871,CLI-01051,2025-02-26,Pisos y cerámicos,59,1441422.94,App,Transferencia,Río Grande
TX-003872,CLI-00404,2025-02-26,Herramientas manuales,2,22177.5,Web,Transferencia,Río Grande
TX-003866,CLI-00931,2025-02-26,Plomería y caños,3,28195.73,App,Tarjeta de crédito,Río Grande
TX-003912,CLI-00689,2025-02-27,Plomería y caños,15,179022.84,App,Cuenta corriente,río grande
TX-003913,CLI-00273,2025-02-27,Electricidad e iluminación,4,91158.27,Web,Cuenta corriente,Río Grande
TX-003915,CLI-00252,2025-02-27,Seguridad e indumentaria,3,94865.51,Web,T. crédito,Río Grande
TX-003916,CLI-00159,2025-02-27,Pisos y cerámicos,18,364236.02,Web,Cuenta corriente,Ushuaia
TX-003920,CLI-00099,2025-02-27,Ferretería general,6,-25527.02,Web,Transferencia,Ushuaia
TX-003919,CLI-01216,2025-02-27,Seguridad e indumentaria,2,63615.83,Telefónico,Efectivo en sucursal,Ushuaia
TX-003921,CLI-01013,2025-02-27,Seguridad e indumentaria,2,171532.97,Telefónico,Cuenta corriente,Ushuaia
TX-003923,CLI-00621,2025-02-27,Sanitarios y grifería,2,104452.17,Telefónico,Cuenta corriente,Río Grande
TX-003924,CLI-01337,2025-02-27,Ferretería general,2,6589.04,Web,Tarjeta de débito,Río Grande
TX-003918,CLI-01002,2025-02-27,Pinturas y revestimientos,11,462399.09,App,Cuenta corriente,Río Grande
TX-003911,CLI-00190,2025-02-27,Maderas y tableros,9,150825.04,Web,Tarjeta de débito,Ushuaia
TX-003906,CLI-01118,2025-02-27,Sanitarios y grifería,3,139003.46,Web,Transferencia,Río Grande
TX-003908,CLI-00879,2025-02-27,Ferretería general,5,65421.3,App,Cuenta corriente,Río Grande
TX-003895,CLI-00627,2025-02-27,Ferretería general,25,174470.98,App,Cuenta corriente,Ushuaia
TX-003893,CLI-01012,2025-02-27,Seguridad e indumentaria,6,134361.14,Web,Tarjeta de débito,Río Grande
TX-003897,CLI-00629,2025-02-27,Electricidad e iluminación,22,444866.23,Telefónico,Tarjeta de débito,Río Grande
TX-003898,CLI-01262,2025-02-27,Sanitarios y grifería,3,104275.14,Web,Transferencia,Ushuaia
TX-003899,CLI-00024,2025-02-27,Herramientas manuales,7,101514.27,Telefónico,Transferencia,Río Grande
TX-003910,CLI-00705,2025-02-27,Ferretería general,16,70745.59,Web,Efectivo en sucursal,Ushuaia
TX-003901,CLI-00627,2025-02-27,Electricidad e iluminación,2,44290.72,App,Transferencia,Ushuaia
TX-003902,CLI-00016,2025-02-27,Sanitarios y grifería,25,2472246.48,App,Transferencia,Río Grande
TX-003903,CLI-00880,2025-02-27,Plomería y caños,3,23113.19,Web,Tarjeta de débito,Ushuaia 
TX-003905,CLI-00876,2025-02-27,Herramientas manuales,1,11405.92,Web,Tarjeta de débito,Ushuaia
TX-003904,CLI-01050,2025-02-27,Herramientas manuales,1,20669.72,Web,Transferencia,Río Grande
TX-003900,CLI-00698,2025-02-27,Ferretería general,10,48218.23,Web,Tarjeta de débito,Río Grande
TX-003952,CLI-01126,2025-02-28,Ferretería general,22,75780.56,Web,Transferencia,Río Grande
TX-003951,CLI-01049,2025-02-28,Plomería y caños,8,161683.87,App,Tarjeta de crédito,Río Grande
TX-003950,CLI-01327,2025-02-28,Pisos y cerámicos,14,185117.1,Web,Transferencia,Ushuaia
TX-003949,CLI-01092,2025-02-28,Maderas y tableros,23,622037.68,Web,Tarjeta de crédito,Río Grande
TX-003947,CLI-01276,2025-02-28,Plomería y caños,4,25937.76,App,Tarjeta de débito,Ushuaia
TX-003946,CLI-01144,2025-02-28,Maderas y tableros,3,700629.65,Web,Tarjeta de crédito,Río Grande
TX-003945,CLI-01059,2025-02-28,Maderas y tableros,26,1551276.63,Telefónico,Efectivo en sucursal,Ushuaia
TX-003944,CLI-01050,2025-02-28,Seguridad e indumentaria,1,38277.11,Web,Tarjeta de crédito,Río Grande 
TX-003943,CLI-00602,2025-02-28,Herramientas manuales,2,34319.89,Web,Tarjeta de crédito,Ushuaia
TX-003941,CLI-00566,2025-02-28,Herramientas eléctricas,3,522694.18,Web,,Río Grande
TX-003925,CLI-01059,2025-02-28,,5,267835.01,App,Cuenta corriente,Ushuaia
TX-003927,CLI-01123,2025-02-28,Cemento y áridos,44,493103.92,App,Tarjeta de débito,RÍO GRANDE
TX-003942,CLI-01084,2025-02-28,Aberturas,2,601345.22,App,Transferencia,Ushuaia
TX-003931,CLI-00787,2025-02-28,Pisos y cerámicos,13,188850.21,Web,Tarjeta de crédito,Ushuaia
TX-003933,CLI-00690,2025-02-28,Ferretería general,8,20037.5,Web,Tarjeta de débito,Ushuaia
TX-003928,CLI-00942,2025-02-28,Sanitarios y grifería,3,137006.62,Web,Tarjeta de crédito,Río Grande
TX-003935,CLI-00543,2025-02-28,Pisos y cerámicos,7,72033.48,Web,Tarjeta de débito,Ushuaia
TX-003936,CLI-00803,2025-02-28,Sanitarios y grifería,2,123038.8,Web,Efectivo en sucursal,Ushuaia
TX-003937,CLI-00417,2025-02-28,Electricidad e iluminación,4,38706.72,Web,Efectivo en sucursal,Río Grande
TX-003934,CLI-00116,2025-02-28,Herramientas manuales,3,41567.35,Telefónico,,Río Grande
TX-003939,CLI-00721,2025-02-28,Ferretería general,9,33684.49,Web,Efectivo en sucursal,Río Grande
TX-003963,CLI-00881,2025-03-01,Maderas y tableros,8,139258.4,Web,Efectivo en sucursal,Tolhuin
TX-003968,CLI-01053,2025-03-01,Ferretería general,11,92805.67,App,Transferencia,Río Grande
TX-003967,CLI-00543,2025-03-01,Sanitarios y grifería,5,197699.06,Web,Tarjeta de crédito,Ushuaia
TX-003966,CLI-01064,2025-03-01,Herramientas manuales,1,11888.43,Web,Transferencia,Río Grande
TX-003965,CLI-01173,2025-03-01,Aberturas,3,282764.9,App,Transferencia,Río Grande
TX-003961,CLI-01029,2025-03-01,Plomería y caños,9,81319.07,Web,Tarjeta de crédito,Río Grande
TX-003960,CLI-01032,2025-03-01,Herramientas manuales,1,9269.92,App,Tarjeta de débito,Río Grande
TX-003953,CLI-01051,2025-03-01,Seguridad e indumentaria,5,267654.97,App,Transferencia,Río Grande
TX-003956,CLI-00872,2025-03-01,Herramientas manuales,10,260681.73,App,Cuenta corriente,Río Grande
TX-003954,CLI-00740,2025-03-01,Pinturas y revestimientos,9,240828.94,Web,Transferencia,Río Grande
TX-003958,CLI-01110,2025-03-01,Ferretería general,4,16733.07,App,Efectivo en sucursal,Río Grande
TX-003959,CLI-00256,2025-03-01,Ferretería general,35,234784.89,App,Transferencia,Río Grande
TX-003957,CLI-00791,2025-03-01,Herramientas manuales,1,16652.56,App,Transferencia,Río Grande
TX-003962,CLI-00524,2025-03-01,Sanitarios y grifería,3,105246.01,App,Tarjeta de crédito,Río Grande
TX-003969,CLI-00450,2025-03-02,Herramientas manuales,6,233043.6,App,Cuenta corriente,Ushuaia
TX-003970,CLI-01123,2025-03-02,Plomería y caños,10,92503.98,Web,Transferencia,RÍO GRANDE
TX-003971,CLI-01347,2025-03-02,Ferretería general,8,74464.82,Telefónico,Cuenta corriente,Río Grande
TX-003984,CLI-00090,2025-03-03,Plomería y caños,5,63559.29,Telefónico,Transferencia,Río Grande
TX-003991,CLI-00560,2025-03-03,Sanitarios y grifería,4,368902.98,App,Cuenta corriente,Río Grande
TX-003990,CLI-00535,2025-03-03,Cemento y áridos,23,414862.41,Telefónico,Cuenta corriente,Ushuaia
TX-003989,CLI-00078,2025-03-03,Maderas y tableros,17,510800.42,App,Tarjeta de débito,Ushuaia 
TX-003988,CLI-00121,2025-03-03,Herramientas manuales,8,109146.95,App,Transferencia,Ushuaia
TX-003987,CLI-00656,2025-03-03,Pisos y cerámicos,8,119624.62,App,Transferencia,RÍO GRANDE
TX-003986,CLI-01089,2025-03-03,Sanitarios y grifería,1,49282.78,Web,Transferencia,Tolhuin
TX-003985,CLI-00526,2025-03-03,Sanitarios y grifería,2,94211.49,Web,Transferencia,Ushuaia 
TX-003982,CLI-00116,2025-03-03,Ferretería general,8,29506.88,Web,Tarjeta de crédito,Río Grande
TX-003981,CLI-00617,2025-03-03,Pinturas y revestimientos,3,62701.06,App,Transferencia,Río Grande
TX-003972,CLI-00538,2025-03-03,Cemento y áridos,28,228480.71,Web,Transferencia,Ushuaia
TX-003983,CLI-00856,2025-03-03,Pinturas y revestimientos,3,138329.32,Telefónico,Transferencia,Ushuaia
TX-003974,CLI-00321,2025-03-03,Cemento y áridos,31,1095123.07,Telefónico,Tarjeta de crédito,Ushuaia
TX-003975,CLI-01063,2025-03-03,Pisos y cerámicos,9,129518.23,App,Tarjeta de crédito,Río Grande 
TX-003973,CLI-00351,2025-03-03,Seguridad e indumentaria,7,384334.2,App,Cuenta corriente,Río Grande
TX-003977,CLI-00113,2025-03-03,Ferretería general,12,76237.04,App,Tarjeta de crédito,Río Grande
TX-003978,CLI-01017,2025-03-03,Plomería y caños,5,90681.89,App,Tarjeta de crédito,Río Grande
TX-003979,CLI-00982,2025-03-03,Aberturas,3,499494.42,App,Cuenta corriente,Ushuaia
TX-003980,CLI-00068,2025-03-03,Cemento y áridos,43,1237542.83,Telefónico,Cuenta corriente,Río Grande
TX-003976,CLI-00740,2025-03-03,Sanitarios y grifería,5,279981.69,Web,Tarjeta de débito,Río Grande
TX-004011,CLI-01002,2025-03-04,Ferretería general,8,49703.34,Web,Tarjeta de débito,río grande
TX-004017,CLI-00535,2025-03-04,Cemento y áridos,29,585453.13,App,Cuenta corriente,Ushuaia
TX-004015,CLI-00912,2025-03-04,Pisos y cerámicos,10,249720.2,Web,Cuenta corriente,Tolhuin
TX-004014,CLI-00582,2025-03-04,Electricidad e iluminación,4,40623.71,Web,Tarjeta de débito,Ushuaia
TX-004013,CLI-00267,2025-03-04,Plomería y caños,3,23165.78,Web,Tarjeta de crédito,Ushuaia
TX-004012,CLI-01217,2025-03-04,Electricidad e iluminación,4,74566.12,Telefónico,Transferencia,Ushuaia
TX-004006,CLI-00268,2025-03-04,Ferretería general,12,24905.69,Telefónico,Tarjeta de crédito,Río Grande
TX-004016,CLI-01292,2025-03-04,Plomería y caños,7,36855.14,Web,Tarjeta de débito,Río Grande
TX-004003,CLI-00367,2025-03-04,Seguridad e indumentaria,3,60241.86,Web,Tarjeta de débito,Ushuaia
TX-004002,CLI-00708,2025-03-04,Electricidad e iluminación,2,36618.06,Telefónico,Cuenta corriente,Río Grande
TX-004000,CLI-01216,2025-03-04,Plomería y caños,23,130530.94,Web,Tarjeta de crédito,Ushuaia
TX-003999,CLI-00500,2025-03-04,Maderas y tableros,75,2514923.15,App,Cuenta corriente,Ushuaia
TX-003998,CLI-00202,2025-03-04,Cemento y áridos,28,606985.3,Web,Cuenta corriente,Ushuaia
TX-003992,CLI-00387,2025-03-04,Ferretería general,4,16456.84,App,Tarjeta de crédito,Rio Grande
TX-003997,CLI-01327,2025-03-04,Aberturas,3,332945.75,App,Transferencia,Ushuaia
TX-004004,CLI-00785,2025-03-04,Ferretería general,5,22001.77,App,Tarjeta de débito,Ushuaia
TX-003995,CLI-00345,2025-03-04,Maderas y tableros,48,1468756.54,Web,Cuenta corriente,Río Grande
TX-003994,CLI-01287,2025-03-04,Pinturas y revestimientos,3,73429.51,App,Tarjeta de débito,Río Grande
TX-004037,CLI-01347,2025-03-05,Seguridad e indumentaria,5,564560.2,Telefónico,Cuenta corriente,Río Grande
TX-004036,CLI-00044,2025-03-05,Ferretería general,18,64714.59,Web,Tarjeta de crédito,Ushuaia
TX-004032,CLI-01162,2025-03-05,Ferretería general,4,16738.38,Web,Tarjeta de débito,Río Grande
TX-004030,CLI-01300,2025-03-05,Pinturas y revestimientos,4,219589.35,Telefónico,Transferencia,Río Grande
TX-004029,CLI-00981,2025-03-05,Sanitarios y grifería,2,75924.04,Web,Tarjeta de crédito,Ushuaia
TX-004027,CLI-00463,2025-03-05,Ferretería general,6,30247.75,Web,Transferencia,Tolhuin
TX-004026,CLI-00172,2025-03-05,Cemento y áridos,38,864256.85,Web,Cuenta corriente,Tolhuin
TX-004024,CLI-01259,2025-03-05,Plomería y caños,8,42796.43,App,Tarjeta de crédito,RÍO GRANDE
TX-004023,CLI-00546,2025-03-05,Pisos y cerámicos,14,333410.31,Web,Cuenta corriente,Río Grande
TX-004022,CLI-00712,2025-03-05,Pisos y cerámicos,6,92037.62,App,T. débito,Ushuaia
TX-004021,CLI-00386,2025-03-05,Plomería y caños,21,201864.22,Telefónico,Tarjeta de débito,Rio Grande
TX-004018,CLI-00935,2025-03-05,Seguridad e indumentaria,7,643858.85,Telefónico,Cuenta corriente,Río Grande
TX-004028,CLI-00289,2025-03-05,Cemento y áridos,37,799946.98,Telefónico,Transferencia,Río Grande
TX-004052,CLI-00681,2025-03-06,Cemento y áridos,39,356484.6,App,Transferencia,Río Grande
TX-004054,CLI-00500,2025-03-06,Pisos y cerámicos,6,173711.73,Telefónico,Tarjeta de crédito,Ushuaia
TX-004055,CLI-00813,2025-03-06,,6,546615.17,Telefónico,Transferencia,Río Grande
TX-004056,CLI-00813,2025-03-06,Aberturas,7,2167376.36,Telefónico,Transferencia,Río Grande
TX-004060,CLI-00629,2025-03-06,Pisos y cerámicos,25,952833.3,Web,Transferencia,Río Grande
TX-004058,CLI-00712,2025-03-06,Plomería y caños,9,84108.93,Web,Tarjeta de débito,Ushuaia
TX-004059,CLI-01204,2025-03-06,Herramientas manuales,2,39965.57,Web,Tarjeta de débito,Ushuaia
TX-004057,CLI-00009,2025-03-06,Herramientas manuales,2,48178.76,App,Cuenta corriente,Tolhuin
TX-004051,CLI-01033,2025-03-06,Pisos y cerámicos,11,159721.74,App,Tarjeta de débito,Tolhuin
TX-004043,CLI-01132,2025-03-06,Herramientas manuales,3,33260.08,App,Tarjeta de débito,Rio Grande
TX-004049,CLI-00660,2025-03-06,Ferretería general,2,7669.24,Web,Cuenta corriente,Río Grande
TX-004048,CLI-00828,2025-03-06,Ferretería general,19,139153.24,Web,Cuenta corriente,Ushuaia
TX-004047,CLI-00883,2025-03-06,Plomería y caños,13,301366.93,Telefónico,Transferencia,Río Grande
TX-004046,CLI-00321,2025-03-06,Ferretería general,3,40781.84,Telefónico,Cuenta corriente,Ushuaia
TX-004045,CLI-00089,2025-03-06,Electricidad e iluminación,27,323350.18,Web,Transferencia,Río Grande
TX-004044,CLI-00218,2025-03-06,Cemento y áridos,62,757395.04,Telefónico,Cuenta corriente,Río Grande
TX-004042,CLI-01044,2025-03-06,Sanitarios y grifería,4,364802.75,App,Transferencia,Río Grande
TX-004041,CLI-01284,2025-03-06,Electricidad e iluminación,7,89987.38,Web,Tarjeta de crédito,Ushuaia
TX-004040,CLI-00935,2025-03-06,Ferretería general,16,175264.76,App,Cuenta corriente,Río Grande
TX-004038,CLI-00371,2025-03-06,Sanitarios y grifería,3,167604.63,App,Efectivo en sucursal,Ushuaia
TX-004050,CLI-00413,2025-03-06,Cemento y áridos,15,311019.25,Telefónico,Cuenta corriente,Río Grande
TX-004075,CLI-00602,2025-03-07,Pinturas y revestimientos,1,22729.39,Web,Transferencia,Ushuaia
TX-004079,CLI-01146,2025-03-07,Pisos y cerámicos,12,360136.64,Web,Transferencia,Río Grande
TX-004078,CLI-00491,2025-03-07,Cemento y áridos,18,305101.19,App,Tarjeta de crédito,Río Grande
TX-004076,CLI-00194,2025-03-07,Maderas y tableros,22,1356158.2,App,Cuenta corriente,Río Grande
TX-004072,CLI-00626,2025-03-07,Seguridad e indumentaria,3,114684.29,Web,Tarjeta de débito,Ushuaia
TX-004064,CLI-00773,2025-03-07,Herramientas manuales,3,40753.94,Web,Transferencia,Río Grande
TX-004070,CLI-00828,2025-03-07,Seguridad e indumentaria,2,131391.0,Web,Cuenta corriente,Ushuaia
TX-004069,CLI-00903,2025-03-07,Electricidad e iluminación,1,12268.47,Web,Transferencia,Ushuaia
TX-004066,CLI-00008,2025-03-07,Sanitarios y grifería,1,37264.44,Web,Transferencia,Río Grande
TX-004065,CLI-01013,2025-03-07,Electricidad e iluminación,10,306891.92,App,Transferencia,Ushuaia
TX-004061,CLI-00577,2025-03-07,Ferretería general,8,67188.96,Telefónico,Cuenta corriente,RÍO GRANDE
TX-004063,CLI-00730,2025-03-07,Ferretería general,7,50163.41,Telefónico,Cuenta corriente,río grande
TX-004071,CLI-00026,2025-03-07,Plomería y caños,2,18033.12,Web,Transferencia,Río Grande
TX-004096,CLI-00172,2025-03-08,Electricidad e iluminación,19,554419.97,App,Cuenta corriente,Tolhuin
TX-004094,CLI-00543,2025-03-08,Electricidad e iluminación,3,33512.92,Web,Transferencia,Ushuaia
TX-004093,CLI-01307,2025-03-08,Herramientas eléctricas,6,779339.17,Telefónico,Tarjeta de débito,Ushuaia
TX-004092,CLI-00126,2025-03-08,Ferretería general,10,30131.27,Web,Transferencia,Ushuaia
TX-004091,CLI-00708,2025-03-08,Maderas y tableros,18,639884.08,App,Cuenta corriente,Río Grande
TX-004097,CLI-00442,2025-03-08,Ferretería general,31,76020.72,App,Transferencia,Ushuaia
TX-004089,CLI-00740,2025-03-08,Electricidad e iluminación,2,25881.17,Telefónico,Tarjeta de crédito,Río Grande
TX-004090,CLI-00420,2025-03-08,Plomería y caños,2,18352.25,Web,Tarjeta de débito,USHUAIA
TX-004081,CLI-00580,2025-03-08,Electricidad e iluminación,3,45392.74,Web,Tarjeta de crédito,río grande
TX-004082,CLI-00058,2025-03-08,Ferretería general,12,42996.12,Web,Transferencia,Río Grande 
TX-004080,CLI-01122,2025-03-08,Pinturas y revestimientos,7,125975.49,Web,Tarjeta de crédito,Ushuaia
TX-004085,CLI-00486,2025-03-08,Herramientas manuales,4,52001.02,App,Tarjeta de débito,Ushuaia
TX-004086,CLI-00813,2025-03-08,Plomería y caños,29,701089.93,Telefónico,Cuenta corriente,río grande
TX-004087,CLI-01095,2025-03-08,Herramientas manuales,4,71620.15,App,Efectivo en sucursal,Río Grande
TX-004083,CLI-00856,2025-03-08,Aberturas,2,364895.9,Telefónico,T. débito,Ushuaia
TX-004098,CLI-00715,2025-03-09,Ferretería general,12,45324.15,Web,Tarjeta de débito,Ushuaia
TX-004099,CLI-00639,2025-03-09,Ferretería general,16,64714.8,Web,Tarjeta de crédito,Tolhuin
TX-004101,CLI-00450,2025-03-09,Cemento y áridos,16,256776.99,Telefónico,Tarjeta de crédito,Ushuaia
TX-004102,CLI-00218,2025-03-09,Electricidad e iluminación,14,276714.05,Telefónico,Cuenta corriente,Río Grande
TX-004131,CLI-00652,2025-03-10,Herramientas manuales,8,151223.03,App,Transferencia,Río Grande
TX-004132,CLI-00249,2025-03-10,Electricidad e iluminación,14,252118.02,App,Cuenta corriente,Río Grande
TX-004133,CLI-00766,2025-03-10,Aberturas,2,232818.38,Telefónico,Tarjeta de débito,RÍO GRANDE
TX-004135,CLI-01075,2025-03-10,Pinturas y revestimientos,2,35021.67,Web,Tarjeta de débito,Río Grande
TX-004137,CLI-00753,2025-03-10,Electricidad e iluminación,2,23890.22,App,Transferencia,Río Grande
TX-004142,CLI-01172,2025-03-10,Electricidad e iluminación,4,46960.42,Web,Tarjeta de débito,río grande
TX-004140,CLI-00276,2025-03-10,Ferretería general,2,14407.94,Telefónico,Tarjeta de débito,Ushuaia
TX-004141,CLI-00713,2025-03-10,Ferretería general,10,45960.99,Web,Tarjeta de crédito,Ushuaia 
TX-004143,CLI-00897,2025-03-10,Herramientas manuales,4,59983.78,Web,Tarjeta de crédito,Ushuaia
TX-004130,CLI-00472,2025-03-10,Herramientas manuales,2,28607.7,Web,Transferencia,Rio Grande
TX-004139,CLI-01317,2025-03-10,Ferretería general,8,26270.6,Web,Tarjeta de débito,Tolhuin
TX-004128,CLI-00651,2025-03-10,Maderas y tableros,10,190195.92,Web,Tarjeta de crédito,Ushuaia
TX-004127,CLI-01049,2025-03-10,Cemento y áridos,16,434131.31,App,Transferencia,Río Grande
TX-004125,CLI-00932,2025-03-10,Electricidad e iluminación,12,250850.25,Telefónico,Tarjeta de débito,Río Grande
TX-004103,CLI-00413,2025-03-10,Cemento y áridos,6,-88686.17,Web,Cuenta corriente,Río Grande
TX-004109,CLI-01276,2025-03-10,Electricidad e iluminación,9,107407.45,App,Efectivo en sucursal,Ushuaia
TX-004111,CLI-00933,2025-03-10,Cemento y áridos,78,1054328.38,Web,Tarjeta de débito,Ushuaia
TX-004112,CLI-01084,2025-03-10,Cemento y áridos,19,511435.94,App,Transferencia,USHUAIA
TX-004113,CLI-00750,2025-03-10,Sanitarios y grifería,3,131129.87,Web,Tarjeta de débito,Ushuaia
TX-004114,CLI-01331,2025-03-10,Maderas y tableros,5,102269.34,App,Tarjeta de débito,Río Grande
TX-004110,CLI-00502,2025-03-10,Plomería y caños,3,24898.78,Web,Transferencia,Ushuaia
TX-004117,CLI-00463,2025-03-10,Ferretería general,14,62004.52,Web,Transferencia,Tolhuin
TX-004118,CLI-00001,2025-03-10,Herramientas manuales,5,68919.33,Web,Tarjeta de débito,Río Grande
TX-004119,CLI-01266,2025-03-10,Pinturas y revestimientos,11,187523.82,Web,Transferencia,Río Grande
TX-004120,CLI-00738,2025-03-10,Ferretería general,5,15211.83,App,Transferencia,Ushuaia
TX-004123,CLI-00660,2025-03-10,Cemento y áridos,13,134197.72,Web,Cuenta corriente,Río Grande
TX-004124,CLI-01347,2025-03-10,Cemento y áridos,116,4039978.55,Telefónico,Tarjeta de débito,RÍO GRANDE
TX-004115,CLI-01310,2025-03-10,Pisos y cerámicos,14,337578.72,Telefónico,Transferencia,Río Grande
TX-004165,CLI-00665,2025-03-11,Plomería y caños,3,27810.62,App,Tarjeta de crédito,Ushuaia
TX-004166,CLI-00164,2025-03-11,Herramientas manuales,5,61523.57,Web,Tarjeta de débito,Tolhuin
TX-004167,CLI-01199,2025-03-11,Electricidad e iluminación,18,414251.76,Telefónico,Transferencia,Río Grande
TX-004168,CLI-01046,2025-03-11,Electricidad e iluminación,7,136913.88,Telefónico,Tarjeta de crédito,Río Grande
TX-004173,CLI-00581,2025-03-11,Ferretería general,7,30278.91,Telefónico,Tarjeta de crédito,Río Grande
TX-004170,CLI-01146,2025-03-11,Seguridad e indumentaria,2,117919.86,App,Cuenta corriente,Río Grande
TX-004171,CLI-01077,2025-03-11,Maderas y tableros,2,46989.31,Web,Tarjeta de débito,Ushuaia
TX-004174,CLI-01243,2025-03-11,Ferretería general,13,97496.49,App,Cuenta corriente,Rio Grande
TX-004163,CLI-01077,2025-03-11,Maderas y tableros,10,254308.15,App,Tarjeta de débito,Ushuaia
TX-004169,CLI-00471,2025-03-11,Plomería y caños,8,46354.59,App,Tarjeta de crédito,Ushuaia
TX-004161,CLI-00613,2025-03-11,Ferretería general,8,59585.05,App,Cuenta corriente,Ushuaia
TX-004159,CLI-01299,2025-03-11,Seguridad e indumentaria,7,321023.76,Telefónico,Cuenta corriente,Río Grande
TX-004146,CLI-00430,2025-03-11,Herramientas eléctricas,3,359918.6,Web,Transferencia,Ushuaia
TX-004158,CLI-00016,2025-03-11,Pisos y cerámicos,5,145774.97,Web,Cuenta corriente,Río Grande
TX-004156,CLI-00635,2025-03-11,Sanitarios y grifería,2,78171.23,Web,Transferencia,Ushuaia
TX-004155,CLI-00453,2025-03-11,Pinturas y revestimientos,10,398906.35,Telefónico,Cuenta corriente,Río Grande
TX-004154,CLI-00911,2025-03-11,Pinturas y revestimientos,5,91390.6,Web,Tarjeta de crédito,Río Grande
TX-004153,CLI-01141,2025-03-11,Plomería y caños,8,87493.78,App,Cuenta corriente,Ushuaia
TX-004152,CLI-01347,2025-03-11,Herramientas manuales,18,684914.21,App,Tarjeta de débito,Río Grande
TX-004151,CLI-00762,2025-03-11,Pinturas y revestimientos,5,106027.72,Web,Transferencia,Río Grande
TX-004149,CLI-00300,2025-03-11,Plomería y caños,7,156910.36,App,Cuenta corriente,Ushuaia
TX-004148,CLI-01093,2025-03-11,Cemento y áridos,8,122404.37,App,Tarjeta de crédito,Ushuaia
TX-004160,CLI-01092,2025-03-11,Plomería y caños,9,125974.79,App,Cuenta corriente,Río Grande
TX-004145,CLI-00766,2025-03-11,Sanitarios y grifería,3,159645.61,App,Tarjeta de débito,Río Grande
TX-004144,CLI-00808,2025-03-11,Ferretería general,5,15412.6,Web,Tarjeta de débito,Río Grande
TX-004197,CLI-00292,2025-03-12,Herramientas manuales,4,88678.5,App,Tarjeta de débito,Ushuaia
TX-004198,CLI-01190,2025-03-12,Sanitarios y grifería,1,42195.67,App,Tarjeta de crédito,Río Grande
TX-004199,CLI-01070,2025-03-12,Pisos y cerámicos,9,143218.77,Web,Tarjeta de crédito,Río Grande
TX-004196,CLI-00665,2025-03-12,Plomería y caños,4,39786.17,App,Cuenta corriente,Ushuaia
TX-004201,CLI-00892,2025-03-12,Herramientas manuales,1,16616.58,Web,Transferencia,Tolhuin
TX-004202,CLI-00200,2025-03-12,Plomería y caños,6,35275.42,Web,Tarjeta de crédito,río grande
TX-004203,CLI-00999,2025-03-12,Electricidad e iluminación,3,47340.01,Web,Tarjeta de débito,Río Grande
TX-004200,CLI-01146,2025-03-12,Cemento y áridos,13,195930.26,App,Cuenta corriente,Río Grande
TX-004195,CLI-00305,2025-03-12,Herramientas manuales,7,162349.13,App,Tarjeta de crédito,río grande
TX-004185,CLI-00468,2025-03-12,Ferretería general,14,83671.91,App,Cuenta corriente,Ushuaia
TX-004190,CLI-00450,2025-03-12,Maderas y tableros,5,174903.59,App,Transferencia,Ushuaia
TX-004191,CLI-00617,2025-03-12,Pisos y cerámicos,4,51993.75,Web,Tarjeta de débito,Río Grande
TX-004177,CLI-00466,2025-03-12,Electricidad e iluminación,3,27868.13,App,Efectivo en sucursal,Ushuaia
TX-004178,CLI-00080,2025-03-12,Plomería y caños,1,9327.46,Web,Transferencia,Ushuaia
TX-004180,CLI-01123,2025-03-12,Ferretería general,2,7964.97,App,Tarjeta de débito,Río Grande
TX-004176,CLI-00911,2025-03-12,Pisos y cerámicos,11,151690.64,Web,Tarjeta de débito,Río Grande
TX-004182,CLI-00305,2025-03-12,Pisos y cerámicos,23,884080.29,Telefónico,Cuenta corriente,Rio Grande
TX-004175,CLI-01337,2025-03-12,Electricidad e iluminación,10,96011.65,App,Tarjeta de débito,Río Grande 
TX-004187,CLI-00598,2025-03-12,Herramientas manuales,1,30222.64,Telefónico,Transferencia,Ushuaia
TX-004188,CLI-00646,2025-03-12,Aberturas,1,126210.11,App,Efectivo en sucursal,Ushuaia
TX-004181,CLI-01046,2025-03-12,Ferretería general,4,,Telefónico,Cuenta corriente,Río Grande 
TX-004219,CLI-00842,2025-03-13,Herramientas manuales,6,162734.48,Web,Tarjeta de crédito,Río Grande
TX-004224,CLI-00273,2025-03-13,Electricidad e iluminación,5,101622.14,App,Cuenta corriente,Río Grande
TX-004223,CLI-00069,2025-03-13,Sanitarios y grifería,2,92170.11,App,Transferencia,Tolhuin
TX-004222,CLI-00992,2025-03-13,Plomería y caños,13,198128.59,Telefónico,Cuenta corriente,Río Grande
TX-004221,CLI-00243,2025-03-13,Herramientas manuales,13,228462.12,Web,Transferencia,Río Grande
TX-004218,CLI-00872,2025-03-13,Electricidad e iluminación,3,57194.95,Web,Cuenta corriente,Río Grande
TX-004220,CLI-01051,2025-03-13,Aberturas,2,421979.51,Web,Cuenta corriente,Río Grande
TX-004216,CLI-00706,2025-03-13,Plomería y caños,3,24939.22,App,Transferencia,Río Grande
TX-004215,CLI-01240,2025-03-13,Ferretería general,18,65834.14,Web,Efectivo en sucursal,Ushuaia
TX-004214,CLI-00474,2025-03-13,Pisos y cerámicos,10,152345.27,Web,Tarjeta de crédito,Ushuaia
TX-004213,CLI-00159,2025-03-13,Pisos y cerámicos,13,284697.02,App,Transferencia,Ushuaia
TX-004212,CLI-00901,2025-03-13,Ferretería general,34,263807.13,Telefónico,Cuenta corriente,Ushuaia
TX-004211,CLI-00780,2025-03-13,Pinturas y revestimientos,5,112276.75,Web,Tarjeta de débito,Ushuaia
TX-004208,CLI-01013,2025-03-13,Maderas y tableros,2,79733.46,Web,Cuenta corriente,Ushuaia
TX-004206,CLI-00066,2025-03-13,Pinturas y revestimientos,4,204980.28,App,Transferencia,Río Grande
TX-004217,CLI-01303,2025-03-13,Ferretería general,4,11228.52,Web,Transferencia,Río Grande
TX-004245,CLI-00453,2025-03-14,Ferretería general,8,50343.65,App,Cuenta corriente,Río Grande
TX-004247,CLI-00483,2025-03-14,Ferretería general,8,63354.41,App,Tarjeta de crédito,Río Grande
TX-004248,CLI-00422,2025-03-14,Ferretería general,2,9006.29,Web,Tarjeta de débito,río grande
TX-004249,CLI-01180,2025-03-14,Herramientas manuales,2,27023.4,Telefónico,Tarjeta de débito,Ushuaia
TX-004250,CLI-01347,2025-03-14,Ferretería general,12,144217.0,Telefónico,Cuenta corriente,Río Grande
TX-004255,CLI-01034,2025-03-14,Ferretería general,7,29935.45,Web,Tarjeta de crédito,Ushuaia
TX-004253,CLI-00298,2025-03-14,Maderas y tableros,9,206793.13,App,Transferencia,Río Grande
TX-004254,CLI-00785,2025-03-14,Pisos y cerámicos,11,181019.65,Web,Tarjeta de crédito,Ushuaia
TX-004256,CLI-00842,2025-03-14,Cemento y áridos,20,313669.24,Telefónico,Tarjeta de crédito,Río Grande
TX-004244,CLI-00666,2025-03-14,Herramientas manuales,1,13334.15,Web,Tarjeta de débito,Río Grande
TX-004251,CLI-00841,2025-03-14,Herramientas manuales,8,200830.58,Telefónico,Cuenta corriente,Ushuaia
TX-004243,CLI-01084,2025-03-14,Electricidad e iluminación,3,85301.5,App,Cuenta corriente,Ushuaia
TX-004228,CLI-00556,2025-03-14,Electricidad e iluminación,5,59017.99,Web,Transferencia,Río Grande
TX-004241,CLI-00119,2025-03-14,Ferretería general,2,7428.42,Web,Transferencia,Tolhuin 
TX-004242,CLI-01122,2025-03-14,Seguridad e indumentaria,3,116408.31,Web,Transferencia,Ushuaia 
TX-004227,CLI-00999,2025-03-14,Herramientas manuales,4,66867.6,Web,Tarjeta de crédito,río grande
TX-004226,CLI-01265,2025-03-14,Plomería y caños,6,74870.64,Telefónico,Cuenta corriente,Tolhuin
TX-004229,CLI-01145,2025-03-14,Ferretería general,9,25509.86,Web,Tarjeta de crédito,Ushuaia
TX-004230,CLI-00423,2025-03-14,Herramientas manuales,4,47730.16,App,Efectivo en sucursal,Río Grande
TX-004232,CLI-00231,2025-03-14,Cemento y áridos,19,299275.59,Web,Tarjeta de crédito,Ushuaia
TX-004231,CLI-01238,2025-03-14,Herramientas manuales,4,83168.42,Telefónico,Cuenta corriente,Ushuaia
TX-004235,CLI-00113,2025-03-14,Herramientas manuales,3,68651.93,Telefónico,Cuenta corriente,Río Grande
TX-004236,CLI-00376,2025-03-14,Cemento y áridos,48,841793.22,App,Transferencia,Ushuaia
TX-004237,CLI-00862,2025-03-14,Herramientas eléctricas,3,947173.59,App,Cuenta corriente,ushuaia
TX-004238,CLI-00646,2025-03-14,Pinturas y revestimientos,2,46723.0,Web,,Ushuaia
TX-004240,CLI-00694,2025-03-14,Pinturas y revestimientos,3,95294.9,Web,Tarjeta de débito,Río Grande
TX-004233,CLI-00996,2025-03-14,Herramientas manuales,2,58904.09,Telefónico,Cuenta corriente,Ushuaia
TX-004265,CLI-00596,2025-03-15,Pinturas y revestimientos,4,162007.63,App,Transferencia,Río Grande
TX-004266,CLI-01009,2025-03-15,Maderas y tableros,5,105381.86,Web,Transferencia,Tolhuin
TX-004263,CLI-01184,2025-03-15,Ferretería general,5,18835.96,Web,Tarjeta de débito,Río Grande
TX-004264,CLI-01287,2025-03-15,Herramientas eléctricas,2,283258.85,Web,Tarjeta de débito,Río Grande
TX-004261,CLI-01218,2025-03-15,Aberturas,3,310273.49,Web,Transferencia,Río Grande
TX-004260,CLI-00858,2025-03-15,Ferretería general,9,-33174.92,Web,Transferencia,ushuaia
TX-004259,CLI-01095,2025-03-15,Maderas y tableros,46,708442.18,Web,Tarjeta de débito,río grande
TX-004258,CLI-00438,2025-03-15,Ferretería general,15,59525.04,App,Transferencia,Ushuaia
TX-004257,CLI-00356,2025-03-15,Pisos y cerámicos,61,1436997.2,Telefónico,Transferencia,Río Grande
TX-004262,CLI-00068,2025-03-15,Herramientas manuales,2,103333.38,Web,Transferencia,Río Grande
TX-004267,CLI-00577,2025-03-16,Sanitarios y grifería,5,487736.58,App,Cuenta corriente,Río Grande
TX-004268,CLI-00984,2025-03-16,Electricidad e iluminación,6,72832.59,App,Tarjeta de débito,Río Grande
TX-004269,CLI-00533,2025-03-16,Ferretería general,35,142023.31,Web,Transferencia,Ushuaia
TX-004290,CLI-00076,2025-03-17,Ferretería general,2,7116.05,Web,Tarjeta de débito,Ushuaia
TX-004291,CLI-00460,2025-03-17,Cemento y áridos,23,255058.95,App,Tarjeta de crédito,Ushuaia
TX-004292,CLI-00009,2025-03-17,Aberturas,1,193422.92,App,Cuenta corriente,Tolhuin
TX-004293,CLI-01299,2025-03-17,Herramientas manuales,1,27539.55,Telefónico,Transferencia,Río Grande
TX-004294,CLI-01199,2025-03-17,Herramientas manuales,23,629687.55,Web,Cuenta corriente,Río Grande
TX-004299,CLI-00662,2025-03-17,Plomería y caños,21,178374.18,Web,Transferencia,Ushuaia
TX-004296,CLI-01049,2025-03-17,Pisos y cerámicos,22,884339.23,Telefónico,Tarjeta de crédito,Río Grande
TX-004297,CLI-00684,2025-03-17,Plomería y caños,4,33695.54,Web,Transferencia,Río Grande
TX-004298,CLI-01217,2025-03-17,Maderas y tableros,20,559492.35,App,Cuenta corriente,Ushuaia
TX-004295,CLI-00282,2025-03-17,Pisos y cerámicos,11,141242.87,Web,Tarjeta de débito,RÍO GRANDE
TX-004289,CLI-01161,2025-03-17,Pisos y cerámicos,8,95365.72,Web,Transferencia,ushuaia
TX-004282,CLI-01054,2025-03-17,Aberturas,3,265709.28,Web,Tarjeta de débito,Ushuaia
TX-004287,CLI-00178,2025-03-17,Seguridad e indumentaria,5,307463.48,Telefónico,Cuenta corriente,Ushuaia
TX-004288,CLI-01347,2025-03-17,Sanitarios y grifería,4,582900.46,Web,Cuenta corriente,Río Grande
TX-004271,CLI-01265,2025-03-17,Herramientas manuales,1,29244.92,Telefónico,Cuenta corriente,Tolhuin
TX-004272,CLI-00357,2025-03-17,Herramientas manuales,5,294078.39,Telefónico,Cuenta corriente,Ushuaia
TX-004274,CLI-00020,2025-03-17,Ferretería general,5,16227.31,Web,Tarjeta de débito,Ushuaia
TX-004278,CLI-00273,2025-03-17,Ferretería general,65,549654.4,Telefónico,Cuenta corriente,Río Grande
TX-004279,CLI-00376,2025-03-17,Electricidad e iluminación,4,70694.17,App,Transferencia,Ushuaia
TX-004275,CLI-00790,2025-03-17,Seguridad e indumentaria,2,63566.88,Web,Tarjeta de crédito,Tolhuin
TX-004281,CLI-00841,2025-03-17,Cemento y áridos,21,293506.84,Telefónico,Transferencia,Ushuaia
TX-004283,CLI-01162,2025-03-17,Herramientas manuales,2,30496.16,App,Tarjeta de crédito,Río Grande
TX-004284,CLI-00732,2025-03-17,Herramientas manuales,6,78679.9,Web,Transferencia,Río Grande
TX-004285,CLI-01239,2025-03-17,Pisos y cerámicos,11,331381.88,Telefónico,Transferencia,Río Grande
TX-004280,CLI-01012,2025-03-17,Pinturas y revestimientos,2,46406.62,Telefónico,Tarjeta de crédito,río grande
TX-004270,CLI-00772,2025-03-17,Herramientas eléctricas,1,279862.91,App,Tarjeta de crédito,Río Grande
TX-004331,CLI-01070,2025-03-18,Cemento y áridos,7,66798.98,Web,Tarjeta de crédito,Río Grande
TX-004325,CLI-00282,2025-03-18,Plomería y caños,2,12212.63,App,Tarjeta de débito,Rio Grande
TX-004326,CLI-00159,2025-03-18,Plomería y caños,4,64776.09,App,Cuenta corriente,Ushuaia
TX-004327,CLI-00708,2025-03-18,Cemento y áridos,74,1299618.11,Web,Transferencia,Río Grande
TX-004328,CLI-00394,2025-03-18,Aberturas,3,768478.27,Telefónico,Cuenta corriente,Ushuaia
TX-004330,CLI-01059,2025-03-18,Seguridad e indumentaria,4,347391.97,App,Cuenta corriente,Ushuaia
TX-004339,CLI-00560,2025-03-18,Cemento y áridos,20,345811.89,Telefónico,Cuenta corriente,Río Grande
TX-004335,CLI-00481,2025-03-18,Plomería y caños,6,84614.08,App,T. crédito,RÍO GRANDE
TX-004336,CLI-00609,2025-03-18,Ferretería general,4,16322.32,App,Transferencia,Rio Grande
TX-004337,CLI-00212,2025-03-18,Electricidad e iluminación,25,549872.5,App,Cuenta corriente,Rio Grande
TX-004338,CLI-01114,2025-03-18,Sanitarios y grifería,3,95117.34,Web,Transferencia,ushuaia
TX-004324,CLI-01014,2025-03-18,Pisos y cerámicos,9,252235.4,Telefónico,Cuenta corriente,Río Grande
TX-004334,CLI-00668,2025-03-18,Sanitarios y grifería,3,112793.59,Web,Transferencia,Ushuaia
TX-004323,CLI-00254,2025-03-18,Seguridad e indumentaria,3,108846.73,Telefónico,Tarjeta de crédito,Río Grande
TX-004332,CLI-00963,2025-03-18,Cemento y áridos,20,191330.79,Web,Tarjeta de crédito,USHUAIA
TX-004321,CLI-00276,2025-03-18,Herramientas manuales,6,134735.22,App,Tarjeta de crédito,Ushuaia
TX-004300,CLI-00453,2025-03-18,Seguridad e indumentaria,3,174415.5,Telefónico,Cuenta corriente,Río Grande
TX-004301,CLI-00597,2025-03-18,Seguridad e indumentaria,5,134153.53,Web,Tarjeta de crédito,Ushuaia
TX-004322,CLI-00553,2025-03-18,Electricidad e iluminación,7,170696.99,App,Transferencia,Río Grande
TX-004302,CLI-00493,2025-03-18,Plomería y caños,3,25004.13,App,Transferencia,Río Grande
TX-004305,CLI-00268,2025-03-18,Herramientas manuales,5,49961.12,Web,Tarjeta de débito,Río Grande
TX-004307,CLI-00999,2025-03-18,Pinturas y revestimientos,4,99913.48,App,Tarjeta de débito,Río Grande
TX-004308,CLI-01257,2025-03-18,Sanitarios y grifería,2,123646.42,App,Transferencia,Ushuaia
TX-004304,CLI-00588,2025-03-18,Herramientas manuales,4,64527.74,App,Tarjeta de crédito,Ushuaia
TX-004311,CLI-01072,2025-03-18,Sanitarios y grifería,1,42007.56,Web,Transferencia,Río Grande
TX-004312,CLI-00064,2025-03-18,Electricidad e iluminación,5,64053.66,App,Transferencia,Ushuaia
TX-004314,CLI-00551,2025-03-18,Cemento y áridos,17,515199.24,Telefónico,Cuenta corriente,Ushuaia
TX-004316,CLI-01280,2025-03-18,Herramientas manuales,2,39010.0,Web,Tarjeta de crédito,Ushuaia
TX-004318,CLI-01141,2025-03-18,Herramientas manuales,7,142856.01,Web,Tarjeta de débito,Ushuaia
TX-004319,CLI-00207,2025-03-18,Maderas y tableros,2,35849.39,Web,Tarjeta de débito,Río Grande
TX-004320,CLI-00231,2025-03-18,Electricidad e iluminación,7,69032.19,App,Tarjeta de crédito,Ushuaia
TX-004309,CLI-00432,2025-03-18,Sanitarios y grifería,4,160166.16,Telefónico,Tarjeta de crédito,Río Grande
TX-004355,CLI-00351,2025-03-19,Aberturas,4,523806.05,Web,Transferencia,Río Grande
TX-004361,CLI-00982,2025-03-19,Herramientas manuales,11,318645.84,App,Transferencia,Ushuaia
TX-004360,CLI-00706,2025-03-19,Sanitarios y grifería,2,99337.56,App,Efectivo en sucursal,Río Grande
TX-004359,CLI-00521,2025-03-19,Ferretería general,3,12293.42,Web,Transferencia,Río Grande
TX-004358,CLI-01275,2025-03-19,Ferretería general,2,6492.77,Web,Tarjeta de crédito,Río Grande
TX-004357,CLI-00344,2025-03-19,Pisos y cerámicos,8,240004.95,Telefónico,Cuenta corriente,Río Grande 
TX-004356,CLI-00389,2025-03-19,Plomería y caños,14,88226.76,Web,Tarjeta de débito,Río Grande
TX-004354,CLI-00321,2025-03-19,Sanitarios y grifería,5,585396.04,Web,Cuenta corriente,Ushuaia 
TX-004351,CLI-01263,2025-03-19,Pinturas y revestimientos,6,124164.87,App,Tarjeta de débito,Ushuaia
TX-004352,CLI-00281,2025-03-19,Herramientas eléctricas,4,709485.37,Web,Cuenta corriente,Ushuaia
TX-004348,CLI-00293,2025-03-19,Maderas y tableros,8,171968.74,Web,Tarjeta de débito,Río Grande
TX-004347,CLI-00275,2025-03-19,Cemento y áridos,13,159699.69,Web,Tarjeta de crédito,Ushuaia
TX-004346,CLI-00720,2025-03-19,Sanitarios y grifería,3,111544.95,Web,Tarjeta de crédito,Río Grande
TX-004345,CLI-01243,2025-03-19,Pinturas y revestimientos,5,211215.35,App,Cuenta corriente,río grande
TX-004344,CLI-00353,2025-03-19,Electricidad e iluminación,60,485541.34,App,Efectivo en sucursal,Ushuaia
TX-004343,CLI-00740,2025-03-19,Maderas y tableros,10,234553.95,Web,Tarjeta de crédito,río grande
TX-004342,CLI-00285,2025-03-19,Sanitarios y grifería,5,160780.53,App,Transferencia,Ushuaia
TX-004341,CLI-00856,2025-03-19,Plomería y caños,4,58686.73,Telefónico,Transferencia,Ushuaia
TX-004353,CLI-00189,2025-03-19,Ferretería general,6,30279.23,Web,Tarjeta de débito,Ushuaia
TX-004340,CLI-00996,2025-03-19,Aberturas,7,1335687.73,App,Cuenta corriente,Ushuaia
TX-004382,CLI-00194,2025-03-20,Seguridad e indumentaria,2,258042.07,Telefónico,Cuenta corriente,Río Grande
TX-004383,CLI-00598,2025-03-20,Pisos y cerámicos,16,353887.5,Web,Cuenta corriente,Ushuaia
TX-004384,CLI-00068,2025-03-20,Ferretería general,15,178291.47,App,Cuenta corriente,Río Grande
TX-004390,CLI-00877,2025-03-20,Pinturas y revestimientos,4,56121.03,Web,Tarjeta de crédito,Ushuaia
TX-004387,CLI-00141,2025-03-20,Pinturas y revestimientos,1,27126.06,App,Transferencia,Río Grande
TX-004388,CLI-00872,2025-03-20,Aberturas,1,199274.15,Web,Transferencia,Río Grande
TX-004389,CLI-00740,2025-03-20,Seguridad e indumentaria,2,62554.26,Web,Transferencia,Río Grande
TX-004381,CLI-01162,2025-03-20,Herramientas manuales,9,115099.21,Web,Transferencia,Río Grande
TX-004385,CLI-00681,2025-03-20,Ferretería general,2,6685.19,Web,Tarjeta de crédito,Río Grande
TX-004379,CLI-00839,2025-03-20,Sanitarios y grifería,2,93528.85,Web,Tarjeta de débito,Río Grande
TX-004370,CLI-01331,2025-03-20,Sanitarios y grifería,2,114778.83,App,Tarjeta de crédito,Río Grande
TX-004377,CLI-00987,2025-03-20,Herramientas manuales,1,12478.56,App,Tarjeta de crédito,RÍO GRANDE
TX-004378,CLI-00169,2025-03-20,Sanitarios y grifería,5,307464.75,App,Tarjeta de débito,Ushuaia
TX-004362,CLI-00411,2025-03-20,Herramientas manuales,2,36720.48,App,Efectivo en sucursal,Río Grande
TX-004365,CLI-01331,2025-03-20,Pinturas y revestimientos,2,49401.53,App,Efectivo en sucursal,RÍO GRANDE
TX-004366,CLI-00390,2025-03-20,Herramientas manuales,23,1031152.22,App,Transferencia,Ushuaia
TX-004367,CLI-01239,2025-03-20,Pinturas y revestimientos,3,88711.38,App,Cuenta corriente,Río Grande
TX-004363,CLI-00260,2025-03-20,Ferretería general,14,70306.51,Web,Tarjeta de débito,RÍO GRANDE
TX-004369,CLI-01033,2025-03-20,Aberturas,1,84581.58,App,Tarjeta de crédito,Tolhuin
TX-004373,CLI-00858,2025-03-20,Herramientas manuales,4,55724.52,Web,Tarjeta de crédito,Ushuaia
TX-004374,CLI-00850,2025-03-20,Ferretería general,8,62072.26,Web,Cuenta corriente,Río Grande
TX-004375,CLI-00304,2025-03-20,Cemento y áridos,12,223045.18,Telefónico,Cuenta corriente,Ushuaia
TX-004368,CLI-00298,2025-03-20,Ferretería general,5,21004.59,App,Tarjeta de crédito,Río Grande
TX-004408,CLI-01331,2025-03-21,Cemento y áridos,11,136955.65,Telefónico,Tarjeta de crédito,Río Grande
TX-004416,CLI-00078,2025-03-21,Herramientas manuales,7,211238.08,Telefónico,Cuenta corriente,Ushuaia
TX-004415,CLI-00413,2025-03-21,Electricidad e iluminación,3,59109.72,App,Cuenta corriente,Río Grande
TX-004414,CLI-00768,2025-03-21,Ferretería general,5,17726.88,Telefónico,Tarjeta de débito,Río Grande
TX-004413,CLI-00268,2025-03-21,Cemento y áridos,8,73050.17,Web,Tarjeta de débito,Río Grande
TX-004412,CLI-00218,2025-03-21,Electricidad e iluminación,44,1135869.95,App,Transferencia,Río Grande
TX-004410,CLI-01114,2025-03-21,Herramientas manuales,3,39442.15,Web,Tarjeta de crédito,Ushuaia
TX-004409,CLI-00289,2025-03-21,Ferretería general,7,41229.14,App,Cuenta corriente,Río Grande
TX-004407,CLI-01081,2025-03-21,Ferretería general,17,114090.68,App,Cuenta corriente,Río Grande
TX-004402,CLI-00359,2025-03-21,Cemento y áridos,6,66946.9,App,Tarjeta de débito,Río Grande
TX-004405,CLI-00040,2025-03-21,Sanitarios y grifería,2,139839.1,Telefónico,transf.,Ushuaia
TX-004403,CLI-00099,2025-03-21,Sanitarios y grifería,3,145663.4,Web,Transferencia,Ushuaia
TX-004400,CLI-01195,2025-03-21,Ferretería general,7,28568.28,Web,Tarjeta de crédito,Río Grande
TX-004399,CLI-00402,2025-03-21,Sanitarios y grifería,2,87131.65,Web,Transferencia,Río Grande
TX-004398,CLI-00287,2025-03-21,Pinturas y revestimientos,3,50663.01,Web,Tarjeta de crédito,Ushuaia
TX-004397,CLI-00402,2025-03-21,Plomería y caños,8,56683.78,App,Tarjeta de crédito,Río Grande
TX-004396,CLI-01265,2025-03-21,Pinturas y revestimientos,4,140078.88,Telefónico,Transferencia,Tolhuin
TX-004394,CLI-01034,2025-03-21,Ferretería general,4,21997.39,Web,Tarjeta de débito,Ushuaia
TX-004393,CLI-01266,2025-03-21,Electricidad e iluminación,5,42616.12,App,Tarjeta de débito,Río Grande
TX-004392,CLI-00546,2025-03-21,Plomería y caños,6,90405.12,Telefónico,Cuenta corriente,Río Grande
TX-004406,CLI-01180,2025-03-21,Herramientas manuales,1,13606.69,App,Tarjeta de crédito,Ushuaia
TX-004428,CLI-00236,2025-03-22,Aberturas,1,96160.88,Web,Tarjeta de débito,Río Grande
TX-004429,CLI-00994,2025-03-22,Aberturas,2,258702.0,App,Tarjeta de crédito,Río Grande
TX-004426,CLI-01067,2025-03-22,Ferretería general,4,13787.9,App,Tarjeta de débito,Tolhuin
TX-004420,CLI-00018,2025-03-22,Seguridad e indumentaria,4,115641.03,Web,Transferencia,Río Grande
TX-004423,CLI-00841,2025-03-22,Plomería y caños,2,,Telefónico,Cuenta corriente,Ushuaia
TX-004422,CLI-00148,2025-03-22,Ferretería general,3,14369.09,Web,Tarjeta de débito,Río Grande
TX-004421,CLI-01049,2025-03-22,Electricidad e iluminación,4,106885.81,Web,Transferencia,Río Grande
TX-004425,CLI-00150,2025-03-22,Herramientas manuales,2,30345.31,App,Tarjeta de crédito,Río Grande
TX-004419,CLI-00026,2025-03-22,Pinturas y revestimientos,1,22728.17,Web,Tarjeta de débito,Río Grande
TX-004417,CLI-01095,2025-03-22,Ferretería general,7,38377.23,Web,Transferencia,Río Grande
TX-004430,CLI-00208,2025-03-23,Ferretería general,3,11762.77,Web,T. débito,Río Grande
TX-004431,CLI-00238,2025-03-23,Herramientas eléctricas,1,139965.23,Web,Tarjeta de crédito,Río Grande
TX-004432,CLI-00621,2025-03-23,Cemento y áridos,13,224893.29,Web,Tarjeta de débito,Río Grande
TX-004455,CLI-00049,2025-03-24,Pisos y cerámicos,10,154808.65,Web,Transferencia,Río Grande
TX-004457,CLI-00176,2025-03-24,Herramientas eléctricas,3,533726.29,App,Transferencia,Río Grande
TX-004458,CLI-00652,2025-03-24,Cemento y áridos,16,156138.54,Web,Transferencia,Río Grande
TX-004460,CLI-00491,2025-03-24,Plomería y caños,1,9129.13,Web,Tarjeta de débito,Río Grande
TX-004461,CLI-00009,2025-03-24,Pinturas y revestimientos,8,302871.95,Web,Cuenta corriente,Tolhuin
TX-004465,CLI-00450,2025-03-24,Herramientas manuales,4,177123.41,Web,Tarjeta de crédito,Ushuaia
TX-004463,CLI-00358,2025-03-24,Pinturas y revestimientos,3,124041.46,Web,Transferencia,Ushuaia
TX-004464,CLI-01009,2025-03-24,Maderas y tableros,17,371336.51,App,Transferencia,tolhuin
TX-004453,CLI-00641,2025-03-24,Pinturas y revestimientos,3,47727.74,App,T. débito,Río Grande
TX-004466,CLI-00112,2025-03-24,Pinturas y revestimientos,3,160169.57,Telefónico,Transferencia,Río Grande
TX-004462,CLI-00746,2025-03-24,Cemento y áridos,26,648853.14,App,Transferencia,Ushuaia
TX-004452,CLI-00175,2025-03-24,Electricidad e iluminación,2,19200.78,App,Tarjeta de crédito,río grande
TX-004454,CLI-01034,2025-03-24,Pisos y cerámicos,15,248147.13,Web,Tarjeta de débito,Ushuaia
TX-004450,CLI-01265,2025-03-24,Sanitarios y grifería,6,365237.37,App,Tarjeta de crédito,Tolhuin
TX-004433,CLI-01034,2025-03-24,Herramientas manuales,2,36293.04,Web,Transferencia,Ushuaia
TX-004434,CLI-00842,2025-03-24,Pisos y cerámicos,25,905064.8,Telefónico,Cuenta corriente,Río Grande
TX-004451,CLI-00333,2025-03-24,Plomería y caños,3,23144.6,Telefónico,T. crédito,Ushuaia
TX-004436,CLI-00571,2025-03-24,Ferretería general,6,21343.43,App,Tarjeta de débito,río grande
TX-004437,CLI-01199,2025-03-24,Herramientas manuales,23,604464.59,Telefónico,Transferencia,Rio Grande
TX-004438,CLI-00582,2025-03-24,Pinturas y revestimientos,6,160189.3,Telefónico,Tarjeta de crédito,Ushuaia
TX-004439,CLI-00408,2025-03-24,Ferretería general,7,26023.95,Web,Transferencia,Tolhuin
TX-004435,CLI-00448,2025-03-24,Pisos y cerámicos,2,67969.58,Web,Cuenta corriente,Río Grande
TX-004441,CLI-00509,2025-03-24,Pisos y cerámicos,4,48587.2,Web,Transferencia,Río Grande
TX-004442,CLI-00992,2025-03-24,Electricidad e iluminación,16,274655.25,Telefónico,Cuenta corriente,Río Grande
TX-004444,CLI-01148,2025-03-24,Sanitarios y grifería,5,216223.2,App,transf.,ushuaia
TX-004447,CLI-00982,2025-03-24,Pisos y cerámicos,8,242858.77,Telefónico,Transferencia,USHUAIA
TX-004448,CLI-01299,2025-03-24,Sanitarios y grifería,2,164083.99,Web,Transferencia,Río Grande
TX-004440,CLI-00074,2025-03-24,Electricidad e iluminación,12,175777.8,Web,Transferencia,
TX-004484,CLI-00300,2025-03-25,Herramientas manuales,3,,Telefónico,Cuenta corriente,Ushuaia
TX-004493,CLI-00448,2025-03-25,Ferretería general,26,221633.94,Telefónico,Transferencia,Río Grande
TX-004492,CLI-01183,2025-03-25,Pinturas y revestimientos,3,78075.87,Web,Tarjeta de débito,Río Grande 
TX-004490,CLI-01132,2025-03-25,Herramientas eléctricas,1,158703.57,Web,Tarjeta de crédito,Río Grande
TX-004489,CLI-01017,2025-03-25,Pisos y cerámicos,21,832156.2,App,Cuenta corriente,Río Grande
TX-004488,CLI-01017,2025-03-25,Maderas y tableros,15,816679.84,Web,Cuenta corriente,Río Grande
TX-004487,CLI-01032,2025-03-25,Sanitarios y grifería,1,41757.04,Web,Tarjeta de débito,Río Grande
TX-004486,CLI-00773,2025-03-25,Pinturas y revestimientos,4,107165.84,Web,Tarjeta de crédito,Río Grande
TX-004485,CLI-01049,2025-03-25,Plomería y caños,2,50016.6,App,Cuenta corriente,Río Grande
TX-004483,CLI-00112,2025-03-25,Plomería y caños,16,292599.28,App,Transferencia,Río Grande
TX-004467,CLI-00321,2025-03-25,Herramientas manuales,5,210557.51,Web,Transferencia,USHUAIA
TX-004481,CLI-00996,2025-03-25,Maderas y tableros,6,175108.33,Web,Cuenta corriente,Ushuaia
TX-004482,CLI-00423,2025-03-25,Cemento y áridos,19,145948.05,App,Transferencia,río grande
TX-004470,CLI-00732,2025-03-25,Cemento y áridos,16,173755.22,Web,Transferencia,Río Grande
TX-004472,CLI-00759,2025-03-25,Plomería y caños,9,108613.95,App,Transferencia,Ushuaia
TX-004473,CLI-01333,2025-03-25,Ferretería general,14,49374.87,App,Efectivo en sucursal,Ushuaia
TX-004474,CLI-00803,2025-03-25,Aberturas,3,400458.3,Web,Tarjeta de crédito,Ushuaia
TX-004468,CLI-01046,2025-03-25,Pinturas y revestimientos,4,184379.65,Telefónico,Cuenta corriente,Río Grande
TX-004476,CLI-00494,2025-03-25,Plomería y caños,17,121947.38,Telefónico,T. débito,Tolhuin
TX-004477,CLI-01054,2025-03-25,Plomería y caños,18,196308.72,App,Transferencia,Ushuaia
TX-004478,CLI-00359,2025-03-25,Herramientas eléctricas,1,194395.43,Web,Efectivo en sucursal,Río Grande
TX-004480,CLI-00812,2025-03-25,Cemento y áridos,3,21444.67,Web,Tarjeta de débito,Ushuaia
TX-004475,CLI-00709,2025-03-25,Sanitarios y grifería,2,93143.29,App,Tarjeta de débito,USHUAIA
TX-004512,CLI-01140,2025-03-26,Pinturas y revestimientos,2,40042.13,Web,Tarjeta de débito,Río Grande
TX-004524,CLI-00280,2025-03-26,Electricidad e iluminación,46,453186.43,Web,Tarjeta de crédito,Río Grande
TX-004522,CLI-01017,2025-03-26,Ferretería general,38,412786.52,Telefónico,Cuenta corriente,Río Grande
TX-004520,CLI-00633,2025-03-26,Ferretería general,4,15250.07,App,Transferencia,Río Grande
TX-004518,CLI-00680,2025-03-26,Plomería y caños,4,30191.38,App,Tarjeta de débito,Ushuaia
TX-004517,CLI-00842,2025-03-26,Pisos y cerámicos,13,354319.05,Telefónico,Tarjeta de crédito,río grande
TX-004516,CLI-00471,2025-03-26,Sanitarios y grifería,2,72631.84,Web,Tarjeta de débito,Ushuaia
TX-004515,CLI-00184,2025-03-26,Ferretería general,3,7559.3,Web,Efectivo en sucursal,Ushuaia
TX-004514,CLI-00962,2025-03-26,Electricidad e iluminación,8,97745.79,App,Transferencia,Río Grande
TX-004510,CLI-00276,2025-03-26,Cemento y áridos,90,1509474.1,Web,transf.,USHUAIA
TX-004519,CLI-00321,2025-03-26,Electricidad e iluminación,5,188580.83,Telefónico,Cuenta corriente,Ushuaia
TX-004507,CLI-01195,2025-03-26,Seguridad e indumentaria,3,105545.74,Web,Tarjeta de crédito,Río Grande
TX-004508,CLI-00894,2025-03-26,Ferretería general,5,21456.59,Web,Tarjeta de crédito,Ushuaia
TX-004496,CLI-01046,2025-03-26,Plomería y caños,11,118482.04,Web,Cuenta corriente,Río Grande
TX-004495,CLI-00050,2025-03-26,Pinturas y revestimientos,1,24158.95,Web,Tarjeta de débito,Ushuaia
TX-004497,CLI-00211,2025-03-26,Pinturas y revestimientos,4,53568.32,App,Tarjeta de crédito,Río Grande
TX-004499,CLI-00360,2025-03-26,Cemento y áridos,95,1637062.86,Web,Cuenta corriente,Río Grande
TX-004494,CLI-00401,2025-03-26,Plomería y caños,2,12561.54,Web,Tarjeta de crédito,Río Grande
TX-004498,CLI-01165,2025-03-26,Pinturas y revestimientos,78,2915550.27,Web,Cuenta corriente,Ushuaia
TX-004502,CLI-01049,2025-03-26,Plomería y caños,11,255572.99,App,Tarjeta de crédito,Rio Grande
TX-004503,CLI-01243,2025-03-26,Aberturas,2,390577.59,App,Cuenta corriente,Río Grande
TX-004504,CLI-00384,2025-03-26,Pinturas y revestimientos,4,94836.7,App,Tarjeta de crédito,Ushuaia
TX-004505,CLI-00468,2025-03-26,Ferretería general,15,65162.72,App,Cuenta corriente,Ushuaia
TX-004506,CLI-00577,2025-03-26,Herramientas manuales,4,126518.51,Telefónico,Cuenta corriente,Río Grande
TX-004500,CLI-00773,2025-03-26,Herramientas manuales,3,55720.38,Telefónico,Tarjeta de crédito,Río Grande
TX-004556,CLI-00887,2025-03-27,Ferretería general,2,4512.67,Web,Transferencia,Río Grande
TX-004552,CLI-00793,2025-03-27,Herramientas eléctricas,4,912860.3,Web,Cuenta corriente,Río Grande
TX-004553,CLI-01290,2025-03-27,Plomería y caños,8,44548.81,Web,Transferencia,Río Grande
TX-004554,CLI-01300,2025-03-27,Electricidad e iluminación,4,74734.11,App,Cuenta corriente,Río Grande
TX-004555,CLI-00089,2025-03-27,Electricidad e iluminación,3,27240.9,Web,Tarjeta de crédito,Río Grande
TX-004557,CLI-00090,2025-03-27,Ferretería general,4,25661.65,Web,Cuenta corriente,Río Grande 
TX-004565,CLI-00551,2025-03-27,Aberturas,17,4111109.37,Web,Cuenta corriente,Ushuaia
TX-004560,CLI-01123,2025-03-27,Pinturas y revestimientos,5,129170.74,Web,Tarjeta de crédito,Río Grande
TX-004561,CLI-00500,2025-03-27,Aberturas,7,1118470.53,App,Transferencia,Ushuaia
TX-004562,CLI-00305,2025-03-27,Ferretería general,17,115729.53,Telefónico,Transferencia,Río Grande
TX-004563,CLI-01084,2025-03-27,Pisos y cerámicos,3,113039.16,Telefónico,Cuenta corriente,Ushuaia
TX-004551,CLI-00566,2025-03-27,Plomería y caños,2,18297.17,Web,Tarjeta de débito,río grande
TX-004566,CLI-01243,2025-03-27,Herramientas manuales,4,99577.33,App,Cuenta corriente,Río Grande
TX-004559,CLI-00064,2025-03-27,Sanitarios y grifería,3,125598.25,App,Tarjeta de crédito,Ushuaia
TX-004550,CLI-00448,2025-03-27,Pisos y cerámicos,14,493593.81,Telefónico,Cuenta corriente,Río Grande
TX-004564,CLI-00171,2025-03-27,Ferretería general,10,29244.89,Telefónico,T. débito,Ushuaia
TX-004544,CLI-01085,2025-03-27,Herramientas manuales,4,57105.86,Web,Transferencia,Río Grande
TX-004549,CLI-00862,2025-03-27,Cemento y áridos,48,1115693.13,App,Cuenta corriente,Ushuaia
TX-004526,CLI-00856,2025-03-27,Seguridad e indumentaria,3,152644.69,Web,Transferencia,Ushuaia
TX-004525,CLI-00089,2025-03-27,Ferretería general,2,10315.98,Web,Tarjeta de débito,Río Grande 
TX-004528,CLI-00059,2025-03-27,Ferretería general,6,22013.1,Telefónico,Tarjeta de crédito,Río Grande
TX-004529,CLI-00602,2025-03-27,Sanitarios y grifería,3,212697.53,Web,Transferencia,Ushuaia
TX-004530,CLI-01144,2025-03-27,Maderas y tableros,3,61656.41,Web,Tarjeta de débito,Río Grande
TX-004531,CLI-00293,2025-03-27,Seguridad e indumentaria,2,83024.57,App,Transferencia,RÍO GRANDE
TX-004533,CLI-00762,2025-03-27,Seguridad e indumentaria,3,99053.19,Web,Transferencia,Río Grande
TX-004527,CLI-00694,2025-03-27,Cemento y áridos,26,379955.09,Web,Tarjeta de débito,Río Grande
TX-004536,CLI-00866,2025-03-27,Electricidad e iluminación,12,108031.5,App,Tarjeta de débito,Ushuaia
TX-004537,CLI-00078,2025-03-27,Electricidad e iluminación,10,198216.22,Telefónico,Transferencia,Ushuaia
TX-004538,CLI-01257,2025-03-27,Herramientas manuales,6,108052.83,Web,Transferencia,Ushuaia
TX-004539,CLI-00585,2025-03-27,Sanitarios y grifería,2,96769.92,Telefónico,Tarjeta de débito,Ushuaia
TX-004543,CLI-01019,2025-03-27,Maderas y tableros,7,124560.26,App,Tarjeta de débito,Río Grande
TX-004540,CLI-00935,2025-03-27,Seguridad e indumentaria,4,360245.4,App,Cuenta corriente,Río Grande
TX-004541,CLI-00877,2025-03-27,Seguridad e indumentaria,5,105088.67,Web,Tarjeta de crédito,Ushuaia
TX-004535,CLI-00009,2025-03-27,Pisos y cerámicos,104,2412293.71,Telefónico,Cuenta corriente,tolhuin
TX-004588,CLI-01218,2025-03-28,Cemento y áridos,10,88676.86,App,Tarjeta de crédito,Río Grande
TX-004590,CLI-00389,2025-03-28,Plomería y caños,13,81845.0,App,Tarjeta de crédito,Río Grande
TX-004591,CLI-00142,2025-03-28,Ferretería general,15,132517.73,App,Cuenta corriente,Río Grande
TX-004592,CLI-00708,2025-03-28,Pisos y cerámicos,6,173360.21,Web,Transferencia,Río Grande
TX-004597,CLI-00957,2025-03-28,Herramientas eléctricas,2,458142.42,App,Tarjeta de débito,Río Grande
TX-004595,CLI-00202,2025-03-28,Sanitarios y grifería,6,474286.7,App,Tarjeta de crédito,USHUAIA
TX-004596,CLI-00142,2025-03-28,Sanitarios y grifería,3,218933.92,Web,Transferencia,Río Grande
TX-004600,CLI-00064,2025-03-28,Pinturas y revestimientos,10,215948.67,App,Tarjeta de crédito,Ushuaia
TX-004601,CLI-00189,2025-03-28,Aberturas,4,443447.43,Web,Transferencia,Ushuaia
TX-004586,CLI-00008,2025-03-28,Ferretería general,11,26354.7,Web,Tarjeta de débito,Río Grande
TX-004593,CLI-00551,2025-03-28,Cemento y áridos,7,209449.13,App,Cuenta corriente,Ushuaia
TX-004585,CLI-00272,2025-03-28,Herramientas manuales,2,31734.02,App,Tarjeta de débito,Rio Grande
TX-004581,CLI-00040,2025-03-28,Pinturas y revestimientos,15,561581.11,App,Cuenta corriente,Ushuaia
TX-004583,CLI-00111,2025-03-28,Sanitarios y grifería,2,82661.88,App,Transferencia,Río Grande
TX-004568,CLI-00883,2025-03-28,Cemento y áridos,99,3145761.95,App,Tarjeta de crédito,Río Grande
TX-004584,CLI-00026,2025-03-28,Ferretería general,6,26791.69,Web,Tarjeta de débito,río grande
TX-004570,CLI-00559,2025-03-28,Ferretería general,3,10637.55,Web,Efectivo en sucursal,Ushuaia
TX-004571,CLI-00604,2025-03-28,Electricidad e iluminación,3,36650.87,App,Efectivo en sucursal,Ushuaia
TX-004572,CLI-00879,2025-03-28,Ferretería general,11,140100.77,App,Tarjeta de crédito,Río Grande
TX-004573,CLI-00499,2025-03-28,Aberturas,3,358999.44,App,Tarjeta de débito,Río Grande
TX-004569,CLI-00211,2025-03-28,Plomería y caños,4,37082.86,Web,Transferencia,Río Grande
TX-004575,CLI-00159,2025-03-28,Herramientas eléctricas,1,295491.45,Web,Cuenta corriente,Ushuaia
TX-004576,CLI-00351,2025-03-28,Electricidad e iluminación,3,63647.19,Telefónico,Cuenta corriente,Río Grande
TX-004577,CLI-00351,2025-03-28,Plomería y caños,8,116052.81,App,Transferencia,Río Grande
TX-004578,CLI-00304,2025-03-28,Electricidad e iluminación,7,167168.82,Web,Transferencia,Ushuaia
TX-004580,CLI-01116,2025-03-28,Aberturas,4,554411.71,Telefónico,Efectivo en sucursal,Ushuaia
TX-004582,CLI-00281,2025-03-28,Herramientas manuales,8,241568.75,Telefónico,Transferencia,USHUAIA
TX-004574,CLI-00508,2025-03-28,Pisos y cerámicos,3,60268.6,Web,Tarjeta de crédito,Ushuaia
TX-004619,CLI-00390,2025-03-29,Maderas y tableros,6,197922.49,Telefónico,Cuenta corriente,Ushuaia
TX-004620,CLI-01309,2025-03-29,Ferretería general,3,10891.12,Web,Efectivo en sucursal,río grande
TX-004618,CLI-00483,2025-03-29,Cemento y áridos,9,150742.82,Telefónico,Efectivo en sucursal,Río Grande
TX-004623,CLI-00463,2025-03-29,Plomería y caños,2,13231.37,Web,Transferencia,Tolhuin
TX-004626,CLI-00431,2025-03-29,Pisos y cerámicos,7,126168.73,Web,Transferencia,Río Grande
TX-004625,CLI-00813,2025-03-29,Cemento y áridos,135,2804189.52,Web,Cuenta corriente,RÍO GRANDE
TX-004627,CLI-00293,2025-03-29,Herramientas manuales,2,36652.79,Web,Tarjeta de débito,Río Grande
TX-004628,CLI-00689,2025-03-29,Ferretería general,70,537552.44,App,Cuenta corriente,Río Grande
TX-004624,CLI-01148,2025-03-29,Plomería y caños,2,19164.3,Web,Transferencia,Ushuaia 
TX-004617,CLI-01077,2025-03-29,Plomería y caños,2,21797.83,App,Cuenta corriente,Ushuaia
TX-004621,CLI-01243,2025-03-29,Pinturas y revestimientos,10,320714.19,App,Tarjeta de crédito,Río Grande
TX-004615,CLI-00856,2025-03-29,Pisos y cerámicos,19,551824.37,Telefónico,Cuenta corriente,Ushuaia
TX-004614,CLI-01199,2025-03-29,Plomería y caños,20,260014.88,Telefónico,Tarjeta de crédito,Río Grande
TX-004613,CLI-00348,2025-03-29,Pisos y cerámicos,23,449983.99,Web,Cuenta corriente,Tolhuin
TX-004612,CLI-01013,2025-03-29,Plomería y caños,11,235757.0,Telefónico,Transferencia,Ushuaia
TX-004611,CLI-01276,2025-03-29,Sanitarios y grifería,1,50433.66,Web,Tarjeta de débito,Ushuaia
TX-004610,CLI-00580,2025-03-29,Ferretería general,1,3762.12,Web,Transferencia,Río Grande
TX-004609,CLI-01295,2025-03-29,Electricidad e iluminación,15,146804.86,Web,Transferencia,Río Grande
TX-004608,CLI-00911,2025-03-29,Ferretería general,4,18812.68,Web,Tarjeta de débito,Río Grande
TX-004607,CLI-00194,2025-03-29,Seguridad e indumentaria,2,191410.9,Telefónico,Transferencia,Río Grande
TX-004606,CLI-01091,2025-03-29,Herramientas manuales,3,38259.02,Web,Tarjeta de débito,Río Grande
TX-004616,CLI-00753,2025-03-29,Pinturas y revestimientos,2,54212.68,Web,Tarjeta de crédito,río grande
TX-004604,CLI-00112,2025-03-29,Herramientas manuales,4,158231.62,App,Tarjeta de crédito,Río Grande
TX-004603,CLI-00016,2025-03-29,Ferretería general,7,59408.69,App,Cuenta corriente,Río Grande
TX-004633,CLI-01212,2025-03-30,Herramientas manuales,3,60984.59,Web,Transferencia,Río Grande
TX-004631,CLI-00453,2025-03-30,Plomería y caños,13,199646.13,Web,Cuenta corriente,RÍO GRANDE
TX-004630,CLI-00448,2025-03-30,Cemento y áridos,20,400012.4,App,Cuenta corriente,Río Grande
TX-004629,CLI-00054,2025-03-30,Electricidad e iluminación,3,37353.38,Web,T. débito,Ushuaia
TX-004632,CLI-00163,2025-03-30,Sanitarios y grifería,4,308197.07,Web,Cuenta corriente,Río Grande
TX-004654,CLI-00272,2025-03-31,Herramientas manuales,3,42295.66,Web,Transferencia,Río Grande
TX-004666,CLI-00194,2025-03-31,Pisos y cerámicos,30,1054142.27,Telefónico,Tarjeta de crédito,río grande
TX-004665,CLI-00963,2025-03-31,Aberturas,2,202169.29,Web,Tarjeta de crédito,Ushuaia
TX-004664,CLI-00384,2025-03-31,Ferretería general,4,14243.56,App,Transferencia,Ushuaia
TX-004662,CLI-00740,2025-03-31,Ferretería general,2,7177.03,Telefónico,Transferencia,Río Grande
TX-004661,CLI-00119,2025-03-31,Pisos y cerámicos,5,84048.8,App,Tarjeta de débito,Tolhuin
TX-004660,CLI-00367,2025-03-31,Pinturas y revestimientos,2,47614.73,Web,Tarjeta de crédito,Ushuaia
TX-004659,CLI-00435,2025-03-31,Ferretería general,7,27225.05,Web,Tarjeta de débito,Río Grande
TX-004657,CLI-00212,2025-03-31,Cemento y áridos,25,463726.69,App,Cuenta corriente,Río Grande
TX-004655,CLI-00246,2025-03-31,Ferretería general,6,18836.31,Web,Transferencia,Tolhuin
TX-004652,CLI-00142,2025-03-31,Sanitarios y grifería,4,342716.45,Telefónico,Tarjeta de crédito,río grande
TX-004648,CLI-00293,2025-03-31,Cemento y áridos,5,57247.04,Telefónico,Tarjeta de débito,Río Grande
TX-004650,CLI-01243,2025-03-31,Cemento y áridos,22,350572.35,App,Transferencia,Río Grande
TX-004635,CLI-00112,2025-03-31,Pisos y cerámicos,9,532023.81,Telefónico,Cuenta corriente,Río Grande
TX-004636,CLI-00768,2025-03-31,Ferretería general,8,31779.3,Web,Transferencia,Río Grande
TX-004651,CLI-00218,2025-03-31,Maderas y tableros,10,320285.68,App,Cuenta corriente,río grande
TX-004638,CLI-00901,2025-03-31,Electricidad e iluminación,3,68432.49,Telefónico,Tarjeta de crédito,ushuaia
TX-004639,CLI-00199,2025-03-31,Pisos y cerámicos,11,396147.24,Telefónico,Cuenta corriente,Río Grande
TX-004640,CLI-00842,2025-03-31,Sanitarios y grifería,3,190235.2,Telefónico,Cuenta corriente,Río Grande
TX-004637,CLI-00358,2025-03-31,Pinturas y revestimientos,6,230864.56,Web,Transferencia,Ushuaia
TX-004644,CLI-00773,2025-03-31,Herramientas eléctricas,2,278885.18,Web,Tarjeta de crédito,Río Grande
TX-004645,CLI-00357,2025-03-31,Cemento y áridos,51,2012975.55,Web,Cuenta corriente,Ushuaia
TX-004646,CLI-00199,2025-03-31,Electricidad e iluminación,3,69613.47,Telefónico,Cuenta corriente,Río Grande
TX-004649,CLI-00354,2025-03-31,Herramientas manuales,2,47583.12,Web,Transferencia,Río Grande
TX-004643,CLI-01070,2025-03-31,Pisos y cerámicos,4,52276.2,App,Transferencia,RÍO GRANDE
TX-004683,CLI-00267,2025-04-01,Pisos y cerámicos,3,50012.62,Web,Tarjeta de crédito,Ushuaia
TX-004693,CLI-00450,2025-04-01,Herramientas manuales,2,50191.36,Web,Transferencia,Ushuaia
TX-004692,CLI-01258,2025-04-01,Ferretería general,2,13740.77,Web,Transferencia,Río Grande
TX-004689,CLI-00575,2025-04-01,Pisos y cerámicos,6,168477.33,Web,Tarjeta de crédito,RÍO GRANDE
TX-004687,CLI-01187,2025-04-01,Electricidad e iluminación,2,21921.92,Web,Tarjeta de crédito,Ushuaia
TX-004686,CLI-00595,2025-04-01,Pinturas y revestimientos,9,169930.92,App,Tarjeta de crédito,Rio Grande
TX-004685,CLI-00448,2025-04-01,Maderas y tableros,12,608433.61,Telefónico,Cuenta corriente,Río Grande
TX-004684,CLI-01239,2025-04-01,Herramientas manuales,3,98462.92,App,Cuenta corriente,Río Grande
TX-004682,CLI-00298,2025-04-01,Plomería y caños,17,129133.43,Web,Transferencia,Río Grande
TX-004669,CLI-00627,2025-04-01,Seguridad e indumentaria,13,652599.12,Telefónico,Transferencia,Ushuaia
TX-004680,CLI-00028,2025-04-01,Sanitarios y grifería,18,1722160.23,Telefónico,Cuenta corriente,USHUAIA
TX-004668,CLI-00322,2025-04-01,Herramientas manuales,7,188222.13,Telefónico,Transferencia,Río Grande
TX-004667,CLI-00903,2025-04-01,Ferretería general,16,38400.52,App,Tarjeta de débito,Ushuaia
TX-004681,CLI-00392,2025-04-01,Seguridad e indumentaria,7,474657.27,App,Cuenta corriente,Río Grande
TX-004671,CLI-00912,2025-04-01,Sanitarios y grifería,2,157930.03,Telefónico,Cuenta corriente,Tolhuin
TX-004674,CLI-00813,2025-04-01,Herramientas eléctricas,4,2982099.99,Web,Cuenta corriente,Río Grande
TX-004670,CLI-01299,2025-04-01,Sanitarios y grifería,6,515783.64,Telefónico,Transferencia,Río Grande 
TX-004676,CLI-00685,2025-04-01,Herramientas manuales,4,37982.59,Web,Tarjeta de crédito,Río Grande
TX-004677,CLI-00879,2025-04-01,Ferretería general,18,200429.31,App,Cuenta corriente,Río Grande
TX-004678,CLI-01223,2025-04-01,Electricidad e iluminación,11,160126.43,App,Tarjeta de crédito,Ushuaia
TX-004679,CLI-01131,2025-04-01,Sanitarios y grifería,4,207627.4,Web,Tarjeta de crédito,Río Grande
TX-004675,CLI-01081,2025-04-01,Cemento y áridos,21,422677.75,App,Cuenta corriente,Río Grande
TX-004710,CLI-01083,2025-04-02,Plomería y caños,3,28188.98,App,Tarjeta de débito,Río Grande
TX-004709,CLI-00546,2025-04-02,Cemento y áridos,22,345042.13,App,Transferencia,Río Grande
TX-004708,CLI-00483,2025-04-02,Plomería y caños,5,63889.94,App,Transferencia,Río Grande
TX-004707,CLI-00621,2025-04-02,Cemento y áridos,24,417810.04,Telefónico,Tarjeta de crédito,Río Grande
TX-004706,CLI-00199,2025-04-02,Herramientas manuales,4,125203.77,App,Tarjeta de crédito,Río Grande
TX-004705,CLI-00199,2025-04-02,Ferretería general,26,246388.99,App,Cuenta corriente,RÍO GRANDE
TX-004703,CLI-00980,2025-04-02,Ferretería general,2,8359.34,Web,Transferencia,Tolhuin
TX-004702,CLI-00813,2025-04-02,Electricidad e iluminación,2,81687.08,Telefónico,Tarjeta de débito,Río Grande
TX-004701,CLI-00836,2025-04-02,Pisos y cerámicos,4,79179.66,App,Tarjeta de débito,Ushuaia
TX-004700,CLI-00892,2025-04-02,Electricidad e iluminación,13,198129.5,App,Efectivo en sucursal,Tolhuin
TX-004699,CLI-00803,2025-04-02,Herramientas manuales,3,68939.41,Web,Tarjeta de débito,Ushuaia
TX-004698,CLI-01135,2025-04-02,Plomería y caños,2,13638.67,App,Tarjeta de crédito,Ushuaia
TX-004697,CLI-00715,2025-04-02,Cemento y áridos,19,184896.59,Web,Efectivo en sucursal,USHUAIA
TX-004696,CLI-01093,2025-04-02,Cemento y áridos,11,180007.34,Web,Cuenta corriente,Ushuaia
TX-004704,CLI-01092,2025-04-02,Electricidad e iluminación,4,86069.8,Web,Cuenta corriente,Río Grande
TX-004724,CLI-00169,2025-04-03,Electricidad e iluminación,6,66829.56,App,Tarjeta de débito,Ushuaia
TX-004728,CLI-01174,2025-04-03,Seguridad e indumentaria,3,373611.21,Web,Transferencia,Río Grande
TX-004727,CLI-00994,2025-04-03,Cemento y áridos,7,89415.17,Web,Transferencia,Río Grande
TX-004726,CLI-00814,2025-04-03,Ferretería general,5,-18099.52,Web,Tarjeta de débito,Ushuaia
TX-004725,CLI-00546,2025-04-03,Seguridad e indumentaria,5,214222.56,App,Transferencia,RÍO GRANDE
TX-004723,CLI-01059,2025-04-03,Cemento y áridos,11,312160.4,App,Cuenta corriente,Ushuaia
TX-004718,CLI-00367,2025-04-03,Ferretería general,42,136884.7,Web,Transferencia,Ushuaia
TX-004721,CLI-00360,2025-04-03,Maderas y tableros,11,225220.07,Telefónico,Transferencia,Río Grande 
TX-004720,CLI-01342,2025-04-03,Ferretería general,2,7934.28,Web,Tarjeta de crédito,Ushuaia
TX-004719,CLI-01216,2025-04-03,Sanitarios y grifería,2,95237.99,Web,Tarjeta de crédito,Ushuaia
TX-004717,CLI-01035,2025-04-03,Ferretería general,72,377692.62,App,Tarjeta de crédito,Rio Grande
TX-004716,CLI-00598,2025-04-03,Electricidad e iluminación,4,109368.61,Telefónico,Cuenta corriente,Ushuaia
TX-004715,CLI-00376,2025-04-03,Pisos y cerámicos,4,143064.1,Telefónico,Tarjeta de crédito,Ushuaia
TX-004722,CLI-00358,2025-04-03,Cemento y áridos,9,151675.28,Web,Cuenta corriente,Ushuaia
TX-004713,CLI-00681,2025-04-03,Ferretería general,6,16386.83,App,Transferencia,Río Grande
TX-004711,CLI-00282,2025-04-03,Ferretería general,2,7048.51,App,transf.,RÍO GRANDE
TX-004747,CLI-01217,2025-04-04,Herramientas eléctricas,5,1145863.31,Telefónico,Transferencia,Ushuaia
TX-004748,CLI-00940,2025-04-04,Cemento y áridos,17,179005.17,Web,Tarjeta de crédito,Río Grande
TX-004749,CLI-00730,2025-04-04,Pinturas y revestimientos,8,396847.15,App,Cuenta corriente,Río Grande
TX-004750,CLI-00656,2025-04-04,Ferretería general,3,7386.56,Web,Tarjeta de crédito,Río Grande
TX-004754,CLI-01035,2025-04-04,Electricidad e iluminación,4,61665.58,Web,Transferencia,Río Grande
TX-004752,CLI-00762,2025-04-04,Cemento y áridos,42,438781.21,Web,Tarjeta de débito,Río Grande
TX-004753,CLI-00551,2025-04-04,Cemento y áridos,39,1487829.43,Telefónico,Cuenta corriente,Ushuaia
TX-004746,CLI-00417,2025-04-04,Cemento y áridos,5,67043.16,Web,Tarjeta de débito,Río Grande
TX-004751,CLI-01300,2025-04-04,Ferretería general,9,69227.46,Telefónico,Cuenta corriente,Río Grande 
TX-004745,CLI-00759,2025-04-04,Cemento y áridos,34,345380.93,App,Cuenta corriente,Ushuaia
TX-004742,CLI-01117,2025-04-04,Ferretería general,8,26397.09,Web,Transferencia,Río Grande
TX-004740,CLI-00116,2025-04-04,Plomería y caños,41,341642.14,Web,Tarjeta de débito,Río Grande
TX-004739,CLI-00145,2025-04-04,Pisos y cerámicos,10,197741.39,Web,Tarjeta de débito,Ushuaia
TX-004738,CLI-00866,2025-04-04,Cemento y áridos,7,59224.8,App,Tarjeta de débito,Ushuaia
TX-004737,CLI-00629,2025-04-04,Electricidad e iluminación,13,267144.42,Telefónico,Cuenta corriente,Río Grande
TX-004736,CLI-01084,2025-04-04,Pinturas y revestimientos,6,378335.09,Telefónico,Cuenta corriente,Ushuaia
TX-004735,CLI-00453,2025-04-04,Cemento y áridos,62,1164830.72,Telefónico,Tarjeta de crédito,Río Grande
TX-004734,CLI-00351,2025-04-04,Maderas y tableros,12,490860.36,Web,Transferencia,Río Grande
TX-004733,CLI-00453,2025-04-04,Sanitarios y grifería,3,218453.86,Telefónico,Cuenta corriente,Río Grande
TX-004732,CLI-00965,2025-04-04,Electricidad e iluminación,4,48536.2,Web,Tarjeta de crédito,Ushuaia 
TX-004731,CLI-00080,2025-04-04,Herramientas manuales,3,44924.11,Web,Efectivo en sucursal,Ushuaia
TX-004730,CLI-00862,2025-04-04,Sanitarios y grifería,3,192600.13,Web,Transferencia,ushuaia
TX-004744,CLI-00962,2025-04-04,Electricidad e iluminación,2,22051.48,App,Tarjeta de crédito,Río Grande
TX-004763,CLI-01088,2025-04-05,Maderas y tableros,19,240791.74,Web,,Ushuaia
TX-004766,CLI-00466,2025-04-05,Ferretería general,4,16143.23,Web,,Ushuaia
TX-004765,CLI-00696,2025-04-05,Sanitarios y grifería,3,120257.64,App,Tarjeta de crédito,Río Grande
TX-004762,CLI-01034,2025-04-05,Ferretería general,8,27352.52,Web,Transferencia,Ushuaia
TX-004764,CLI-00684,2025-04-05,Ferretería general,8,31192.09,Web,Tarjeta de crédito,Río Grande
TX-004760,CLI-00723,2025-04-05,Pisos y cerámicos,7,105257.44,Telefónico,Tarjeta de crédito,Río Grande
TX-004756,CLI-00128,2025-04-05,Ferretería general,38,343686.72,App,Transferencia,Río Grande
TX-004755,CLI-00790,2025-04-05,Pinturas y revestimientos,7,,Web,T. débito,Tolhuin
TX-004761,CLI-00054,2025-04-05,Electricidad e iluminación,4,59951.12,Web,Tarjeta de crédito,Ushuaia
TX-004758,CLI-01332,2025-04-05,Plomería y caños,2,27420.15,Telefónico,Cuenta corriente,Ushuaia
TX-004759,CLI-01222,2025-04-05,Aberturas,3,,Telefónico,Efectivo en sucursal,Ushuaia
TX-004757,CLI-01002,2025-04-05,Ferretería general,36,221398.34,App,Cuenta corriente,Río Grande
TX-004768,CLI-00832,2025-04-06,Herramientas manuales,3,31856.6,App,Tarjeta de débito,Ushuaia
TX-004769,CLI-01208,2025-04-06,Maderas y tableros,2,44596.45,Web,Transferencia,Río Grande
TX-004770,CLI-01063,2025-04-06,Electricidad e iluminación,2,23419.46,Web,Tarjeta de débito,Río Grande
TX-004789,CLI-00101,2025-04-07,Ferretería general,6,18835.98,Web,Tarjeta de débito,Río Grande
TX-004792,CLI-00112,2025-04-07,Electricidad e iluminación,4,148984.53,Web,Transferencia,Río Grande
TX-004793,CLI-00491,2025-04-07,Sanitarios y grifería,2,80286.53,App,Tarjeta de crédito,Río Grande
TX-004795,CLI-00879,2025-04-07,Cemento y áridos,59,2520831.46,Web,Cuenta corriente,Rio Grande
TX-004798,CLI-00254,2025-04-07,Herramientas manuales,2,44163.39,Web,Transferencia,Rio Grande
TX-004797,CLI-00535,2025-04-07,Ferretería general,36,249190.74,Telefónico,Cuenta corriente,Ushuaia 
TX-004799,CLI-00489,2025-04-07,Herramientas manuales,1,9433.08,Web,Tarjeta de crédito,RÍO GRANDE
TX-004788,CLI-00948,2025-04-07,Ferretería general,6,23190.49,Web,Transferencia,RÍO GRANDE
TX-004801,CLI-00535,2025-04-07,Plomería y caños,8,123329.66,App,Tarjeta de crédito,Ushuaia
TX-004796,CLI-01172,2025-04-07,Herramientas eléctricas,3,538705.19,Web,Transferencia,Río Grande
TX-004800,CLI-00499,2025-04-07,Seguridad e indumentaria,9,351332.05,App,Transferencia,Río Grande
TX-004787,CLI-00442,2025-04-07,Pisos y cerámicos,3,51233.73,Web,Cuenta corriente,Ushuaia
TX-004784,CLI-00108,2025-04-07,Plomería y caños,1,7048.55,Web,Tarjeta de débito,Río Grande
TX-004771,CLI-00466,2025-04-07,Maderas y tableros,21,277134.15,Web,Tarjeta de débito,Ushuaia
TX-004772,CLI-00515,2025-04-07,Plomería y caños,7,97153.12,App,Cuenta corriente,Río Grande
TX-004786,CLI-01259,2025-04-07,Sanitarios y grifería,3,123931.37,App,Tarjeta de débito,Río Grande
TX-004774,CLI-00246,2025-04-07,Herramientas eléctricas,5,605677.08,Web,Cuenta corriente,Tolhuin
TX-004776,CLI-00448,2025-04-07,Herramientas manuales,2,68173.17,App,Cuenta corriente,Río Grande
TX-004773,CLI-00603,2025-04-07,Seguridad e indumentaria,1,63126.62,Telefónico,Cuenta corriente,Ushuaia
TX-004778,CLI-00842,2025-04-07,Plomería y caños,4,62672.66,App,Cuenta corriente,río grande
TX-004779,CLI-00706,2025-04-07,Sanitarios y grifería,1,65443.34,Web,Transferencia,Río Grande
TX-004780,CLI-00943,2025-04-07,Seguridad e indumentaria,3,98445.81,Web,Transferencia,Ushuaia
TX-004781,CLI-00226,2025-04-07,Electricidad e iluminación,7,85795.12,Web,Tarjeta de crédito,Río Grande
TX-004782,CLI-00894,2025-04-07,Pinturas y revestimientos,6,194464.19,Web,Tarjeta de crédito,Ushuaia
TX-004777,CLI-00154,2025-04-07,Ferretería general,13,44065.05,App,Tarjeta de débito,Río Grande
TX-004823,CLI-00551,2025-04-08,Seguridad e indumentaria,11,796769.36,Telefónico,Transferencia,USHUAIA
TX-004817,CLI-01141,2025-04-08,Pisos y cerámicos,24,789355.3,App,Cuenta corriente,Ushuaia
TX-004821,CLI-00387,2025-04-08,Electricidad e iluminación,4,48469.08,App,Tarjeta de crédito,Río Grande 
TX-004820,CLI-00481,2025-04-08,Electricidad e iluminación,2,40678.47,Telefónico,Cuenta corriente,Río Grande
TX-004819,CLI-00575,2025-04-08,Pisos y cerámicos,29,1080416.6,Telefónico,,Río Grande
TX-004816,CLI-01344,2025-04-08,Ferretería general,4,10705.1,App,Tarjeta de crédito,Río Grande
TX-004806,CLI-01321,2025-04-08,Pisos y cerámicos,14,212294.53,App,Tarjeta de débito,Ushuaia
TX-004813,CLI-00348,2025-04-08,Aberturas,3,662936.31,Web,Transferencia,Tolhuin
TX-004812,CLI-00881,2025-04-08,Plomería y caños,5,32371.92,Web,Tarjeta de débito,Tolhuin
TX-004811,CLI-01053,2025-04-08,Electricidad e iluminación,18,337691.46,Telefónico,Transferencia,Río Grande
TX-004808,CLI-00172,2025-04-08,Plomería y caños,10,261970.25,App,Cuenta corriente,Tolhuin 
TX-004807,CLI-00231,2025-04-08,Ferretería general,6,20095.16,App,Tarjeta de débito,USHUAIA
TX-004805,CLI-00694,2025-04-08,Aberturas,2,270924.28,Web,Transferencia,Río Grande
TX-004815,CLI-00273,2025-04-08,Ferretería general,11,91917.89,Telefónico,Cuenta corriente,Río Grande
TX-004803,CLI-00212,2025-04-08,Cemento y áridos,17,388364.18,App,Cuenta corriente,Río Grande
TX-004802,CLI-00982,2025-04-08,Herramientas manuales,3,112481.27,App,Transferencia,Ushuaia
TX-004843,CLI-00912,2025-04-09,Pisos y cerámicos,3,84412.02,Telefónico,Cuenta corriente,Tolhuin
TX-004842,CLI-01265,2025-04-09,Maderas y tableros,4,123273.36,Web,Tarjeta de crédito,Tolhuin
TX-004841,CLI-00883,2025-04-09,Seguridad e indumentaria,8,880075.54,Telefónico,Cuenta corriente,Río Grande
TX-004840,CLI-00996,2025-04-09,Aberturas,4,715174.82,App,Transferencia,Ushuaia
TX-004839,CLI-00111,2025-04-09,Herramientas eléctricas,2,284808.86,Web,Tarjeta de crédito,Río Grande
TX-004838,CLI-00718,2025-04-09,Ferretería general,7,17743.64,Web,Cuenta corriente,Río Grande
TX-004837,CLI-01067,2025-04-09,Sanitarios y grifería,2,108790.48,Web,Tarjeta de crédito,Tolhuin
TX-004845,CLI-00054,2025-04-09,Pisos y cerámicos,5,78405.24,Telefónico,Tarjeta de débito,Ushuaia
TX-004834,CLI-00356,2025-04-09,Pisos y cerámicos,7,194620.96,Web,Cuenta corriente,Río Grande
TX-004833,CLI-00670,2025-04-09,Ferretería general,2,9161.99,Web,Tarjeta de crédito,Ushuaia
TX-004831,CLI-00839,2025-04-09,Herramientas manuales,2,27072.85,App,Tarjeta de crédito,RÍO GRANDE
TX-004830,CLI-00762,2025-04-09,Herramientas manuales,2,,Web,Tarjeta de crédito,Río Grande
TX-004829,CLI-00392,2025-04-09,Plomería y caños,24,311896.16,App,Transferencia,Río Grande
TX-004828,CLI-00172,2025-04-09,Cemento y áridos,8,284205.91,Telefónico,Transferencia,Tolhuin
TX-004824,CLI-00816,2025-04-09,Plomería y caños,2,13193.27,Web,Tarjeta de crédito,RÍO GRANDE
TX-004825,CLI-01347,2025-04-09,Herramientas eléctricas,2,1179564.8,Telefónico,Cuenta corriente,Río Grande 
TX-004826,CLI-01162,2025-04-09,Sanitarios y grifería,1,59280.53,Web,Transferencia,Río Grande
TX-004836,CLI-00142,2025-04-09,Pinturas y revestimientos,21,943563.15,App,Cuenta corriente,Río Grande
TX-004859,CLI-00568,2025-04-10,Pinturas y revestimientos,2,86343.16,Telefónico,Cuenta corriente,Río Grande
TX-004858,CLI-00782,2025-04-10,Sanitarios y grifería,2,73066.8,Web,Tarjeta de crédito,Ushuaia
TX-004857,CLI-00535,2025-04-10,Plomería y caños,14,159905.0,Telefónico,Cuenta corriente,Ushuaia
TX-004856,CLI-01276,2025-04-10,Plomería y caños,1,7825.73,Web,Tarjeta de crédito,Ushuaia
TX-004855,CLI-00602,2025-04-10,Plomería y caños,5,48790.81,Web,Tarjeta de débito,Ushuaia
TX-004853,CLI-01213,2025-04-10,Ferretería general,2,7236.42,Web,Transferencia,Ushuaia
TX-004852,CLI-00636,2025-04-10,Electricidad e iluminación,6,71062.41,Web,Tarjeta de débito,Ushuaia
TX-004851,CLI-00860,2025-04-10,Aberturas,2,549970.92,Telefónico,Tarjeta de crédito,río grande
TX-004848,CLI-00385,2025-04-10,Herramientas manuales,5,69924.35,Web,Tarjeta de débito,Ushuaia
TX-004847,CLI-00903,2025-04-10,Pinturas y revestimientos,2,50871.44,Web,Tarjeta de crédito,Ushuaia
TX-004846,CLI-00208,2025-04-10,Ferretería general,1,3544.59,Telefónico,T. crédito,
TX-004854,CLI-01241,2025-04-10,Ferretería general,2,7769.32,App,Tarjeta de crédito,Ushuaia
TX-004877,CLI-00154,2025-04-11,Ferretería general,12,47542.72,App,Efectivo en sucursal,Río Grande
TX-004883,CLI-00708,2025-04-11,Maderas y tableros,5,214856.98,Web,Cuenta corriente,Río Grande 
TX-004882,CLI-00633,2025-04-11,Plomería y caños,14,129932.44,Web,Transferencia,Río Grande
TX-004881,CLI-01243,2025-04-11,Cemento y áridos,28,478288.22,Telefónico,Cuenta corriente,Río Grande
TX-004880,CLI-00791,2025-04-11,Seguridad e indumentaria,2,54050.9,Web,Tarjeta de débito,RÍO GRANDE
TX-004879,CLI-01321,2025-04-11,Plomería y caños,5,27395.49,Web,Tarjeta de débito,Ushuaia
TX-004878,CLI-00941,2025-04-11,Pinturas y revestimientos,6,140954.56,App,Transferencia,Ushuaia
TX-004876,CLI-00785,2025-04-11,Sanitarios y grifería,2,79963.53,Web,Transferencia,Ushuaia
TX-004864,CLI-00753,2025-04-11,Sanitarios y grifería,2,-137459.84,Web,Tarjeta de crédito,Río Grande
TX-004873,CLI-01034,2025-04-11,Cemento y áridos,11,137336.39,Web,Tarjeta de débito,Ushuaia
TX-004870,CLI-00566,2025-04-11,Seguridad e indumentaria,10,412366.96,Web,Tarjeta de crédito,Río Grande
TX-004869,CLI-00453,2025-04-11,Sanitarios y grifería,3,365862.52,Telefónico,Cuenta corriente,Río Grande
TX-004868,CLI-01266,2025-04-11,Ferretería general,2,6787.21,Web,Transferencia,Río Grande
TX-004867,CLI-00979,2025-04-11,Sanitarios y grifería,6,251406.1,Web,Tarjeta de crédito,Río Grande
TX-004866,CLI-00448,2025-04-11,Electricidad e iluminación,5,150429.12,Web,Cuenta corriente,Río Grande
TX-004865,CLI-01116,2025-04-11,Electricidad e iluminación,7,117648.87,Web,Tarjeta de débito,Ushuaia
TX-004874,CLI-01148,2025-04-11,Seguridad e indumentaria,4,132845.93,Telefónico,Transferencia,USHUAIA
TX-004863,CLI-00212,2025-04-11,Cemento y áridos,38,616198.42,App,Cuenta corriente,RÍO GRANDE
TX-004862,CLI-00684,2025-04-11,Cemento y áridos,13,128901.07,Web,Tarjeta de débito,Río Grande
TX-004889,CLI-01103,2025-04-12,Sanitarios y grifería,3,78529.89,App,Transferencia,Río Grande
TX-004885,CLI-00629,2025-04-12,Pisos y cerámicos,19,608712.13,Web,Cuenta corriente,Río Grande
TX-004887,CLI-01037,2025-04-12,Plomería y caños,34,572955.24,Web,Cuenta corriente,Ushuaia
TX-004886,CLI-01332,2025-04-12,Seguridad e indumentaria,6,443560.54,Telefónico,Transferencia,Ushuaia
TX-004884,CLI-01008,2025-04-12,Ferretería general,6,23959.88,Web,Tarjeta de débito,Ushuaia
TX-004888,CLI-01070,2025-04-12,Electricidad e iluminación,3,44622.71,App,Tarjeta de débito,Río Grande
TX-004895,CLI-00047,2025-04-13,Plomería y caños,13,125235.83,Web,Tarjeta de crédito,Ushuaia
TX-004891,CLI-01042,2025-04-13,Herramientas eléctricas,1,179092.61,Web,Tarjeta de débito,RÍO GRANDE
TX-004892,CLI-00515,2025-04-13,Seguridad e indumentaria,5,345143.82,Telefónico,,Río Grande
TX-004890,CLI-00178,2025-04-13,Ferretería general,10,70911.42,Web,Cuenta corriente,Ushuaia
TX-004893,CLI-00357,2025-04-13,Ferretería general,9,99253.83,Telefónico,Transferencia,Ushuaia
TX-004908,CLI-01086,2025-04-14,Electricidad e iluminación,6,52984.23,Web,Transferencia,Tolhuin
TX-004917,CLI-01278,2025-04-14,Plomería y caños,11,56580.79,App,Tarjeta de débito,Río Grande
TX-004915,CLI-00444,2025-04-14,Ferretería general,8,61275.88,Web,Cuenta corriente,Ushuaia
TX-004914,CLI-00453,2025-04-14,Seguridad e indumentaria,3,162572.16,App,Transferencia,Río Grande
TX-004913,CLI-01337,2025-04-14,Ferretería general,36,115267.27,Telefónico,Tarjeta de débito,RÍO GRANDE
TX-004911,CLI-01243,2025-04-14,Herramientas manuales,3,58910.84,Telefónico,Transferencia,Río Grande
TX-004910,CLI-00619,2025-04-14,Pinturas y revestimientos,2,65193.35,App,Tarjeta de crédito,Ushuaia
TX-004907,CLI-00009,2025-04-14,Ferretería general,2,14361.62,Telefónico,Tarjeta de crédito,Tolhuin
TX-004906,CLI-00911,2025-04-14,Ferretería general,1,3734.61,App,Tarjeta de débito,Río Grande
TX-004905,CLI-00046,2025-04-14,Herramientas manuales,4,85042.99,Web,Tarjeta de crédito,Río Grande
TX-004896,CLI-00148,2025-04-14,Herramientas eléctricas,4,571076.92,Web,Tarjeta de débito,Río Grande
TX-004898,CLI-01119,2025-04-14,Pisos y cerámicos,33,2033773.95,Web,Cuenta corriente,Ushuaia
TX-004899,CLI-00078,2025-04-14,Pisos y cerámicos,4,127643.08,App,Transferencia,Ushuaia
TX-004900,CLI-00772,2025-04-14,Electricidad e iluminación,5,115950.38,Telefónico,Cuenta corriente,Río Grande
TX-004897,CLI-01204,2025-04-14,Seguridad e indumentaria,4,132014.1,Web,Tarjeta de débito,Ushuaia
TX-004902,CLI-00450,2025-04-14,Herramientas eléctricas,5,1382148.31,Telefónico,Cuenta corriente,Ushuaia
TX-004903,CLI-00420,2025-04-14,Seguridad e indumentaria,2,58613.95,Web,Tarjeta de débito,
TX-004904,CLI-01252,2025-04-14,Plomería y caños,3,31514.16,Web,Tarjeta de crédito,Río Grande
TX-004901,CLI-00400,2025-04-14,Herramientas manuales,3,44779.92,Web,Tarjeta de débito,RÍO GRANDE
TX-004933,CLI-00581,2025-04-15,Plomería y caños,3,23516.19,App,Tarjeta de débito,Río Grande
TX-004938,CLI-01224,2025-04-15,Herramientas manuales,4,68832.7,App,Tarjeta de débito,Río Grande
TX-004937,CLI-00551,2025-04-15,Herramientas manuales,4,158787.31,App,Cuenta corriente,Ushuaia
TX-004936,CLI-01046,2025-04-15,Pisos y cerámicos,4,141291.11,Web,Transferencia,Río Grande
TX-004935,CLI-01199,2025-04-15,Herramientas eléctricas,6,1765601.44,Web,Cuenta corriente,Río Grande
TX-004934,CLI-00836,2025-04-15,Herramientas manuales,2,28166.94,Web,Tarjeta de crédito,Ushuaia
TX-004932,CLI-00172,2025-04-15,Plomería y caños,15,425584.92,Telefónico,Cuenta corriente,Tolhuin
TX-004931,CLI-00629,2025-04-15,Ferretería general,3,25237.44,Web,Cuenta corriente,Río Grande
TX-004930,CLI-00624,2025-04-15,Ferretería general,5,17746.55,Web,Tarjeta de débito,Río Grande
TX-004929,CLI-01065,2025-04-15,Electricidad e iluminación,2,19084.87,Web,Tarjeta de débito,Ushuaia
TX-004928,CLI-00321,2025-04-15,Plomería y caños,6,128248.07,Web,Transferencia,Ushuaia
TX-004925,CLI-01214,2025-04-15,Herramientas manuales,3,53165.62,Web,Transferencia,RÍO GRANDE
TX-004924,CLI-01295,2025-04-15,Plomería y caños,4,23372.62,Web,Tarjeta de débito,Río Grande
TX-004923,CLI-01135,2025-04-15,Plomería y caños,23,182214.87,Web,Tarjeta de débito,Ushuaia
TX-004922,CLI-00912,2025-04-15,Cemento y áridos,17,353024.28,Web,Tarjeta de débito,Tolhuin
TX-004921,CLI-00999,2025-04-15,Herramientas manuales,3,51827.92,Web,Tarjeta de débito,Río Grande
TX-004920,CLI-00962,2025-04-15,Seguridad e indumentaria,3,137590.73,App,Efectivo en sucursal,Río Grande
TX-004961,CLI-00216,2025-04-16,Cemento y áridos,19,272959.61,App,Tarjeta de crédito,Tolhuin
TX-004960,CLI-00063,2025-04-16,Seguridad e indumentaria,1,33738.11,Web,Tarjeta de débito,Ushuaia
TX-004959,CLI-01042,2025-04-16,Herramientas manuales,3,56763.14,Web,Cuenta corriente,Río Grande
TX-004957,CLI-00772,2025-04-16,Cemento y áridos,8,155964.58,App,Tarjeta de débito,Río Grande
TX-004956,CLI-00068,2025-04-16,Ferretería general,13,160555.35,App,Cuenta corriente,Río Grande
TX-004954,CLI-01243,2025-04-16,Ferretería general,2,22795.63,Telefónico,Transferencia,río grande
TX-004958,CLI-00775,2025-04-16,Pinturas y revestimientos,6,137666.82,Web,Efectivo en sucursal,Ushuaia
TX-004951,CLI-00930,2025-04-16,Electricidad e iluminación,21,564280.42,Telefónico,Transferencia,Río Grande
TX-004952,CLI-00078,2025-04-16,Herramientas manuales,3,80383.57,Web,Transferencia,Ushuaia
TX-004940,CLI-01059,2025-04-16,Cemento y áridos,34,822733.29,Telefónico,Tarjeta de débito,Ushuaia 
TX-004942,CLI-00935,2025-04-16,Cemento y áridos,39,1384901.56,App,Cuenta corriente,Río Grande
TX-004943,CLI-00800,2025-04-16,Pisos y cerámicos,5,91016.51,Web,Efectivo en sucursal,Río Grande
TX-004941,CLI-00935,2025-04-16,Aberturas,2,625291.66,Web,Transferencia,Río Grande 
TX-004939,CLI-00730,2025-04-16,Plomería y caños,11,124326.82,App,Cuenta corriente,Río Grande
TX-004946,CLI-00935,2025-04-16,Electricidad e iluminación,10,350843.71,App,Transferencia,Río Grande
TX-004948,CLI-00357,2025-04-16,Herramientas eléctricas,3,1320425.32,App,Cuenta corriente,Ushuaia
TX-004944,CLI-00996,2025-04-16,Seguridad e indumentaria,4,251214.28,Telefónico,Tarjeta de crédito,Ushuaia
TX-004976,CLI-00720,2025-04-17,Herramientas manuales,6,106341.52,Web,Tarjeta de crédito,Río Grande
TX-004983,CLI-00474,2025-04-17,Ferretería general,3,10610.74,Telefónico,Tarjeta de crédito,Ushuaia
TX-004982,CLI-00546,2025-04-17,Cemento y áridos,14,301625.35,Telefónico,Cuenta corriente,Río Grande
TX-004981,CLI-01075,2025-04-17,Herramientas manuales,1,11865.62,Web,Transferencia,Río Grande
TX-004980,CLI-00564,2025-04-17,Sanitarios y grifería,4,164117.29,Web,Cuenta corriente,Ushuaia
TX-004979,CLI-01243,2025-04-17,Cemento y áridos,26,458434.47,Telefónico,Transferencia,Río Grande
TX-004978,CLI-00850,2025-04-17,Herramientas manuales,3,94732.91,Telefónico,Transferencia,Río Grande
TX-004975,CLI-00624,2025-04-17,Ferretería general,2,6089.31,Web,Tarjeta de crédito,Río Grande
TX-004977,CLI-00718,2025-04-17,Seguridad e indumentaria,1,32200.66,Web,Tarjeta de crédito,Río Grande
TX-004972,CLI-00498,2025-04-17,Aberturas,2,235920.94,App,Tarjeta de débito,Río Grande
TX-004970,CLI-00386,2025-04-17,Plomería y caños,6,65183.02,Telefónico,Tarjeta de crédito,Río Grande
TX-004969,CLI-00092,2025-04-17,Pinturas y revestimientos,3,71116.0,App,Transferencia,Río Grande
TX-004968,CLI-00500,2025-04-17,Electricidad e iluminación,6,124739.52,App,Transferencia,Ushuaia
TX-004967,CLI-00218,2025-04-17,Cemento y áridos,16,394929.41,App,Transferencia,Río Grande
TX-004966,CLI-00553,2025-04-17,Cemento y áridos,48,1291386.75,Telefónico,Cuenta corriente,Río Grande
TX-004965,CLI-01044,2025-04-17,Aberturas,3,702829.16,App,Tarjeta de crédito,Río Grande
TX-004964,CLI-00604,2025-04-17,Pinturas y revestimientos,2,50558.11,App,Cuenta corriente,Ushuaia
TX-004962,CLI-00962,2025-04-17,Plomería y caños,15,141615.03,App,Transferencia,río grande
TX-004963,CLI-01148,2025-04-17,Seguridad e indumentaria,3,103676.51,App,Tarjeta de crédito,Ushuaia
TX-004974,CLI-00190,2025-04-17,Pinturas y revestimientos,4,94707.31,Telefónico,Tarjeta de débito,Ushuaia
TX-004996,CLI-00930,2025-04-18,Electricidad e iluminación,1,17929.98,App,Cuenta corriente,río grande
TX-004994,CLI-00194,2025-04-18,Seguridad e indumentaria,12,1398486.91,Telefónico,Cuenta corriente,Río Grande
TX-004989,CLI-01039,2025-04-18,Ferretería general,2,5708.37,App,Tarjeta de crédito,Ushuaia
TX-004992,CLI-00102,2025-04-18,Pinturas y revestimientos,2,52915.13,App,Tarjeta de crédito,Ushuaia
TX-004991,CLI-00633,2025-04-18,Maderas y tableros,9,193699.14,Web,Transferencia,RÍO GRANDE
TX-004986,CLI-00755,2025-04-18,Pinturas y revestimientos,3,69697.33,Web,Transferencia,Tolhuin
TX-004984,CLI-00793,2025-04-18,Aberturas,3,514420.87,App,Cuenta corriente,Río Grande
TX-004993,CLI-01002,2025-04-18,Plomería y caños,2,30951.78,Telefónico,Tarjeta de crédito,Río Grande
TX-005008,CLI-00832,2025-04-19,Herramientas manuales,3,43592.76,App,Efectivo en sucursal,Ushuaia
TX-005010,CLI-00304,2025-04-19,Pisos y cerámicos,28,1124074.25,App,Cuenta corriente,ushuaia
TX-005007,CLI-00273,2025-04-19,Ferretería general,7,55464.21,App,Transferencia,Río Grande
TX-005009,CLI-01190,2025-04-19,Herramientas manuales,3,36002.27,Web,Tarjeta de débito,Río Grande 
TX-005004,CLI-01131,2025-04-19,Plomería y caños,4,26112.58,Web,T. crédito,Río Grande
TX-005003,CLI-00469,2025-04-19,Pinturas y revestimientos,10,201343.7,Web,Transferencia,Río Grande
TX-004997,CLI-01252,2025-04-19,Ferretería general,9,53796.35,App,Tarjeta de débito,Río Grande
TX-005002,CLI-01212,2025-04-19,Herramientas manuales,19,343915.71,Web,Tarjeta de crédito,Río Grande
TX-004999,CLI-00656,2025-04-19,Herramientas manuales,2,26866.68,Web,Tarjeta de débito,Río Grande
TX-005000,CLI-00546,2025-04-19,Plomería y caños,7,76647.02,Telefónico,Cuenta corriente,Río Grande
TX-005005,CLI-01153,2025-04-19,Pisos y cerámicos,8,91817.95,Web,Tarjeta de débito,Río Grande
TX-005011,CLI-00515,2025-04-20,Electricidad e iluminación,14,365657.37,Telefónico,Transferencia,Río Grande
TX-005012,CLI-00344,2025-04-20,Sanitarios y grifería,3,225322.3,Telefónico,Tarjeta de crédito,Río Grande
TX-005014,CLI-00933,2025-04-20,Pisos y cerámicos,6,92973.73,Web,Tarjeta de débito,Ushuaia
TX-005015,CLI-00115,2025-04-20,Herramientas eléctricas,1,119983.52,App,Tarjeta de débito,Tolhuin
TX-005033,CLI-01093,2025-04-21,Sanitarios y grifería,10,812035.61,Telefónico,Transferencia,Ushuaia
TX-005032,CLI-00793,2025-04-21,Ferretería general,12,72181.74,App,Transferencia,Río Grande
TX-005031,CLI-01172,2025-04-21,Aberturas,2,208002.82,Web,Tarjeta de débito,Río Grande
TX-005030,CLI-00387,2025-04-21,Ferretería general,28,117721.25,Web,Efectivo en sucursal,Río Grande
TX-005029,CLI-00404,2025-04-21,Sanitarios y grifería,3,126981.5,App,Tarjeta de débito,Río Grande
TX-005035,CLI-00762,2025-04-21,Plomería y caños,12,113108.67,Web,Cuenta corriente,Río Grande
TX-005027,CLI-00860,2025-04-21,Herramientas eléctricas,3,1024663.76,App,Cuenta corriente,Río Grande
TX-005025,CLI-00419,2025-04-21,Pisos y cerámicos,5,100498.24,Web,Transferencia,Río Grande
TX-005024,CLI-00108,2025-04-21,Pinturas y revestimientos,4,99577.88,Web,Transferencia,Río Grande
TX-005022,CLI-01119,2025-04-21,Cemento y áridos,11,313245.41,App,Cuenta corriente,USHUAIA
TX-005021,CLI-00988,2025-04-21,Cemento y áridos,10,80449.19,App,Tarjeta de débito,Río Grande
TX-005016,CLI-00493,2025-04-21,Pinturas y revestimientos,2,34801.15,Web,Transferencia,RÍO GRANDE
TX-005017,CLI-00172,2025-04-21,Ferretería general,32,322523.12,App,Cuenta corriente,Tolhuin
TX-005018,CLI-00009,2025-04-21,Cemento y áridos,27,514111.96,App,Transferencia,Tolhuin
TX-005028,CLI-00448,2025-04-21,Ferretería general,8,58304.37,App,Efectivo en sucursal,Río Grande
TX-005047,CLI-01183,2025-04-22,Ferretería general,11,47446.85,Telefónico,Tarjeta de débito,río grande
TX-005046,CLI-00782,2025-04-22,Sanitarios y grifería,5,165941.69,Telefónico,Tarjeta de crédito,Ushuaia
TX-005045,CLI-00273,2025-04-22,Aberturas,2,469882.2,Web,Tarjeta de crédito,Río Grande
TX-005043,CLI-00358,2025-04-22,Cemento y áridos,16,328567.19,App,Cuenta corriente,Ushuaia
TX-005044,CLI-00577,2025-04-22,Pisos y cerámicos,26,947126.61,App,Transferencia,Río Grande
TX-005041,CLI-00358,2025-04-22,Electricidad e iluminación,10,246193.52,Telefónico,Cuenta corriente,Ushuaia
TX-005040,CLI-00159,2025-04-22,Plomería y caños,13,179791.53,Web,Transferencia,USHUAIA
TX-005039,CLI-00400,2025-04-22,Aberturas,2,197575.18,Web,Tarjeta de débito,Río Grande
TX-005038,CLI-00731,2025-04-22,Cemento y áridos,12,96299.86,Web,Tarjeta de débito,Río Grande
TX-005037,CLI-00423,2025-04-22,Ferretería general,3,15604.47,Web,Transferencia,RÍO GRANDE
TX-005036,CLI-00413,2025-04-22,Cemento y áridos,27,441583.22,App,Cuenta corriente,RÍO GRANDE
TX-005042,CLI-01331,2025-04-22,Pisos y cerámicos,17,259206.53,Web,Tarjeta de débito,Río Grande
TX-005063,CLI-00872,2025-04-23,Plomería y caños,211,3464866.84,App,Cuenta corriente,río grande
TX-005075,CLI-00321,2025-04-23,Maderas y tableros,14,535202.13,Web,Transferencia,Ushuaia
TX-005072,CLI-00828,2025-04-23,Electricidad e iluminación,5,89404.99,Web,Cuenta corriente,Ushuaia
TX-005070,CLI-00911,2025-04-23,Ferretería general,6,22066.35,Web,Transferencia,Río Grande
TX-005069,CLI-00367,2025-04-23,Pisos y cerámicos,3,38321.57,Web,Transferencia,Ushuaia
TX-005068,CLI-00775,2025-04-23,Ferretería general,9,38824.79,App,Tarjeta de débito,Ushuaia
TX-005066,CLI-00008,2025-04-23,Sanitarios y grifería,2,81314.0,Web,Transferencia,Río Grande
TX-005062,CLI-00992,2025-04-23,Electricidad e iluminación,29,481211.77,App,Tarjeta de crédito,Río Grande
TX-005054,CLI-01174,2025-04-23,Ferretería general,12,117332.61,Web,Transferencia,Río Grande
TX-005059,CLI-00371,2025-04-23,Plomería y caños,5,34988.36,Web,Tarjeta de débito,USHUAIA
TX-005051,CLI-01216,2025-04-23,Sanitarios y grifería,3,143513.87,Web,Tarjeta de débito,Ushuaia
TX-005052,CLI-01310,2025-04-23,Electricidad e iluminación,5,137054.07,Telefónico,Cuenta corriente,Río Grande
TX-005053,CLI-00143,2025-04-23,Ferretería general,7,20340.61,App,Transferencia,Río Grande
TX-005048,CLI-00912,2025-04-23,Herramientas manuales,5,166432.9,Web,Cuenta corriente,Tolhuin
TX-005050,CLI-00836,2025-04-23,Cemento y áridos,39,491387.35,Web,Transferencia,Ushuaia
TX-005056,CLI-00930,2025-04-23,Ferretería general,20,144253.87,App,Tarjeta de débito,Río Grande
TX-005057,CLI-00190,2025-04-23,Pisos y cerámicos,4,51092.8,App,Transferencia,Ushuaia
TX-005058,CLI-01265,2025-04-23,Pinturas y revestimientos,4,128597.01,App,Cuenta corriente,Tolhuin
TX-005055,CLI-01145,2025-04-23,Plomería y caños,5,47169.31,App,Transferencia,Ushuaia
TX-005061,CLI-00392,2025-04-23,Maderas y tableros,11,320499.46,Web,Transferencia,Río Grande
TX-005090,CLI-00509,2025-04-24,Herramientas manuales,7,83943.31,Telefónico,Efectivo en sucursal,Río Grande
TX-005095,CLI-00158,2025-04-24,Plomería y caños,10,75710.22,Web,Tarjeta de crédito,Río Grande
TX-005094,CLI-01117,2025-04-24,Seguridad e indumentaria,3,92044.25,App,Efectivo en sucursal,Río Grande
TX-005093,CLI-00304,2025-04-24,Maderas y tableros,3,110423.43,Web,Transferencia,Ushuaia
TX-005092,CLI-00351,2025-04-24,Ferretería general,7,44368.95,App,Cuenta corriente,Río Grande
TX-005091,CLI-00202,2025-04-24,Pinturas y revestimientos,10,528725.35,App,Transferencia,Ushuaia
TX-005089,CLI-01153,2025-04-24,Maderas y tableros,10,207110.54,App,Tarjeta de débito,Río Grande
TX-005087,CLI-00112,2025-04-24,Pisos y cerámicos,3,139252.72,App,Cuenta corriente,Río Grande
TX-005086,CLI-00164,2025-04-24,Ferretería general,13,36810.24,App,Tarjeta de débito,Tolhuin
TX-005084,CLI-01289,2025-04-24,Plomería y caños,7,37517.47,Web,Tarjeta de crédito,Río Grande
TX-005082,CLI-00988,2025-04-24,Cemento y áridos,12,105289.45,Web,Tarjeta de débito,Río Grande
TX-005081,CLI-00468,2025-04-24,Sanitarios y grifería,3,299473.72,App,Cuenta corriente,Ushuaia
TX-005079,CLI-01072,2025-04-24,Ferretería general,25,73935.54,App,T. crédito,Río Grande
TX-005078,CLI-00063,2025-04-24,Ferretería general,12,53179.96,Web,Cuenta corriente,Ushuaia
TX-005077,CLI-00842,2025-04-24,Sanitarios y grifería,5,599585.88,Telefónico,Cuenta corriente,Río Grande
TX-005088,CLI-00923,2025-04-24,Ferretería general,2,8141.19,Web,Transferencia,Río Grande
TX-005116,CLI-00979,2025-04-25,Herramientas manuales,4,85907.62,Web,Tarjeta de crédito,Río Grande
TX-005117,CLI-01289,2025-04-25,Plomería y caños,12,86495.67,Web,Tarjeta de crédito,Río Grande
TX-005118,CLI-00883,2025-04-25,Pisos y cerámicos,7,274670.85,App,Cuenta corriente,Río Grande
TX-005122,CLI-01013,2025-04-25,Plomería y caños,11,243351.92,App,Transferencia,Ushuaia
TX-005120,CLI-00293,2025-04-25,Sanitarios y grifería,2,106120.19,Telefónico,Tarjeta de crédito,Río Grande
TX-005121,CLI-00978,2025-04-25,Pisos y cerámicos,8,105434.55,Web,Transferencia,Río Grande
TX-005119,CLI-01248,2025-04-25,Maderas y tableros,4,120302.7,App,Cuenta corriente,Ushuaia
TX-005115,CLI-00268,2025-04-25,Seguridad e indumentaria,5,140665.35,App,Transferencia,Río Grande
TX-005111,CLI-00194,2025-04-25,Herramientas eléctricas,3,1739602.24,Telefónico,Transferencia,Río Grande
TX-005112,CLI-01051,2025-04-25,Plomería y caños,14,273800.2,Web,Cuenta corriente,Rio Grande
TX-005110,CLI-00108,2025-04-25,Cemento y áridos,25,206103.26,Web,Tarjeta de débito,Río Grande
TX-005109,CLI-00138,2025-04-25,Herramientas manuales,9,134099.3,App,Tarjeta de crédito,Río Grande
TX-005108,CLI-00817,2025-04-25,Herramientas manuales,8,94963.95,Web,Tarjeta de débito,RÍO GRANDE
TX-005107,CLI-00356,2025-04-25,Pinturas y revestimientos,3,-96021.49,App,Cuenta corriente,Río Grande
TX-005105,CLI-01300,2025-04-25,Plomería y caños,8,91679.9,Web,Transferencia,Río Grande
TX-005102,CLI-00912,2025-04-25,Pisos y cerámicos,22,521858.93,App,Transferencia,Tolhuin
TX-005114,CLI-01059,2025-04-25,Sanitarios y grifería,3,449241.55,Telefónico,Transferencia,Ushuaia
TX-005099,CLI-00450,2025-04-25,Maderas y tableros,18,398648.9,App,Cuenta corriente,Ushuaia
TX-005097,CLI-00553,2025-04-25,Sanitarios y grifería,14,1173295.84,App,Efectivo en sucursal,Río Grande
TX-005137,CLI-01053,2025-04-26,Herramientas manuales,16,507834.15,App,Tarjeta de crédito,Río Grande
TX-005135,CLI-00348,2025-04-26,Electricidad e iluminación,6,134056.13,Telefónico,Cuenta corriente,Tolhuin
TX-005133,CLI-00036,2025-04-26,Aberturas,1,98004.68,App,Tarjeta de crédito,Rio Grande
TX-005134,CLI-00743,2025-04-26,Maderas y tableros,5,104892.61,Web,Tarjeta de crédito,Río Grande
TX-005130,CLI-00526,2025-04-26,Pisos y cerámicos,9,213525.27,App,Efectivo en sucursal,Ushuaia
TX-005128,CLI-00351,2025-04-26,Sanitarios y grifería,1,65406.43,App,Cuenta corriente,RÍO GRANDE
TX-005127,CLI-00912,2025-04-26,Electricidad e iluminación,42,1118261.7,Telefónico,Cuenta corriente,Tolhuin
TX-005126,CLI-00273,2025-04-26,Maderas y tableros,26,1320120.55,Telefónico,Cuenta corriente,Río Grande
TX-005125,CLI-00247,2025-04-26,Electricidad e iluminación,11,135438.65,Web,Transferencia,Río Grande
TX-005131,CLI-00474,2025-04-26,Ferretería general,1,3521.65,Web,Tarjeta de débito,Ushuaia
TX-005123,CLI-00099,2025-04-26,Cemento y áridos,61,704924.94,Web,Tarjeta de débito,Ushuaia
TX-005138,CLI-00328,2025-04-27,Herramientas manuales,1,10035.06,Web,T. débito,Ushuaia
TX-005139,CLI-00841,2025-04-27,Herramientas manuales,9,247808.44,Telefónico,Transferencia,Ushuaia
TX-005158,CLI-01032,2025-04-28,Cemento y áridos,80,629812.47,App,Tarjeta de crédito,río grande
TX-005159,CLI-00252,2025-04-28,Electricidad e iluminación,4,69622.6,Web,Transferencia,RÍO GRANDE
TX-005160,CLI-01119,2025-04-28,Pinturas y revestimientos,4,278857.31,Telefónico,Cuenta corriente,Ushuaia
TX-005165,CLI-00962,2025-04-28,Aberturas,1,117800.87,Web,Transferencia,Río Grande
TX-005163,CLI-00144,2025-04-28,Ferretería general,2,6871.49,Web,Efectivo en sucursal,Río Grande
TX-005164,CLI-01293,2025-04-28,Electricidad e iluminación,5,44466.71,App,Efectivo en sucursal,Río Grande
TX-005156,CLI-01257,2025-04-28,Cemento y áridos,8,75655.79,Web,Transferencia,
TX-005161,CLI-00956,2025-04-28,Seguridad e indumentaria,4,167836.2,Web,Tarjeta de crédito,Ushuaia
TX-005155,CLI-01238,2025-04-28,Plomería y caños,37,651510.04,App,Tarjeta de crédito,Ushuaia
TX-005162,CLI-00117,2025-04-28,Ferretería general,13,362527.51,Telefónico,Transferencia,Río Grande
TX-005152,CLI-01180,2025-04-28,Herramientas eléctricas,2,209523.13,App,Tarjeta de crédito,Ushuaia
TX-005154,CLI-00892,2025-04-28,Sanitarios y grifería,8,473688.98,Web,Tarjeta de débito,Tolhuin
TX-005142,CLI-01126,2025-04-28,Electricidad e iluminación,9,85695.71,Web,Transferencia,Río Grande
TX-005143,CLI-01295,2025-04-28,Sanitarios y grifería,2,98457.93,Telefónico,Tarjeta de débito,Río Grande
TX-005145,CLI-00803,2025-04-28,Pinturas y revestimientos,2,42905.74,Web,Transferencia,Ushuaia
TX-005146,CLI-00218,2025-04-28,Plomería y caños,19,273035.81,Telefónico,Cuenta corriente,Río Grande
TX-005141,CLI-00556,2025-04-28,Electricidad e iluminación,6,97163.84,Web,Transferencia,Río Grande
TX-005148,CLI-00333,2025-04-28,Ferretería general,60,270274.89,Web,Tarjeta de débito,ushuaia
TX-005149,CLI-00038,2025-04-28,Electricidad e iluminación,3,45515.59,App,Transferencia,Río Grande
TX-005150,CLI-01044,2025-04-28,Electricidad e iluminación,2,40934.45,App,Cuenta corriente,Río Grande
TX-005151,CLI-01095,2025-04-28,Sanitarios y grifería,5,188621.87,Web,Transferencia,Río Grande
TX-005147,CLI-00759,2025-04-28,Herramientas manuales,8,227429.47,App,Cuenta corriente,ushuaia
TX-005182,CLI-01148,2025-04-29,Pisos y cerámicos,2,44293.4,Web,Transferencia,Ushuaia
TX-005189,CLI-00794,2025-04-29,Electricidad e iluminación,10,155011.79,Web,Transferencia,Río Grande
TX-005188,CLI-00988,2025-04-29,Pisos y cerámicos,11,174486.97,App,Tarjeta de crédito,Río Grande
TX-005187,CLI-00509,2025-04-29,Cemento y áridos,6,61083.33,Web,Transferencia,Río Grande
TX-005186,CLI-00823,2025-04-29,,10,123668.5,Web,Tarjeta de débito,Rio Grande
TX-005185,CLI-00808,2025-04-29,Cemento y áridos,31,252636.8,Web,Tarjeta de crédito,Río Grande
TX-005180,CLI-01084,2025-04-29,Cemento y áridos,81,2791497.99,Web,Tarjeta de crédito,Ushuaia
TX-005184,CLI-01044,2025-04-29,Electricidad e iluminación,2,45693.41,Web,Transferencia,Río Grande
TX-005176,CLI-00923,2025-04-29,Herramientas manuales,2,38357.69,Web,Transferencia,Río Grande
TX-005175,CLI-01114,2025-04-29,Pisos y cerámicos,5,105406.2,Web,Transferencia,Ushuaia
TX-005174,CLI-00026,2025-04-29,Electricidad e iluminación,2,19427.89,App,Tarjeta de débito,Río Grande
TX-005173,CLI-00654,2025-04-29,Herramientas manuales,3,35676.29,Web,Tarjeta de débito,Ushuaia
TX-005172,CLI-00866,2025-04-29,Plomería y caños,10,78863.9,Web,transf.,Ushuaia
TX-005170,CLI-00666,2025-04-29,Herramientas manuales,7,123285.55,Web,Tarjeta de débito,Río Grande
TX-005168,CLI-00125,2025-04-29,Cemento y áridos,12,152906.25,Web,Tarjeta de crédito,Ushuaia
TX-005167,CLI-00273,2025-04-29,Pinturas y revestimientos,16,843500.21,Telefónico,Efectivo en sucursal,Río Grande
TX-005166,CLI-00175,2025-04-29,Herramientas manuales,2,34330.22,App,Transferencia,Río Grande
TX-005177,CLI-00527,2025-04-29,Electricidad e iluminación,2,21445.91,Web,Tarjeta de crédito,Ushuaia
TX-005211,CLI-00770,2025-04-30,Aberturas,11,1367212.2,Web,Transferencia,Ushuaia
TX-005212,CLI-00090,2025-04-30,Sanitarios y grifería,8,785810.89,Telefónico,Tarjeta de crédito,Río Grande
TX-005215,CLI-00367,2025-04-30,Pisos y cerámicos,22,265813.14,Web,Transferencia,Ushuaia
TX-005216,CLI-00300,2025-04-30,Cemento y áridos,27,928189.36,App,Tarjeta de crédito,Ushuaia
TX-005217,CLI-00932,2025-04-30,Pisos y cerámicos,6,169924.45,Web,Transferencia,Río Grande
TX-005218,CLI-00617,2025-04-30,Ferretería general,3,11514.63,Web,Transferencia,Río Grande 
TX-005224,CLI-00696,2025-04-30,Pinturas y revestimientos,10,222667.86,Telefónico,Tarjeta de débito,Río Grande
TX-005221,CLI-01197,2025-04-30,Sanitarios y grifería,5,269590.86,Web,Tarjeta de débito,Río Grande
TX-005222,CLI-00615,2025-04-30,Cemento y áridos,15,167812.2,Web,Cuenta corriente,Río Grande
TX-005223,CLI-00226,2025-04-30,Pisos y cerámicos,15,213675.41,App,Tarjeta de débito,Río Grande
TX-005225,CLI-00437,2025-04-30,Pisos y cerámicos,9,,Telefónico,Transferencia,Ushuaia
TX-005210,CLI-00800,2025-04-30,Herramientas manuales,2,38137.81,Web,Transferencia,Río Grande
TX-005220,CLI-00128,2025-04-30,Cemento y áridos,25,466317.73,Telefónico,Transferencia,Rio Grande
TX-005209,CLI-01112,2025-04-30,Herramientas manuales,2,34582.22,App,Efectivo en sucursal,Ushuaia
TX-005213,CLI-00723,2025-04-30,Electricidad e iluminación,2,21682.59,App,Efectivo en sucursal,Río Grande
TX-005206,CLI-00289,2025-04-30,Cemento y áridos,19,500794.24,App,Cuenta corriente,Río Grande
TX-005191,CLI-00883,2025-04-30,Plomería y caños,2,48670.16,Web,Transferencia,Río Grande 
TX-005192,CLI-00071,2025-04-30,Plomería y caños,8,-45936.52,App,Tarjeta de crédito,Río Grande
TX-005207,CLI-01257,2025-04-30,Herramientas manuales,6,109105.08,Telefónico,Transferencia,Ushuaia
TX-005193,CLI-01164,2025-04-30,Herramientas manuales,3,51482.02,Web,Tarjeta de débito,Río Grande
TX-005194,CLI-00304,2025-04-30,Electricidad e iluminación,6,150119.33,Telefónico,Transferencia,Ushuaia
TX-005195,CLI-00404,2025-04-30,Ferretería general,6,20107.37,App,Tarjeta de crédito,Río Grande
TX-005196,CLI-00841,2025-04-30,Herramientas manuales,1,32199.64,Web,Cuenta corriente,Ushuaia
TX-005197,CLI-00292,2025-04-30,Plomería y caños,5,59870.86,Web,Tarjeta de débito,USHUAIA
TX-005199,CLI-00718,2025-04-30,Ferretería general,10,29092.24,Web,Transferencia,Río Grande
TX-005200,CLI-01017,2025-04-30,Pinturas y revestimientos,5,235710.61,App,Cuenta corriente,Río Grande
TX-005201,CLI-01056,2025-04-30,Electricidad e iluminación,14,159065.71,Web,Tarjeta de crédito,Tolhuin
TX-005202,CLI-00280,2025-04-30,Ferretería general,3,10932.09,Telefónico,Tarjeta de crédito,Río Grande
TX-005190,CLI-00308,2025-04-30,Herramientas eléctricas,1,127154.12,App,Efectivo en sucursal,Río Grande
TX-005203,CLI-00321,2025-04-30,Herramientas manuales,6,290803.36,Telefónico,Transferencia,Ushuaia
TX-005205,CLI-01039,2025-04-30,Ferretería general,5,19258.93,Web,Tarjeta de crédito,Ushuaia
TX-005198,CLI-00713,2025-04-30,Ferretería general,3,16592.19,Web,Transferencia,Ushuaia
TX-005236,CLI-00423,2025-05-01,Ferretería general,1,3684.72,Telefónico,Efectivo en sucursal,Río Grande
TX-005237,CLI-00008,2025-05-01,Sanitarios y grifería,2,114425.54,App,Tarjeta de débito,Río Grande
TX-005235,CLI-00856,2025-05-01,Pisos y cerámicos,18,,App,Cuenta corriente,Ushuaia
TX-005228,CLI-00762,2025-05-01,Ferretería general,9,36373.5,Web,Tarjeta de crédito,Río Grande
TX-005232,CLI-00818,2025-05-01,Ferretería general,2,5726.66,Web,Tarjeta de crédito,Ushuaia
TX-005231,CLI-00903,2025-05-01,Pinturas y revestimientos,5,119610.92,Web,Tarjeta de débito,Ushuaia
TX-005229,CLI-00392,2025-05-01,Pinturas y revestimientos,6,270992.15,App,Cuenta corriente,Río Grande
TX-005227,CLI-00743,2025-05-01,Herramientas eléctricas,2,291911.81,Web,Tarjeta de crédito,Río Grande
TX-005234,CLI-01114,2025-05-01,Herramientas manuales,7,138341.92,Web,Tarjeta de crédito,Ushuaia
TX-005251,CLI-00267,2025-05-02,Plomería y caños,7,60648.69,Web,Transferencia,Ushuaia
TX-005256,CLI-00169,2025-05-02,Herramientas manuales,10,134297.34,App,Tarjeta de crédito,Ushuaia
TX-005255,CLI-00444,2025-05-02,Seguridad e indumentaria,5,303679.93,App,Cuenta corriente,Ushuaia
TX-005254,CLI-00276,2025-05-02,Herramientas manuales,1,29082.5,Telefónico,Cuenta corriente,Ushuaia
TX-005253,CLI-01138,2025-05-02,Ferretería general,5,18504.96,Web,Transferencia,Río Grande
TX-005250,CLI-00321,2025-05-02,Ferretería general,8,88116.39,Telefónico,Transferencia,Ushuaia
TX-005257,CLI-00089,2025-05-02,Ferretería general,5,20368.37,Telefónico,Transferencia,Río Grande
TX-005248,CLI-00289,2025-05-02,Sanitarios y grifería,4,340316.35,App,Tarjeta de crédito,Río Grande
TX-005247,CLI-00249,2025-05-02,Ferretería general,7,41315.01,Telefónico,Transferencia,Río Grande
TX-005245,CLI-00345,2025-05-02,Herramientas manuales,4,126007.6,App,T. débito,Río Grande
TX-005243,CLI-00585,2025-05-02,Plomería y caños,7,72645.41,Web,Transferencia,Ushuaia
TX-005241,CLI-01013,2025-05-02,Ferretería general,6,56037.12,App,Cuenta corriente,Ushuaia
TX-005238,CLI-00551,2025-05-02,Cemento y áridos,47,1447685.96,Web,Transferencia,Ushuaia
TX-005249,CLI-00954,2025-05-02,Ferretería general,4,13787.46,Web,Tarjeta de crédito,Río Grande
TX-005240,CLI-00273,2025-05-02,Cemento y áridos,18,492978.31,Telefónico,Cuenta corriente,Río Grande
TX-005239,CLI-00194,2025-05-02,Herramientas manuales,5,180382.46,Telefónico,Tarjeta de débito,Rio Grande
TX-005258,CLI-01044,2025-05-03,Cemento y áridos,78,1535281.59,Telefónico,Cuenta corriente,río grande
TX-005259,CLI-00883,2025-05-03,Electricidad e iluminación,4,157543.92,Telefónico,Transferencia,Río Grande 
TX-005260,CLI-00411,2025-05-03,Herramientas manuales,4,58458.24,App,Tarjeta de crédito,Río Grande
TX-005261,CLI-00723,2025-05-03,Pinturas y revestimientos,1,27018.8,Web,Tarjeta de crédito,Río Grande
TX-005262,CLI-00883,2025-05-03,Plomería y caños,11,313491.14,App,Transferencia,Río Grande
TX-005270,CLI-00355,2025-05-04,Pinturas y revestimientos,3,105291.02,Web,Transferencia,RÍO GRANDE
TX-005265,CLI-00498,2025-05-04,Sanitarios y grifería,5,344543.47,App,Cuenta corriente,Río Grande
TX-005266,CLI-01017,2025-05-04,Maderas y tableros,5,316903.61,Telefónico,Transferencia,Río Grande
TX-005264,CLI-01077,2025-05-04,Sanitarios y grifería,2,106744.44,Web,Transferencia,Ushuaia
TX-005269,CLI-01217,2025-05-04,Ferretería general,32,206576.29,Telefónico,Transferencia,Ushuaia
TX-005285,CLI-01024,2025-05-05,Pinturas y revestimientos,6,158236.82,App,Tarjeta de crédito,
TX-005291,CLI-00102,2025-05-05,Seguridad e indumentaria,1,27317.83,App,Tarjeta de débito,ushuaia
TX-005290,CLI-01347,2025-05-05,Pinturas y revestimientos,5,443412.77,App,Cuenta corriente,Río Grande
TX-005289,CLI-00553,2025-05-05,Ferretería general,26,152204.21,Web,Cuenta corriente,Río Grande
TX-005287,CLI-00911,2025-05-05,Herramientas manuales,2,35906.36,Web,T. débito,Río Grande
TX-005286,CLI-01072,2025-05-05,Cemento y áridos,32,349446.2,Web,Transferencia,Río Grande
TX-005284,CLI-00450,2025-05-05,Aberturas,8,1838376.19,Web,Cuenta corriente,Ushuaia
TX-005279,CLI-00063,2025-05-05,Herramientas manuales,3,75809.28,App,Transferencia,Ushuaia
TX-005282,CLI-00112,2025-05-05,Pinturas y revestimientos,5,403545.26,Telefónico,Cuenta corriente,Río Grande
TX-005283,CLI-00108,2025-05-05,Pisos y cerámicos,26,371112.41,Web,Transferencia,Río Grande
TX-005272,CLI-00621,2025-05-05,Cemento y áridos,19,534546.34,Web,Transferencia,Río Grande
TX-005274,CLI-01017,2025-05-05,Maderas y tableros,17,889125.01,Web,Cuenta corriente,Río Grande
TX-005275,CLI-00300,2025-05-05,Sanitarios y grifería,8,1297874.04,Telefónico,Cuenta corriente,USHUAIA
TX-005271,CLI-01187,2025-05-05,Herramientas eléctricas,2,329877.32,Web,Cuenta corriente,Ushuaia
TX-005278,CLI-01095,2025-05-05,Pisos y cerámicos,10,177415.43,Web,Transferencia,Río Grande
TX-005280,CLI-00360,2025-05-05,Seguridad e indumentaria,7,417274.89,Telefónico,Tarjeta de débito,río grande
TX-005281,CLI-00992,2025-05-05,Electricidad e iluminación,4,83054.56,App,Cuenta corriente,Río Grande
TX-005276,CLI-00327,2025-05-05,Electricidad e iluminación,1,11784.13,Web,Tarjeta de débito,Río Grande
TX-005307,CLI-00351,2025-05-06,Electricidad e iluminación,6,166526.3,Telefónico,Cuenta corriente,Río Grande 
TX-005313,CLI-00078,2025-05-06,Sanitarios y grifería,2,181665.93,Telefónico,Tarjeta de crédito,Ushuaia
TX-005312,CLI-01168,2025-05-06,Herramientas manuales,1,12485.48,App,Tarjeta de crédito,Ushuaia
TX-005311,CLI-01059,2025-05-06,Ferretería general,9,87959.19,App,Cuenta corriente,Ushuaia
TX-005310,CLI-00333,2025-05-06,Pinturas y revestimientos,2,70608.71,Web,Tarjeta de débito,Ushuaia 
TX-005309,CLI-00596,2025-05-06,Pisos y cerámicos,31,899215.99,App,Tarjeta de crédito,Río Grande
TX-005308,CLI-00094,2025-05-06,Maderas y tableros,6,95186.21,Web,Tarjeta de débito,Río Grande
TX-005306,CLI-00646,2025-05-06,Herramientas manuales,2,35826.16,Web,Tarjeta de crédito,Ushuaia
TX-005302,CLI-00932,2025-05-06,Maderas y tableros,5,188372.1,App,Transferencia,río grande
TX-005303,CLI-00085,2025-05-06,Cemento y áridos,12,102878.55,Web,Tarjeta de crédito,Río Grande
TX-005292,CLI-00941,2025-05-06,Plomería y caños,7,44936.17,Web,Transferencia,Ushuaia
TX-005301,CLI-00267,2025-05-06,Pinturas y revestimientos,1,,Web,Tarjeta de débito,Ushuaia
TX-005300,CLI-01174,2025-05-06,Ferretería general,4,48674.73,App,Transferencia,río grande
TX-005299,CLI-01243,2025-05-06,Ferretería general,53,364095.12,Web,Cuenta corriente,Río Grande
TX-005298,CLI-00596,2025-05-06,Plomería y caños,7,112331.67,Telefónico,Cuenta corriente,río grande
TX-005296,CLI-00431,2025-05-06,Ferretería general,4,12964.45,App,Tarjeta de crédito,río grande
TX-005295,CLI-00009,2025-05-06,Maderas y tableros,20,586509.95,App,Cuenta corriente,Tolhuin
TX-005293,CLI-01310,2025-05-06,Herramientas manuales,11,497112.79,Telefónico,Cuenta corriente,Río Grande
TX-005294,CLI-00842,2025-05-06,Pisos y cerámicos,13,381867.47,App,Cuenta corriente,Rio Grande
TX-005304,CLI-00689,2025-05-06,Cemento y áridos,44,706005.48,Telefónico,Cuenta corriente,Río Grande
TX-005330,CLI-00482,2025-05-07,Herramientas manuales,2,59717.11,App,,Río Grande
TX-005327,CLI-00560,2025-05-07,Maderas y tableros,17,629591.21,Web,Cuenta corriente,Río Grande
TX-005326,CLI-01327,2025-05-07,Sanitarios y grifería,2,129940.64,App,Efectivo en sucursal,Ushuaia
TX-005325,CLI-00500,2025-05-07,Pisos y cerámicos,9,284401.63,App,Tarjeta de crédito,Ushuaia
TX-005321,CLI-00376,2025-05-07,Cemento y áridos,29,562007.43,App,Transferencia,Ushuaia
TX-005323,CLI-00357,2025-05-07,Maderas y tableros,3,192442.99,Telefónico,Cuenta corriente,Ushuaia
TX-005319,CLI-00524,2025-05-07,Pinturas y revestimientos,9,188885.67,App,Transferencia,Rio Grande
TX-005318,CLI-00326,2025-05-07,Pinturas y revestimientos,2,39752.14,Web,Transferencia,Río Grande
TX-005317,CLI-00720,2025-05-07,Herramientas eléctricas,5,949741.14,Web,Transferencia,Río Grande
TX-005315,CLI-01146,2025-05-07,Cemento y áridos,25,557800.79,Telefónico,Cuenta corriente,Río Grande
TX-005314,CLI-00828,2025-05-07,Maderas y tableros,15,617107.65,Telefónico,Cuenta corriente,Ushuaia
TX-005324,CLI-00094,2025-05-07,Electricidad e iluminación,7,77043.63,Web,Tarjeta de débito,Río Grande
TX-005340,CLI-00028,2025-05-08,Aberturas,3,484049.02,Telefónico,,Ushuaia
TX-005344,CLI-00814,2025-05-08,Sanitarios y grifería,3,181976.29,Web,Efectivo en sucursal,Ushuaia
TX-005342,CLI-00828,2025-05-08,Ferretería general,4,26913.07,Telefónico,Transferencia,Ushuaia
TX-005341,CLI-00755,2025-05-08,Pinturas y revestimientos,2,48315.43,Telefónico,Tarjeta de crédito,Tolhuin
TX-005339,CLI-00348,2025-05-08,Plomería y caños,11,160276.93,Web,Cuenta corriente,Tolhuin
TX-005331,CLI-01212,2025-05-08,Ferretería general,2,7784.24,Web,Tarjeta de débito,Río Grande
TX-005337,CLI-00386,2025-05-08,Plomería y caños,6,76697.99,Web,Transferencia,Río Grande
TX-005336,CLI-01053,2025-05-08,Pisos y cerámicos,27,624766.69,Web,Tarjeta de débito,Río Grande
TX-005335,CLI-00732,2025-05-08,Ferretería general,2,12517.51,Web,Tarjeta de crédito,Río Grande
TX-005334,CLI-01083,2025-05-08,Electricidad e iluminación,3,32826.36,Web,Tarjeta de crédito,Río Grande
TX-005333,CLI-00701,2025-05-08,Ferretería general,21,288112.44,Telefónico,Cuenta corriente,Río Grande
TX-005332,CLI-00701,2025-05-08,Ferretería general,25,322339.11,App,Transferencia,Río Grande
TX-005338,CLI-00775,2025-05-08,Cemento y áridos,20,143161.45,Web,Tarjeta de débito,Ushuaia
TX-005364,CLI-00598,2025-05-09,Maderas y tableros,9,398402.97,Telefónico,Tarjeta de débito,Ushuaia
TX-005363,CLI-00813,2025-05-09,Aberturas,3,1306381.95,Telefónico,Cuenta corriente,Río Grande
TX-005358,CLI-00759,2025-05-09,Cemento y áridos,17,-322997.72,App,Cuenta corriente,Ushuaia
TX-005361,CLI-00344,2025-05-09,Ferretería general,6,29807.79,Telefónico,Cuenta corriente,Río Grande 
TX-005359,CLI-00524,2025-05-09,Pinturas y revestimientos,4,80456.54,Web,Tarjeta de crédito,Río Grande
TX-005357,CLI-01239,2025-05-09,Pisos y cerámicos,21,666746.41,Telefónico,Cuenta corriente,Río Grande
TX-005349,CLI-00466,2025-05-09,Ferretería general,4,12170.03,Web,Transferencia,ushuaia
TX-005353,CLI-00326,2025-05-09,Maderas y tableros,2,43555.11,Web,Transferencia,Río Grande
TX-005352,CLI-01222,2025-05-09,Plomería y caños,4,66486.47,Telefónico,Tarjeta de crédito,Ushuaia
TX-005350,CLI-01222,2025-05-09,Electricidad e iluminación,10,148347.63,Web,Cuenta corriente,Ushuaia
TX-005348,CLI-01165,2025-05-09,Herramientas eléctricas,3,1148944.17,Telefónico,Cuenta corriente,Ushuaia
TX-005347,CLI-00993,2025-05-09,Seguridad e indumentaria,2,124568.35,Telefónico,Transferencia,Río Grande
TX-005345,CLI-00322,2025-05-09,Sanitarios y grifería,5,396725.54,App,transf.,Río Grande
TX-005346,CLI-00066,2025-05-09,Ferretería general,47,392048.57,Web,Cuenta corriente,río grande
TX-005354,CLI-00308,2025-05-09,Plomería y caños,2,11601.26,Web,Tarjeta de crédito,Río Grande
TX-005375,CLI-01119,2025-05-10,Pinturas y revestimientos,5,253490.65,Web,Tarjeta de crédito,Ushuaia 
TX-005374,CLI-00828,2025-05-10,Maderas y tableros,12,478214.27,Telefónico,Cuenta corriente,Ushuaia
TX-005373,CLI-01128,2025-05-10,Ferretería general,6,22988.36,App,Tarjeta de crédito,Río Grande
TX-005376,CLI-01212,2025-05-10,Herramientas manuales,2,29473.46,Web,Transferencia,Río Grande
TX-005370,CLI-01331,2025-05-10,Aberturas,2,269178.92,App,Efectivo en sucursal,Río Grande
TX-005369,CLI-01174,2025-05-10,Maderas y tableros,30,1534942.7,Telefónico,Cuenta corriente,Río Grande
TX-005368,CLI-01332,2025-05-10,Herramientas manuales,2,68214.16,Telefónico,Cuenta corriente,Ushuaia
TX-005367,CLI-01067,2025-05-10,Pinturas y revestimientos,9,221408.37,Web,Efectivo en sucursal,Tolhuin
TX-005365,CLI-01216,2025-05-10,Sanitarios y grifería,2,117330.77,Telefónico,Tarjeta de crédito,Ushuaia
TX-005366,CLI-00901,2025-05-10,Electricidad e iluminación,3,55471.87,Web,Tarjeta de débito,USHUAIA
TX-005371,CLI-00276,2025-05-10,Electricidad e iluminación,6,115215.9,Web,Cuenta corriente,Ushuaia
TX-005388,CLI-00333,2025-05-11,Ferretería general,5,23282.36,Telefónico,Efectivo en sucursal,Ushuaia
TX-005387,CLI-01294,2025-05-11,Pisos y cerámicos,9,115641.57,Web,Tarjeta de débito,Río Grande 
TX-005385,CLI-00897,2025-05-11,Ferretería general,8,31367.38,Telefónico,Efectivo en sucursal,Ushuaia
TX-005383,CLI-01265,2025-05-11,Ferretería general,9,76589.91,App,Cuenta corriente,Tolhuin
TX-005378,CLI-00494,2025-05-11,Pisos y cerámicos,4,78877.73,Web,Tarjeta de débito,Tolhuin
TX-005377,CLI-00481,2025-05-11,Maderas y tableros,22,596497.58,Telefónico,Tarjeta de débito,río grande
TX-005386,CLI-00300,2025-05-11,Herramientas manuales,5,239422.54,Web,Transferencia,Ushuaia
TX-005401,CLI-00486,2025-05-12,Aberturas,3,275306.4,Web,Tarjeta de débito,Ushuaia
TX-005405,CLI-00708,2025-05-12,Pisos y cerámicos,20,511226.96,Web,Cuenta corriente,Rio Grande
TX-005404,CLI-00993,2025-05-12,Pisos y cerámicos,17,651629.12,App,Cuenta corriente,Río Grande
TX-005403,CLI-00127,2025-05-12,Seguridad e indumentaria,3,81508.02,Web,Tarjeta de crédito,Ushuaia
TX-005402,CLI-00175,2025-05-12,Plomería y caños,3,19174.87,App,Tarjeta de débito,Río Grande
TX-005400,CLI-00068,2025-05-12,Maderas y tableros,6,347700.23,Telefónico,Efectivo en sucursal,Río Grande
TX-005406,CLI-00912,2025-05-12,Electricidad e iluminación,5,125287.59,App,Efectivo en sucursal,Tolhuin
TX-005398,CLI-00836,2025-05-12,Pinturas y revestimientos,5,163428.03,Web,Transferencia,Ushuaia
TX-005390,CLI-00860,2025-05-12,Pisos y cerámicos,5,216936.32,Telefónico,Cuenta corriente,Río Grande
TX-005391,CLI-01263,2025-05-12,Ferretería general,4,15752.12,Web,Tarjeta de crédito,ushuaia
TX-005392,CLI-01084,2025-05-12,Herramientas eléctricas,2,983128.86,Web,Cuenta corriente,Ushuaia
TX-005393,CLI-01126,2025-05-12,Sanitarios y grifería,2,63506.1,Web,Tarjeta de débito,Río Grande
TX-005399,CLI-00047,2025-05-12,Sanitarios y grifería,1,53111.48,Web,Transferencia,Ushuaia
TX-005395,CLI-00178,2025-05-12,Herramientas manuales,2,54318.13,App,Cuenta corriente,Ushuaia
TX-005396,CLI-01218,2025-05-12,Sanitarios y grifería,3,149562.9,App,Transferencia,Río Grande 
TX-005394,CLI-00145,2025-05-12,Sanitarios y grifería,1,42122.57,Web,Tarjeta de débito,Ushuaia
TX-005397,CLI-01172,2025-05-12,Ferretería general,12,58885.81,Web,Tarjeta de débito,Río Grande
TX-005432,CLI-00351,2025-05-13,Ferretería general,4,26812.15,Web,Cuenta corriente,Río Grande
TX-005431,CLI-00157,2025-05-13,Maderas y tableros,20,722015.73,Telefónico,Tarjeta de crédito,Ushuaia
TX-005429,CLI-00354,2025-05-13,Pinturas y revestimientos,1,33390.12,Web,Transferencia,Río Grande
TX-005428,CLI-00256,2025-05-13,Cemento y áridos,14,257731.12,App,Tarjeta de crédito,Río Grande
TX-005427,CLI-00289,2025-05-13,Plomería y caños,14,179935.88,Telefónico,Transferencia,Río Grande
TX-005426,CLI-00417,2025-05-13,Ferretería general,21,96033.95,Telefónico,Transferencia,Río Grande
TX-005424,CLI-00141,2025-05-13,Sanitarios y grifería,3,175588.79,App,Tarjeta de débito,Río Grande
TX-005423,CLI-01257,2025-05-13,Electricidad e iluminación,12,150176.55,Web,Tarjeta de crédito,Ushuaia
TX-005425,CLI-01347,2025-05-13,Cemento y áridos,12,393640.76,Web,Cuenta corriente,Río Grande
TX-005421,CLI-00586,2025-05-13,Sanitarios y grifería,9,292800.36,App,Tarjeta de débito,Río Grande
TX-005420,CLI-01063,2025-05-13,Herramientas manuales,4,66648.38,Web,Tarjeta de débito,Río Grande
TX-005419,CLI-01059,2025-05-13,Aberturas,3,823336.37,App,Cuenta corriente,Ushuaia
TX-005418,CLI-01056,2025-05-13,Aberturas,3,448176.23,Web,Tarjeta de débito,Tolhuin
TX-005417,CLI-00734,2025-05-13,Ferretería general,8,28628.0,App,Efectivo en sucursal,Río Grande
TX-005413,CLI-00935,2025-05-13,Pisos y cerámicos,55,4137677.16,App,Tarjeta de crédito,Río Grande
TX-005412,CLI-00609,2025-05-13,Pisos y cerámicos,10,104350.68,Telefónico,Tarjeta de crédito,Río Grande
TX-005411,CLI-00912,2025-05-13,Herramientas eléctricas,2,664610.2,App,,Tolhuin
TX-005410,CLI-00814,2025-05-13,Herramientas manuales,8,150673.25,Web,Tarjeta de débito,Ushuaia
TX-005408,CLI-01081,2025-05-13,Ferretería general,7,41150.13,Web,Cuenta corriente,Río Grande
TX-005422,CLI-01092,2025-05-13,Pinturas y revestimientos,7,306147.93,App,Cuenta corriente,Río Grande
TX-005445,CLI-00078,2025-05-14,Pisos y cerámicos,23,621858.13,Telefónico,Cuenta corriente,Ushuaia
TX-005449,CLI-00450,2025-05-14,Seguridad e indumentaria,8,466365.36,Telefónico,Cuenta corriente,Ushuaia
TX-005447,CLI-01092,2025-05-14,Herramientas manuales,2,47196.82,Web,Transferencia,Río Grande
TX-005446,CLI-00772,2025-05-14,Herramientas manuales,6,193789.77,Telefónico,Cuenta corriente,Río Grande
TX-005444,CLI-00993,2025-05-14,Aberturas,2,449087.06,Web,Cuenta corriente,RÍO GRANDE
TX-005448,CLI-00552,2025-05-14,Cemento y áridos,14,134288.8,Web,Transferencia,Río Grande
TX-005441,CLI-00158,2025-05-14,Electricidad e iluminación,1,10017.68,Web,Transferencia,Río Grande
TX-005439,CLI-00965,2025-05-14,Ferretería general,12,49592.79,Web,Tarjeta de crédito,Ushuaia
TX-005438,CLI-01184,2025-05-14,Ferretería general,5,24275.6,Web,Tarjeta de débito,Río Grande
TX-005437,CLI-00348,2025-05-14,Electricidad e iluminación,19,393917.57,Telefónico,Cuenta corriente,Tolhuin
TX-005436,CLI-00357,2025-05-14,Ferretería general,13,155087.36,App,Cuenta corriente,Ushuaia
TX-005435,CLI-01299,2025-05-14,Seguridad e indumentaria,21,1141811.5,Web,Cuenta corriente,Río Grande
TX-005433,CLI-01037,2025-05-14,Ferretería general,15,126834.08,Web,Transferencia,Ushuaia
TX-005434,CLI-00023,2025-05-14,Herramientas manuales,3,41092.11,Web,Transferencia,Río Grande
TX-005443,CLI-01017,2025-05-14,Herramientas eléctricas,2,799018.45,Web,Cuenta corriente,Río Grande
TX-005466,CLI-00067,2025-05-15,Electricidad e iluminación,2,25443.78,Web,Transferencia,Río Grande
TX-005465,CLI-00972,2025-05-15,Maderas y tableros,14,229378.44,Web,Tarjeta de débito,Ushuaia
TX-005464,CLI-01290,2025-05-15,Sanitarios y grifería,1,44151.24,App,Tarjeta de débito,Río Grande
TX-005463,CLI-00068,2025-05-15,Plomería y caños,10,254454.76,App,Tarjeta de crédito,Río Grande
TX-005462,CLI-01298,2025-05-15,Sanitarios y grifería,1,36318.65,Web,Transferencia,Ushuaia
TX-005461,CLI-01138,2025-05-15,Cemento y áridos,18,162187.85,App,Transferencia,Río Grande
TX-005467,CLI-00126,2025-05-15,Ferretería general,3,10838.12,Web,Tarjeta de débito,Ushuaia 
TX-005459,CLI-00067,2025-05-15,Maderas y tableros,5,81200.02,App,Transferencia,Río Grande
TX-005450,CLI-00930,2025-05-15,Electricidad e iluminación,8,192127.46,Telefónico,Transferencia,Río Grande
TX-005460,CLI-01035,2025-05-15,Cemento y áridos,31,289054.0,Web,Tarjeta de crédito,Río Grande
TX-005452,CLI-00652,2025-05-15,Cemento y áridos,23,279514.12,App,Efectivo en sucursal,río grande
TX-005453,CLI-00450,2025-05-15,Pinturas y revestimientos,4,194373.32,Web,Cuenta corriente,Ushuaia
TX-005451,CLI-00194,2025-05-15,Sanitarios y grifería,4,709575.81,Web,Transferencia,Río Grande
TX-005456,CLI-00041,2025-05-15,Herramientas eléctricas,2,306987.74,Web,Tarjeta de débito,Tolhuin
TX-005458,CLI-00993,2025-05-15,Electricidad e iluminación,14,255931.9,App,Transferencia,Río Grande
TX-005455,CLI-00988,2025-05-15,Herramientas manuales,2,39664.97,Web,Tarjeta de débito,río grande
TX-005457,CLI-01076,2025-05-15,Herramientas manuales,4,60042.14,Web,Tarjeta de débito,Ushuaia
TX-005482,CLI-00957,2025-05-16,Plomería y caños,13,120754.01,App,Transferencia,Río Grande
TX-005481,CLI-00524,2025-05-16,Ferretería general,5,15437.41,App,Tarjeta de crédito,Río Grande
TX-005479,CLI-01154,2025-05-16,Seguridad e indumentaria,2,56373.89,App,Tarjeta de crédito,Río Grande
TX-005477,CLI-01172,2025-05-16,Electricidad e iluminación,7,74478.29,Web,Transferencia,Río Grande
TX-005480,CLI-00376,2025-05-16,Plomería y caños,2,35358.98,App,Cuenta corriente,Ushuaia
TX-005474,CLI-00305,2025-05-16,Seguridad e indumentaria,5,358136.17,App,Cuenta corriente,río grande
TX-005472,CLI-00032,2025-05-16,Herramientas manuales,1,17835.0,Web,Tarjeta de débito,RÍO GRANDE
TX-005471,CLI-00611,2025-05-16,Pinturas y revestimientos,1,20546.58,App,Tarjeta de crédito,USHUAIA
TX-005470,CLI-00732,2025-05-16,Ferretería general,5,20822.86,App,Efectivo en sucursal,Río Grande
TX-005469,CLI-00560,2025-05-16,Cemento y áridos,11,194156.65,Web,Cuenta corriente,Río Grande
TX-005468,CLI-00868,2025-05-16,Sanitarios y grifería,3,152329.19,Web,Tarjeta de débito,ushuaia
TX-005475,CLI-00321,2025-05-16,Plomería y caños,4,87441.61,Telefónico,Cuenta corriente,Ushuaia
TX-005476,CLI-00851,2025-05-16,Electricidad e iluminación,3,34516.44,Web,T. crédito,Río Grande
TX-005483,CLI-00273,2025-05-17,Seguridad e indumentaria,8,431798.41,Web,Cuenta corriente,RÍO GRANDE
TX-005484,CLI-00178,2025-05-17,Ferretería general,8,53389.61,App,Cuenta corriente,Ushuaia 
TX-005485,CLI-00422,2025-05-17,Sanitarios y grifería,3,105599.94,Telefónico,Tarjeta de débito,Río Grande
TX-005487,CLI-00300,2025-05-17,Maderas y tableros,13,872301.87,Telefónico,Transferencia,Ushuaia
TX-005488,CLI-00348,2025-05-17,Maderas y tableros,4,159960.88,Telefónico,Cuenta corriente,Tolhuin
TX-005489,CLI-00565,2025-05-17,Ferretería general,3,10147.97,Web,Transferencia,Río Grande
TX-005490,CLI-00049,2025-05-17,Herramientas manuales,3,39908.09,Web,Tarjeta de crédito,Río Grande
TX-005497,CLI-00740,2025-05-18,Herramientas eléctricas,1,204921.31,App,Efectivo en sucursal,río grande
TX-005495,CLI-00498,2025-05-18,Cemento y áridos,10,145967.91,App,Transferencia,Río Grande
TX-005496,CLI-00911,2025-05-18,Cemento y áridos,9,95222.48,Web,Tarjeta de crédito,Río Grande
TX-005491,CLI-01116,2025-05-18,Herramientas manuales,3,60725.42,Web,Cuenta corriente,Ushuaia
TX-005493,CLI-00883,2025-05-18,Pisos y cerámicos,6,436780.75,Telefónico,Transferencia,Río Grande
TX-005501,CLI-00408,2025-05-19,Herramientas manuales,5,91526.57,Web,Tarjeta de débito,Tolhuin
TX-005521,CLI-00453,2025-05-19,Electricidad e iluminación,2,42836.83,Telefónico,Tarjeta de débito,río grande
TX-005520,CLI-00453,2025-05-19,Plomería y caños,39,575895.52,Telefónico,Transferencia,Río Grande
TX-005519,CLI-01294,2025-05-19,Plomería y caños,10,67499.76,Web,Tarjeta de débito,Río Grande
TX-005516,CLI-01276,2025-05-19,Pinturas y revestimientos,5,167542.1,App,Efectivo en sucursal,Ushuaia
TX-005515,CLI-01337,2025-05-19,Electricidad e iluminación,5,54568.08,App,Tarjeta de débito,Río Grande
TX-005514,CLI-00836,2025-05-19,Pisos y cerámicos,4,79383.7,App,Tarjeta de crédito,ushuaia
TX-005518,CLI-00249,2025-05-19,Aberturas,2,469801.77,Telefónico,Cuenta corriente,RÍO GRANDE
TX-005511,CLI-01299,2025-05-19,Plomería y caños,2,31677.91,Web,Transferencia,Río Grande
TX-005500,CLI-00651,2025-05-19,Ferretería general,3,7942.46,Web,Tarjeta de débito,Ushuaia
TX-005512,CLI-01008,2025-05-19,Ferretería general,12,43184.26,Web,Tarjeta de crédito,Ushuaia
TX-005502,CLI-01081,2025-05-19,Herramientas eléctricas,6,1617624.36,App,Transferencia,Rio Grande
TX-005504,CLI-00716,2025-05-19,Herramientas manuales,1,19295.72,App,Tarjeta de débito,Río Grande
TX-005505,CLI-00992,2025-05-19,Cemento y áridos,101,1871857.66,Web,Transferencia,Río Grande
TX-005501,CLI-00408,2025-05-19,Herramientas manuales,5,91526.57,Web,Tarjeta de débito,Tolhuin
TX-005508,CLI-00932,2025-05-19,Seguridad e indumentaria,7,538535.48,Telefónico,Transferencia,Rio Grande
TX-005509,CLI-01263,2025-05-19,Herramientas manuales,2,27960.57,Web,Tarjeta de débito,Ushuaia
TX-005510,CLI-00959,2025-05-19,Plomería y caños,1,12670.92,Web,Tarjeta de débito,Ushuaia
TX-005507,CLI-00180,2025-05-19,Electricidad e iluminación,6,64303.68,Web,Tarjeta de crédito,Río Grande
TX-005540,CLI-00283,2025-05-20,Ferretería general,12,44522.32,Web,Transferencia,Ushuaia
TX-005549,CLI-00360,2025-05-20,Sanitarios y grifería,6,554099.09,Telefónico,Cuenta corriente,Río Grande
TX-005547,CLI-00394,2025-05-20,Ferretería general,6,35184.48,App,Cuenta corriente,Ushuaia
TX-005546,CLI-00360,2025-05-20,Seguridad e indumentaria,6,323936.26,Telefónico,Transferencia,Río Grande
TX-005545,CLI-01243,2025-05-20,Electricidad e iluminación,2,36222.03,Telefónico,Transferencia,Río Grande
TX-005544,CLI-00023,2025-05-20,Pinturas y revestimientos,2,43015.32,App,Tarjeta de crédito,Río Grande
TX-005543,CLI-00706,2025-05-20,Electricidad e iluminación,12,107470.35,Telefónico,Efectivo en sucursal,Río Grande
TX-005542,CLI-01333,2025-05-20,Herramientas eléctricas,4,679050.84,App,Cuenta corriente,Ushuaia
TX-005539,CLI-00596,2025-05-20,Ferretería general,15,101746.09,Web,Transferencia,RÍO GRANDE
TX-005529,CLI-00285,2025-05-20,Sanitarios y grifería,3,179876.37,Web,Transferencia,Ushuaia
TX-005536,CLI-00828,2025-05-20,Pisos y cerámicos,7,202966.44,Telefónico,Transferencia,USHUAIA
TX-005522,CLI-01308,2025-05-20,Herramientas eléctricas,2,408698.61,Web,Tarjeta de débito,Tolhuin
TX-005523,CLI-00895,2025-05-20,Ferretería general,5,19591.35,App,Tarjeta de débito,Ushuaia
TX-005524,CLI-01019,2025-05-20,Herramientas manuales,6,104708.9,Telefónico,Tarjeta de crédito,Río Grande
TX-005525,CLI-00112,2025-05-20,Maderas y tableros,13,662704.57,Telefónico,Cuenta corriente,Río Grande
TX-005537,CLI-00627,2025-05-20,Plomería y caños,14,182704.07,Web,Cuenta corriente,Ushuaia
TX-005528,CLI-00856,2025-05-20,Electricidad e iluminación,2,53908.82,App,Transferencia,Ushuaia
TX-005526,CLI-01034,2025-05-20,Herramientas manuales,1,18064.24,App,Transferencia,Ushuaia
TX-005530,CLI-00912,2025-05-20,Plomería y caños,21,447777.27,App,Cuenta corriente,Tolhuin
TX-005531,CLI-00335,2025-05-20,Herramientas manuales,2,24889.27,Web,Tarjeta de débito,Ushuaia
TX-005532,CLI-00696,2025-05-20,Plomería y caños,3,31493.1,Web,Transferencia,Río Grande
TX-005533,CLI-00992,2025-05-20,Pinturas y revestimientos,9,458096.92,Telefónico,Cuenta corriente,Río Grande
TX-005534,CLI-00701,2025-05-20,Pinturas y revestimientos,7,560269.42,Web,Cuenta corriente,Río Grande
TX-005564,CLI-00090,2025-05-21,Pinturas y revestimientos,4,171951.81,App,Cuenta corriente,Río Grande
TX-005562,CLI-01053,2025-05-21,Ferretería general,21,168725.64,Web,Transferencia,Río Grande
TX-005561,CLI-00304,2025-05-21,Cemento y áridos,17,226097.75,App,Cuenta corriente,Ushuaia
TX-005560,CLI-01337,2025-05-21,Pinturas y revestimientos,7,187469.46,Web,Tarjeta de débito,Río Grande
TX-005559,CLI-00994,2025-05-21,Herramientas manuales,3,43717.46,App,Tarjeta de débito,Río Grande
TX-005550,CLI-00420,2025-05-21,Plomería y caños,2,18920.38,Web,Transferencia,Ushuaia
TX-005557,CLI-00065,2025-05-21,Seguridad e indumentaria,1,25288.76,Web,Tarjeta de crédito,Ushuaia
TX-005556,CLI-00358,2025-05-21,Maderas y tableros,7,206497.91,App,Transferencia,Ushuaia
TX-005555,CLI-00387,2025-05-21,Seguridad e indumentaria,7,198164.46,Web,Transferencia,Río Grande 
TX-005554,CLI-00357,2025-05-21,Ferretería general,105,1763353.33,App,Cuenta corriente,Ushuaia
TX-005551,CLI-00226,2025-05-21,Ferretería general,12,47511.05,App,Cuenta corriente,Río Grande
TX-005552,CLI-00551,2025-05-21,Aberturas,2,565868.0,App,Cuenta corriente,ushuaia
TX-005553,CLI-01029,2025-05-21,Cemento y áridos,18,211466.95,Web,Tarjeta de crédito,Río Grande
TX-005558,CLI-00081,2025-05-21,Cemento y áridos,27,315820.85,App,Tarjeta de débito,Tolhuin
TX-005588,CLI-00356,2025-05-22,Electricidad e iluminación,5,146181.49,Web,Tarjeta de crédito,Río Grande
TX-005586,CLI-00170,2025-05-22,Ferretería general,2,8852.35,Web,Tarjeta de débito,Ushuaia
TX-005585,CLI-00992,2025-05-22,Pisos y cerámicos,10,311418.83,Web,,Río Grande
TX-005584,CLI-00287,2025-05-22,Pisos y cerámicos,5,57491.9,Web,Tarjeta de crédito,Ushuaia 
TX-005583,CLI-00126,2025-05-22,Pisos y cerámicos,12,163012.94,Web,Transferencia,Ushuaia
TX-005582,CLI-01278,2025-05-22,Pinturas y revestimientos,3,54927.59,Web,Tarjeta de crédito,Río Grande
TX-005581,CLI-01014,2025-05-22,Aberturas,9,1625320.77,Web,Tarjeta de crédito,Río Grande
TX-005580,CLI-00669,2025-05-22,Maderas y tableros,5,78261.0,App,Transferencia,Tolhuin 
TX-005579,CLI-00502,2025-05-22,Seguridad e indumentaria,7,219563.22,Web,Tarjeta de crédito,Ushuaia
TX-005577,CLI-00566,2025-05-22,Ferretería general,20,82512.66,Web,Tarjeta de débito,Río Grande
TX-005576,CLI-00050,2025-05-22,Seguridad e indumentaria,2,64576.45,Web,Transferencia,Ushuaia
TX-005575,CLI-00298,2025-05-22,Maderas y tableros,11,246991.13,App,Tarjeta de crédito,Río Grande
TX-005574,CLI-00176,2025-05-22,Cemento y áridos,12,101973.8,Web,Transferencia,Río Grande
TX-005573,CLI-00979,2025-05-22,Aberturas,1,113718.24,App,Tarjeta de débito,Río Grande
TX-005572,CLI-00302,2025-05-22,Ferretería general,5,22298.66,App,Transferencia,Río Grande 
TX-005570,CLI-00812,2025-05-22,Electricidad e iluminación,2,26011.56,Web,Transferencia,Ushuaia
TX-005569,CLI-00850,2025-05-22,Electricidad e iluminación,3,66103.28,App,Cuenta corriente,Río Grande
TX-005568,CLI-00068,2025-05-22,Maderas y tableros,7,416846.21,Telefónico,Transferencia,Río Grande
TX-005567,CLI-01091,2025-05-22,Sanitarios y grifería,3,148659.61,App,Tarjeta de crédito,Río Grande
TX-005566,CLI-00300,2025-05-22,Maderas y tableros,68,4282520.82,App,Cuenta corriente,Ushuaia
TX-005578,CLI-00892,2025-05-22,Ferretería general,13,62085.76,Web,T. crédito,Tolhuin
TX-005600,CLI-00992,2025-05-23,Sanitarios y grifería,7,596978.35,App,Cuenta corriente,Río Grande
TX-005602,CLI-00252,2025-05-23,Seguridad e indumentaria,3,109427.15,Web,Transferencia,Río Grande
TX-005601,CLI-00468,2025-05-23,Ferretería general,10,75872.53,Telefónico,Cuenta corriente,Ushuaia
TX-005598,CLI-01259,2025-05-23,Electricidad e iluminación,3,26465.7,Web,Tarjeta de crédito,Río Grande
TX-005603,CLI-00713,2025-05-23,Herramientas manuales,2,38028.08,Web,Tarjeta de crédito,Ushuaia
TX-005596,CLI-00212,2025-05-23,Pisos y cerámicos,16,423608.59,Telefónico,Transferencia,Río Grande
TX-005595,CLI-00543,2025-05-23,Plomería y caños,8,63367.6,Web,Cuenta corriente,Ushuaia
TX-005594,CLI-01202,2025-05-23,Sanitarios y grifería,1,45785.61,Web,Tarjeta de débito,TOLHUIN
TX-005593,CLI-01017,2025-05-23,Cemento y áridos,48,1402014.18,Telefónico,Transferencia,Río Grande
TX-005592,CLI-00948,2025-05-23,Pinturas y revestimientos,3,77313.5,Web,Tarjeta de crédito,Río Grande
TX-005597,CLI-00116,2025-05-23,Plomería y caños,3,36338.38,App,Efectivo en sucursal,Río Grande
TX-005591,CLI-00652,2025-05-23,Electricidad e iluminación,3,40442.14,Web,Tarjeta de débito,Río Grande
TX-005590,CLI-00028,2025-05-23,Sanitarios y grifería,2,109391.45,App,Tarjeta de crédito,Ushuaia
TX-005589,CLI-00020,2025-05-23,Electricidad e iluminación,6,97025.77,Web,Tarjeta de débito,Ushuaia
TX-005619,CLI-00078,2025-05-24,Cemento y áridos,18,322333.02,App,Cuenta corriente,Ushuaia
TX-005618,CLI-00256,2025-05-24,Ferretería general,28,151105.75,App,Tarjeta de débito,Río Grande
TX-005617,CLI-00178,2025-05-24,Pisos y cerámicos,125,4003576.27,Telefónico,Transferencia,Ushuaia
TX-005616,CLI-00883,2025-05-24,Ferretería general,2,26988.98,Telefónico,Transferencia,río grande
TX-005615,CLI-00538,2025-05-24,Pisos y cerámicos,6,124953.26,Web,transf.,Ushuaia
TX-005612,CLI-00419,2025-05-24,Ferretería general,3,13823.1,App,Tarjeta de crédito,Río Grande
TX-005611,CLI-01059,2025-05-24,Cemento y áridos,28,924113.9,App,Efectivo en sucursal,Ushuaia
TX-005610,CLI-00993,2025-05-24,Cemento y áridos,38,605989.61,App,Efectivo en sucursal,Río Grande
TX-005608,CLI-00078,2025-05-24,Ferretería general,13,129962.2,App,Efectivo en sucursal,Ushuaia
TX-005607,CLI-00155,2025-05-24,Sanitarios y grifería,5,162490.74,App,Tarjeta de débito,Río Grande
TX-005606,CLI-00289,2025-05-24,Pisos y cerámicos,13,521771.53,App,Transferencia,Río Grande
TX-005605,CLI-00976,2025-05-24,Ferretería general,8,-30952.16,Web,Transferencia,Tolhuin
TX-005604,CLI-00772,2025-05-24,Electricidad e iluminación,9,228193.59,App,Tarjeta de débito,Río Grande
TX-005620,CLI-00730,2025-05-25,Seguridad e indumentaria,4,256439.33,Telefónico,Cuenta corriente,Río Grande
TX-005635,CLI-01039,2025-05-26,Electricidad e iluminación,6,74850.83,Web,Efectivo en sucursal,Ushuaia
TX-005634,CLI-00808,2025-05-26,Pisos y cerámicos,8,-128322.57,App,Tarjeta de débito,Río Grande
TX-005633,CLI-00994,2025-05-26,Herramientas manuales,6,101081.7,Web,Tarjeta de débito,Río Grande
TX-005632,CLI-01081,2025-05-26,Herramientas manuales,6,194150.64,App,transf.,Río Grande
TX-005623,CLI-01092,2025-05-26,Plomería y caños,17,201082.11,App,Tarjeta de crédito,Río Grande
TX-005630,CLI-00367,2025-05-26,Herramientas manuales,1,15704.52,App,Efectivo en sucursal,Ushuaia
TX-005629,CLI-00047,2025-05-26,Seguridad e indumentaria,4,159668.02,Web,Tarjeta de débito,Ushuaia 
TX-005627,CLI-00463,2025-05-26,Electricidad e iluminación,14,167036.93,Web,Tarjeta de débito,Tolhuin
TX-005626,CLI-00164,2025-05-26,Cemento y áridos,7,70737.98,Web,Cuenta corriente,Tolhuin
TX-005625,CLI-00916,2025-05-26,Cemento y áridos,17,114556.32,App,Efectivo en sucursal,Río Grande
TX-005622,CLI-00507,2025-05-26,Plomería y caños,6,48496.46,Web,Tarjeta de débito,Río Grande 
TX-005621,CLI-00005,2025-05-26,Electricidad e iluminación,5,53083.54,App,Transferencia,Río Grande
TX-005631,CLI-00470,2025-05-26,Ferretería general,2,10222.22,Telefónico,Tarjeta de crédito,Ushuaia
TX-005657,CLI-00434,2025-05-27,Ferretería general,11,28035.14,Web,Transferencia,Río Grande
TX-005667,CLI-00669,2025-05-27,Seguridad e indumentaria,3,81895.38,App,Tarjeta de débito,Tolhuin
TX-005663,CLI-01000,2025-05-27,Plomería y caños,18,227212.11,App,Transferencia,Ushuaia
TX-005661,CLI-00350,2025-05-27,Cemento y áridos,14,152180.07,App,Tarjeta de crédito,río grande
TX-005660,CLI-00732,2025-05-27,Aberturas,2,310061.19,Web,Tarjeta de débito,Río Grande
TX-005659,CLI-00439,2025-05-27,Ferretería general,8,22594.63,Web,Transferencia,Río Grande
TX-005658,CLI-00948,2025-05-27,Seguridad e indumentaria,2,71227.57,Web,Tarjeta de débito,Río Grande
TX-005656,CLI-00990,2025-05-27,Ferretería general,25,219867.2,Telefónico,Cuenta corriente,Ushuaia
TX-005650,CLI-00817,2025-05-27,Pisos y cerámicos,11,126104.07,App,Transferencia,Río Grande
TX-005636,CLI-01165,2025-05-27,Pisos y cerámicos,15,406784.75,Telefónico,Efectivo en sucursal,Ushuaia
TX-005648,CLI-00580,2025-05-27,Electricidad e iluminación,2,23705.88,Web,Tarjeta de crédito,Río Grande
TX-005647,CLI-01037,2025-05-27,Cemento y áridos,23,367428.89,Web,Cuenta corriente,Ushuaia
TX-005646,CLI-00036,2025-05-27,Ferretería general,1,3638.85,Web,Tarjeta de crédito,Río Grande
TX-005645,CLI-00746,2025-05-27,Sanitarios y grifería,6,477211.03,Telefónico,Cuenta corriente,Ushuaia
TX-005644,CLI-00423,2025-05-27,Seguridad e indumentaria,5,189341.56,Web,Transferencia,Río Grande
TX-005642,CLI-01129,2025-05-27,Herramientas manuales,3,38859.83,App,Tarjeta de débito,Ushuaia
TX-005639,CLI-01332,2025-05-27,Sanitarios y grifería,1,85665.59,Web,Cuenta corriente,Ushuaia
TX-005641,CLI-01049,2025-05-27,Ferretería general,16,191842.41,Telefónico,Cuenta corriente,río grande
TX-005653,CLI-01308,2025-05-27,Sanitarios y grifería,5,275130.35,Web,Efectivo en sucursal,Tolhuin
TX-005638,CLI-00384,2025-05-27,Herramientas manuales,3,48413.11,Web,Transferencia,USHUAIA
TX-005678,CLI-00178,2025-05-28,Cemento y áridos,40,809818.86,Telefónico,Transferencia,Ushuaia
TX-005677,CLI-00546,2025-05-28,Pinturas y revestimientos,5,253293.76,App,Tarjeta de débito,Río Grande
TX-005676,CLI-01145,2025-05-28,Pisos y cerámicos,5,59216.08,Web,Tarjeta de débito,Ushuaia
TX-005680,CLI-00280,2025-05-28,Electricidad e iluminación,8,100372.75,Web,Tarjeta de crédito,Río Grande
TX-005674,CLI-00357,2025-05-28,Cemento y áridos,64,2335332.11,App,Cuenta corriente,USHUAIA
TX-005668,CLI-00718,2025-05-28,Ferretería general,9,31821.39,Web,Tarjeta de débito,RÍO GRANDE
TX-005669,CLI-00128,2025-05-28,Cemento y áridos,26,485838.28,App,Tarjeta de crédito,Río Grande
TX-005675,CLI-00115,2025-05-28,Herramientas manuales,2,32224.66,Telefónico,Transferencia,Tolhuin
TX-005679,CLI-00226,2025-05-28,Pisos y cerámicos,49,1066029.23,App,T. débito,Río Grande
TX-005673,CLI-00321,2025-05-28,Cemento y áridos,41,1170598.62,Telefónico,Cuenta corriente,USHUAIA
TX-005672,CLI-01213,2025-05-28,Herramientas manuales,3,39755.46,Web,T. débito,Ushuaia
TX-005671,CLI-00705,2025-05-28,Herramientas manuales,6,112438.95,Web,Tarjeta de débito,USHUAIA
TX-005670,CLI-01017,2025-05-28,Cemento y áridos,36,1513872.73,App,Cuenta corriente,Río Grande
TX-005681,CLI-00575,2025-05-29,Ferretería general,6,49422.74,Telefónico,Transferencia,Río Grande
TX-005698,CLI-00090,2025-05-29,Plomería y caños,9,170750.63,Web,Cuenta corriente,Río Grande 
TX-005697,CLI-00481,2025-05-29,Pisos y cerámicos,8,286632.36,App,Cuenta corriente,Río Grande
TX-005696,CLI-00178,2025-05-29,Ferretería general,20,121625.49,Telefónico,Cuenta corriente,Ushuaia
TX-005695,CLI-00935,2025-05-29,Maderas y tableros,7,465083.83,Telefónico,Efectivo en sucursal,Río Grande
TX-005692,CLI-00546,2025-05-29,Maderas y tableros,14,537502.06,App,Cuenta corriente,Río Grande
TX-005691,CLI-00546,2025-05-29,Pinturas y revestimientos,7,296744.58,App,Cuenta corriente,Río Grande
TX-005687,CLI-00111,2025-05-29,Aberturas,1,142937.31,Web,Tarjeta de débito,Río Grande
TX-005686,CLI-01344,2025-05-29,Seguridad e indumentaria,2,57324.04,Web,Transferencia,Río Grande
TX-005684,CLI-00730,2025-05-29,Pisos y cerámicos,14,325276.77,Telefónico,Tarjeta de crédito,Río Grande
TX-005683,CLI-01064,2025-05-29,Herramientas manuales,4,99056.74,App,Tarjeta de débito,Río Grande
TX-005682,CLI-00790,2025-05-29,Herramientas manuales,2,31997.23,Web,Transferencia,Tolhuin
TX-005693,CLI-00568,2025-05-29,Pisos y cerámicos,15,414250.18,Telefónico,Cuenta corriente,Río Grande
TX-005688,CLI-00321,2025-05-29,Pinturas y revestimientos,6,392429.18,Telefónico,Cuenta corriente,Ushuaia
TX-005707,CLI-00603,2025-05-30,Pinturas y revestimientos,4,164487.6,Telefónico,Tarjeta de débito,Ushuaia
TX-005706,CLI-00883,2025-05-30,Pinturas y revestimientos,16,1444669.0,App,Cuenta corriente,Río Grande
TX-005700,CLI-01158,2025-05-30,Herramientas eléctricas,2,331127.14,Web,Tarjeta de crédito,USHUAIA
TX-005704,CLI-00300,2025-05-30,Cemento y áridos,7,272998.06,App,Cuenta corriente,Ushuaia
TX-005703,CLI-00856,2025-05-30,Plomería y caños,4,70074.89,App,Transferencia,Ushuaia
TX-005699,CLI-00948,2025-05-30,Ferretería general,2,9995.41,Web,Tarjeta de débito,RÍO GRANDE
TX-005701,CLI-00186,2025-05-30,Pinturas y revestimientos,2,39919.01,Web,Tarjeta de crédito,Río Grande
TX-005702,CLI-00669,2025-05-30,Seguridad e indumentaria,2,55841.29,Web,Tarjeta de débito,Tolhuin
TX-005705,CLI-00812,2025-05-30,Pinturas y revestimientos,5,98468.55,App,Tarjeta de débito,Ushuaia
TX-005716,CLI-00902,2025-05-31,Electricidad e iluminación,4,71687.11,App,Transferencia,Río Grande
TX-005717,CLI-01339,2025-05-31,Sanitarios y grifería,2,107733.96,App,Tarjeta de débito,Ushuaia
TX-005713,CLI-00714,2025-05-31,Herramientas manuales,4,57098.34,App,Tarjeta de crédito,Tolhuin
TX-005712,CLI-01128,2025-05-31,Electricidad e iluminación,6,81176.61,Web,T. crédito,Río Grande
TX-005710,CLI-00128,2025-05-31,Pisos y cerámicos,9,298359.6,App,Transferencia,Río Grande
TX-005709,CLI-00483,2025-05-31,Ferretería general,15,88214.84,App,Cuenta corriente,Río Grande
TX-005708,CLI-00092,2025-05-31,Herramientas manuales,1,12253.9,Web,Transferencia,
TX-005715,CLI-00708,2025-05-31,Pinturas y revestimientos,10,391528.5,App,Cuenta corriente,Río Grande
TX-005718,CLI-00790,2025-06-01,Ferretería general,2,5862.42,App,Efectivo en sucursal,Tolhuin
TX-005719,CLI-00826,2025-06-01,Seguridad e indumentaria,4,144888.9,Web,Tarjeta de crédito,Ushuaia
TX-005721,CLI-01243,2025-06-01,Electricidad e iluminación,81,1397391.94,Telefónico,Cuenta corriente,Río Grande
TX-005733,CLI-00515,2025-06-02,Pinturas y revestimientos,9,468132.73,App,Tarjeta de crédito,Río Grande
TX-005730,CLI-00066,2025-06-02,Pinturas y revestimientos,7,314962.51,Web,Cuenta corriente,Río Grande
TX-005732,CLI-00413,2025-06-02,Ferretería general,11,58074.65,Telefónico,Cuenta corriente,Río Grande
TX-005724,CLI-00321,2025-06-02,Ferretería general,50,839875.48,Telefónico,Cuenta corriente,Ushuaia
TX-005728,CLI-00585,2025-06-02,Maderas y tableros,5,140937.29,App,Tarjeta de débito,Ushuaia
TX-005725,CLI-00453,2025-06-02,Cemento y áridos,26,500047.86,App,Tarjeta de crédito,Río Grande
TX-005726,CLI-00723,2025-06-02,Aberturas,3,424598.86,Web,Tarjeta de crédito,Río Grande
TX-005727,CLI-00860,2025-06-02,Sanitarios y grifería,3,215391.62,Telefónico,Cuenta corriente,
TX-005729,CLI-01174,2025-06-02,Ferretería general,14,231435.81,Web,Transferencia,Río Grande 
TX-005747,CLI-01287,2025-06-03,Herramientas manuales,1,17522.27,Web,Tarjeta de crédito,Río Grande
TX-005746,CLI-01252,2025-06-03,Cemento y áridos,15,197713.86,Web,Tarjeta de crédito,Río Grande
TX-005744,CLI-01337,2025-06-03,Plomería y caños,12,110864.96,Web,Tarjeta de crédito,Río Grande
TX-005745,CLI-01092,2025-06-03,Herramientas manuales,2,75271.57,Telefónico,Cuenta corriente,Río Grande
TX-005741,CLI-00656,2025-06-03,Maderas y tableros,6,127714.99,Web,Tarjeta de débito,Río Grande
TX-005740,CLI-01165,2025-06-03,Ferretería general,4,31350.33,App,,Ushuaia
TX-005739,CLI-00680,2025-06-03,Cemento y áridos,8,69927.06,Web,Transferencia,ushuaia
TX-005738,CLI-00408,2025-06-03,Pinturas y revestimientos,3,66838.86,Web,Transferencia,Tolhuin
TX-005736,CLI-00292,2025-06-03,Sanitarios y grifería,4,197209.98,Web,Transferencia,Ushuaia
TX-005735,CLI-00067,2025-06-03,Ferretería general,6,27955.35,Web,Transferencia,Río Grande
TX-005742,CLI-00066,2025-06-03,Ferretería general,10,73260.27,App,Cuenta corriente,RÍO GRANDE
TX-005762,CLI-00125,2025-06-04,Herramientas manuales,2,27944.38,App,Tarjeta de crédito,Ushuaia
TX-005761,CLI-00990,2025-06-04,Herramientas manuales,14,460252.93,Web,Cuenta corriente,Ushuaia
TX-005763,CLI-00300,2025-06-04,Pinturas y revestimientos,2,191004.16,Web,Cuenta corriente,Ushuaia
TX-005760,CLI-00709,2025-06-04,Electricidad e iluminación,1,13612.41,App,Efectivo en sucursal,Ushuaia
TX-005754,CLI-01006,2025-06-04,Ferretería general,12,102073.1,Telefónico,Cuenta corriente,Río Grande
TX-005758,CLI-00154,2025-06-04,Ferretería general,8,30908.45,Web,Tarjeta de débito,Río Grande
TX-005756,CLI-00602,2025-06-04,Maderas y tableros,3,69064.7,Web,Tarjeta de crédito,Ushuaia
TX-005751,CLI-00169,2025-06-04,Sanitarios y grifería,7,348669.98,Web,Tarjeta de crédito,Ushuaia
TX-005748,CLI-00828,2025-06-04,Pisos y cerámicos,8,-196729.46,Telefónico,Transferencia,Ushuaia
TX-005749,CLI-01119,2025-06-04,Ferretería general,10,94011.56,App,Transferencia,Ushuaia
TX-005750,CLI-00252,2025-06-04,Plomería y caños,8,95926.65,Web,Tarjeta de débito,Río Grande
TX-005759,CLI-00935,2025-06-04,Electricidad e iluminación,20,696088.77,App,Cuenta corriente,Río Grande
TX-005780,CLI-00932,2025-06-05,Ferretería general,29,198219.58,App,Cuenta corriente,Río Grande
TX-005778,CLI-00755,2025-06-05,Pinturas y revestimientos,4,94064.75,Web,Tarjeta de débito,Tolhuin
TX-005776,CLI-01333,2025-06-05,Herramientas manuales,6,112205.76,Web,Tarjeta de crédito,Ushuaia
TX-005775,CLI-00112,2025-06-05,Plomería y caños,26,603976.08,Telefónico,Cuenta corriente,Río Grande
TX-005782,CLI-01252,2025-06-05,Herramientas manuales,3,60432.68,App,Tarjeta de débito,Río Grande
TX-005773,CLI-00575,2025-06-05,Cemento y áridos,8,172937.17,App,Transferencia,RÍO GRANDE
TX-005772,CLI-00146,2025-06-05,Herramientas manuales,14,292403.86,Web,Tarjeta de crédito,Río Grande
TX-005771,CLI-01283,2025-06-05,Herramientas manuales,2,31302.93,Web,Tarjeta de crédito,Río Grande
TX-005769,CLI-01165,2025-06-05,Cemento y áridos,18,384679.5,App,Transferencia,Ushuaia
TX-005768,CLI-00883,2025-06-05,Electricidad e iluminación,4,117648.04,Web,Transferencia,Río Grande
TX-005764,CLI-00074,2025-06-05,Cemento y áridos,10,104635.92,Web,Tarjeta de crédito,Río Grande
TX-005765,CLI-00806,2025-06-05,Aberturas,2,900963.13,Telefónico,Cuenta corriente,Río Grande
TX-005767,CLI-00338,2025-06-05,Sanitarios y grifería,3,143777.22,Web,Transferencia,Rio Grande
TX-005774,CLI-00535,2025-06-05,Pinturas y revestimientos,7,275918.76,Web,Cuenta corriente,Ushuaia
TX-005793,CLI-00806,2025-06-06,Maderas y tableros,11,605122.06,App,Transferencia,río grande
TX-005792,CLI-01035,2025-06-06,Plomería y caños,2,20280.8,Telefónico,Tarjeta de débito,Río Grande
TX-005791,CLI-00644,2025-06-06,Electricidad e iluminación,2,25571.11,Web,Transferencia,Ushuaia
TX-005788,CLI-00023,2025-06-06,Sanitarios y grifería,3,107580.88,Web,Transferencia,Río Grande
TX-005789,CLI-00080,2025-06-06,Herramientas manuales,2,26136.76,App,Tarjeta de débito,Ushuaia
TX-005787,CLI-00535,2025-06-06,Maderas y tableros,3,100000.67,Telefónico,Efectivo en sucursal,Ushuaia
TX-005786,CLI-00322,2025-06-06,Electricidad e iluminación,3,67574.57,Telefónico,Cuenta corriente,Río Grande
TX-005785,CLI-01265,2025-06-06,Ferretería general,5,36475.12,Telefónico,Transferencia,Tolhuin
TX-005784,CLI-01300,2025-06-06,Sanitarios y grifería,2,202465.61,Web,Cuenta corriente,Río Grande
TX-005783,CLI-00990,2025-06-06,Cemento y áridos,47,1037714.88,App,Tarjeta de crédito,Ushuaia
TX-005790,CLI-00104,2025-06-06,Electricidad e iluminación,1,11445.42,Web,Tarjeta de débito,río grande
TX-005806,CLI-00068,2025-06-07,Seguridad e indumentaria,4,521919.41,Telefónico,Tarjeta de crédito,Río Grande
TX-005804,CLI-00038,2025-06-07,Cemento y áridos,19,230257.09,Web,Tarjeta de débito,Río Grande
TX-005805,CLI-01347,2025-06-07,Cemento y áridos,15,412116.76,Web,Transferencia,Río Grande
TX-005794,CLI-00371,2025-06-07,Seguridad e indumentaria,2,101373.36,Web,Tarjeta de crédito,USHUAIA
TX-005797,CLI-00371,2025-06-07,Pinturas y revestimientos,6,145923.0,App,Tarjeta de crédito,Ushuaia
TX-005796,CLI-01085,2025-06-07,Sanitarios y grifería,2,96205.03,Web,Transferencia,Río Grande
TX-005798,CLI-00357,2025-06-07,Plomería y caños,3,62761.75,Web,Transferencia,Ushuaia
TX-005800,CLI-00635,2025-06-07,Pinturas y revestimientos,2,37419.97,Web,Tarjeta de débito,ushuaia
TX-005799,CLI-00099,2025-06-07,Ferretería general,8,52785.37,Web,Transferencia,Ushuaia
TX-005813,CLI-00300,2025-06-08,Seguridad e indumentaria,1,75326.46,App,Cuenta corriente,Ushuaia
TX-005812,CLI-01120,2025-06-08,Electricidad e iluminación,7,64233.69,Telefónico,Tarjeta de débito,Río Grande
TX-005809,CLI-00842,2025-06-08,Herramientas eléctricas,4,977208.15,Telefónico,Cuenta corriente,Río Grande
TX-005810,CLI-00491,2025-06-08,Herramientas manuales,4,72891.54,Web,Transferencia,Río Grande
TX-005820,CLI-00972,2025-06-09,Cemento y áridos,24,295506.39,Web,Tarjeta de débito,Ushuaia
TX-005819,CLI-00883,2025-06-09,Seguridad e indumentaria,19,1940011.99,App,Tarjeta de crédito,Río Grande
TX-005818,CLI-00172,2025-06-09,Aberturas,3,902152.05,App,Cuenta corriente,Tolhuin
TX-005817,CLI-01125,2025-06-09,Ferretería general,2,6841.42,Web,Tarjeta de crédito,Ushuaia
TX-005827,CLI-00444,2025-06-09,Plomería y caños,4,51526.07,Web,Transferencia,Ushuaia
TX-005826,CLI-01294,2025-06-09,Plomería y caños,7,56876.26,App,Tarjeta de crédito,Río Grande
TX-005815,CLI-00254,2025-06-09,Herramientas eléctricas,1,213605.63,Telefónico,Transferencia,Río Grande
TX-005824,CLI-00851,2025-06-09,Electricidad e iluminación,3,32158.28,Web,Tarjeta de débito,Río Grande
TX-005823,CLI-00276,2025-06-09,Electricidad e iluminación,16,599858.83,Telefónico,Transferencia,USHUAIA
TX-005822,CLI-00856,2025-06-09,Plomería y caños,5,68771.04,App,Transferencia,Ushuaia
TX-005821,CLI-00001,2025-06-09,Pisos y cerámicos,2,24394.83,Web,Tarjeta de débito,Río Grande
TX-005825,CLI-00302,2025-06-09,Plomería y caños,9,57253.59,Web,Tarjeta de crédito,Rio Grande
TX-005843,CLI-01116,2025-06-10,Sanitarios y grifería,1,51153.37,Web,Tarjeta de crédito,Ushuaia
TX-005851,CLI-00175,2025-06-10,Pinturas y revestimientos,3,67704.79,Web,Tarjeta de crédito,Río Grande
TX-005848,CLI-00894,2025-06-10,Herramientas manuales,2,32008.46,App,Efectivo en sucursal,Ushuaia
TX-005846,CLI-01204,2025-06-10,Ferretería general,7,26513.96,Web,Tarjeta de débito,Ushuaia
TX-005844,CLI-00895,2025-06-10,Herramientas eléctricas,3,414569.75,Web,Transferencia,Ushuaia
TX-005842,CLI-01064,2025-06-10,Plomería y caños,5,39142.29,App,transf.,Río Grande
TX-005839,CLI-00912,2025-06-10,Cemento y áridos,17,286889.66,Telefónico,Cuenta corriente,Tolhuin
TX-005840,CLI-00491,2025-06-10,Electricidad e iluminación,9,121136.8,Web,Tarjeta de crédito,Rio Grande
TX-005838,CLI-01197,2025-06-10,Maderas y tableros,14,308590.57,Web,Transferencia,Río Grande
TX-005835,CLI-00806,2025-06-10,Cemento y áridos,70,2565224.45,Telefónico,Transferencia,Rio Grande
TX-005834,CLI-00902,2025-06-10,Pinturas y revestimientos,2,53804.75,Web,Tarjeta de débito,Río Grande
TX-005832,CLI-00901,2025-06-10,Seguridad e indumentaria,5,255922.81,Web,Cuenta corriente,Ushuaia
TX-005829,CLI-00652,2025-06-10,Cemento y áridos,35,417503.56,App,Tarjeta de débito,Río Grande
TX-005828,CLI-00442,2025-06-10,Aberturas,1,71509.57,Web,Transferencia,Ushuaia
TX-005841,CLI-01347,2025-06-10,Herramientas manuales,12,,Telefónico,Transferencia,Río Grande
TX-005836,CLI-01044,2025-06-10,Electricidad e iluminación,15,345336.1,Web,Cuenta corriente,Río Grande
TX-005860,CLI-01092,2025-06-11,Herramientas manuales,5,122759.61,Telefónico,Cuenta corriente,Río Grande
TX-005866,CLI-00990,2025-06-11,Ferretería general,10,81878.89,Web,Cuenta corriente,Ushuaia
TX-005864,CLI-00351,2025-06-11,Cemento y áridos,28,437245.82,Telefónico,Transferencia,Río Grande
TX-005863,CLI-00911,2025-06-11,Plomería y caños,10,65000.13,App,Tarjeta de débito,Río Grande
TX-005861,CLI-00800,2025-06-11,Pinturas y revestimientos,2,46288.9,App,Tarjeta de débito,Río Grande
TX-005857,CLI-00750,2025-06-11,Electricidad e iluminación,2,31457.3,Web,Tarjeta de débito,Ushuaia
TX-005852,CLI-00094,2025-06-11,Ferretería general,7,20239.91,Web,Tarjeta de crédito,Río Grande
TX-005853,CLI-00979,2025-06-11,Pinturas y revestimientos,9,244937.66,Web,Tarjeta de crédito,Río Grande
TX-005858,CLI-00267,2025-06-11,Seguridad e indumentaria,4,135910.7,Web,Tarjeta de débito,Ushuaia
TX-005859,CLI-00287,2025-06-11,Electricidad e iluminación,10,122822.4,Web,Transferencia,Ushuaia
TX-005856,CLI-00533,2025-06-11,Plomería y caños,3,26952.29,Web,Tarjeta de crédito,Ushuaia
TX-005855,CLI-00172,2025-06-11,Pinturas y revestimientos,2,172658.91,Telefónico,Transferencia,tolhuin
TX-005854,CLI-00980,2025-06-11,Sanitarios y grifería,2,106664.53,Web,Tarjeta de débito,Tolhuin
TX-005868,CLI-00535,2025-06-12,Cemento y áridos,14,301323.57,App,Tarjeta de crédito,ushuaia
TX-005867,CLI-00817,2025-06-12,Sanitarios y grifería,1,38351.81,App,Efectivo en sucursal,río grande
TX-005886,CLI-01141,2025-06-12,Ferretería general,4,22634.96,Telefónico,Cuenta corriente,Ushuaia
TX-005885,CLI-00123,2025-06-12,Pinturas y revestimientos,6,179976.95,App,Tarjeta de crédito,Río Grande
TX-005884,CLI-00273,2025-06-12,Sanitarios y grifería,4,366270.85,Web,Tarjeta de débito,Río Grande
TX-005883,CLI-00276,2025-06-12,Pinturas y revestimientos,4,121733.87,App,Cuenta corriente,Ushuaia
TX-005887,CLI-00883,2025-06-12,Cemento y áridos,23,582430.42,App,Transferencia,Río Grande
TX-005881,CLI-00113,2025-06-12,Maderas y tableros,44,1834804.03,Web,Cuenta corriente,Río Grande
TX-005879,CLI-01014,2025-06-12,Herramientas eléctricas,2,591524.39,Web,Transferencia,RÍO GRANDE
TX-005876,CLI-01224,2025-06-12,Sanitarios y grifería,3,198694.69,Web,Tarjeta de débito,Río Grande
TX-005875,CLI-00990,2025-06-12,Electricidad e iluminación,10,166153.71,Telefónico,Cuenta corriente,Ushuaia
TX-005874,CLI-00387,2025-06-12,Herramientas manuales,3,64539.85,Telefónico,Transferencia,RÍO GRANDE
TX-005869,CLI-00294,2025-06-12,Electricidad e iluminación,7,70590.18,App,Tarjeta de débito,Río Grande
TX-005871,CLI-00762,2025-06-12,Cemento y áridos,53,726650.19,Web,Tarjeta de débito,Río Grande
TX-005873,CLI-01257,2025-06-12,Ferretería general,11,56036.5,App,Tarjeta de crédito,Ushuaia 
TX-005882,CLI-01011,2025-06-12,Ferretería general,3,12443.87,Web,Tarjeta de débito,Ushuaia
TX-005903,CLI-00243,2025-06-13,Cemento y áridos,27,244844.38,Telefónico,Transferencia,Río Grande
TX-005902,CLI-00390,2025-06-13,Electricidad e iluminación,6,114681.88,Telefónico,Cuenta corriente,Ushuaia
TX-005900,CLI-00912,2025-06-13,Electricidad e iluminación,6,99831.43,Telefónico,Cuenta corriente,Tolhuin
TX-005899,CLI-00689,2025-06-13,Cemento y áridos,15,330284.53,App,Cuenta corriente,Río Grande
TX-005896,CLI-00333,2025-06-13,Ferretería general,2,13072.39,App,Tarjeta de crédito,Ushuaia
TX-005895,CLI-01174,2025-06-13,Herramientas manuales,4,243864.97,Web,Transferencia,Río Grande
TX-005894,CLI-00982,2025-06-13,Sanitarios y grifería,5,520969.81,App,Cuenta corriente,Ushuaia
TX-005893,CLI-00575,2025-06-13,Cemento y áridos,10,162468.8,Web,Cuenta corriente,Río Grande
TX-005892,CLI-01032,2025-06-13,Pinturas y revestimientos,3,50128.91,Web,Tarjeta de débito,Río Grande
TX-005889,CLI-01240,2025-06-13,Electricidad e iluminación,3,42082.16,Web,Transferencia,Ushuaia
TX-005888,CLI-00780,2025-06-13,Ferretería general,2,8719.55,App,Efectivo en sucursal,Ushuaia
TX-005898,CLI-00842,2025-06-13,Cemento y áridos,14,288962.92,App,Cuenta corriente,RÍO GRANDE
TX-005890,CLI-00762,2025-06-13,Ferretería general,3,17269.5,Web,Transferencia,Río Grande
TX-005904,CLI-00401,2025-06-14,Plomería y caños,3,22342.81,Web,Transferencia,Rio Grande
TX-005906,CLI-01046,2025-06-14,Sanitarios y grifería,2,186588.14,Telefónico,transf.,Río Grande
TX-005907,CLI-00300,2025-06-14,Electricidad e iluminación,3,84253.22,App,Transferencia,Ushuaia
TX-005912,CLI-00990,2025-06-15,Herramientas eléctricas,2,857494.29,Telefónico,Cuenta corriente,Ushuaia
TX-005910,CLI-00546,2025-06-15,Herramientas manuales,6,147285.75,Telefónico,Transferencia,Río Grande
TX-005908,CLI-01287,2025-06-15,Sanitarios y grifería,1,45235.36,Telefónico,Efectivo en sucursal,Río Grande
TX-005911,CLI-00142,2025-06-15,Pisos y cerámicos,12,344570.71,App,Cuenta corriente,Río Grande
TX-005913,CLI-01119,2025-06-15,Pisos y cerámicos,3,132531.51,App,Cuenta corriente,Ushuaia
TX-005922,CLI-01000,2025-06-16,Cemento y áridos,22,-389631.99,Telefónico,Tarjeta de débito,ushuaia
TX-005914,CLI-01138,2025-06-16,Herramientas manuales,3,50009.93,Web,Tarjeta de crédito,Río Grande
TX-005917,CLI-01222,2025-06-16,Pinturas y revestimientos,4,179925.18,App,Transferencia,Ushuaia
TX-005918,CLI-00022,2025-06-16,Ferretería general,5,31885.39,Telefónico,Efectivo en sucursal,Río Grande
TX-005919,CLI-01146,2025-06-16,Pinturas y revestimientos,3,142416.15,Web,Cuenta corriente,Río Grande
TX-005921,CLI-01183,2025-06-16,Herramientas eléctricas,4,-677693.63,Web,Tarjeta de crédito,Río Grande
TX-005923,CLI-01067,2025-06-17,Maderas y tableros,15,358980.98,App,Efectivo en sucursal,Tolhuin
TX-005940,CLI-00772,2025-06-17,Herramientas manuales,5,137335.56,App,Tarjeta de crédito,Río Grande
TX-005938,CLI-01216,2025-06-17,Plomería y caños,11,100759.78,App,T. débito,Ushuaia
TX-005937,CLI-00040,2025-06-17,Herramientas manuales,6,164752.44,Telefónico,Efectivo en sucursal,Ushuaia
TX-005933,CLI-00112,2025-06-17,Cemento y áridos,2,74172.06,Telefónico,Transferencia,Río Grande
TX-005935,CLI-01011,2025-06-17,Sanitarios y grifería,3,169244.09,App,Tarjeta de débito,Ushuaia
TX-005931,CLI-01123,2025-06-17,Cemento y áridos,9,155410.61,App,Tarjeta de débito,RÍO GRANDE
TX-005930,CLI-00212,2025-06-17,Plomería y caños,5,62468.72,Web,Cuenta corriente,Río Grande
TX-005929,CLI-00076,2025-06-17,Cemento y áridos,13,148836.05,Web,Tarjeta de débito,Ushuaia
TX-005928,CLI-01211,2025-06-17,Ferretería general,10,51136.5,App,Tarjeta de crédito,RÍO GRANDE
TX-005927,CLI-00498,2025-06-17,Electricidad e iluminación,16,221611.08,Web,Transferencia,Rio Grande
TX-005926,CLI-01053,2025-06-17,Aberturas,7,,Telefónico,Tarjeta de crédito,Río Grande
TX-005925,CLI-00066,2025-06-17,Sanitarios y grifería,9,714415.1,App,Cuenta corriente,Río Grande
TX-005932,CLI-01337,2025-06-17,Pisos y cerámicos,41,685168.09,Web,Tarjeta de débito,Río Grande
TX-005952,CLI-01009,2025-06-18,Pisos y cerámicos,9,163554.39,App,Tarjeta de débito,Tolhuin
TX-005953,CLI-01119,2025-06-18,Maderas y tableros,9,518714.18,Telefónico,Cuenta corriente,Ushuaia
TX-005951,CLI-00660,2025-06-18,Sanitarios y grifería,2,68766.32,Telefónico,Transferencia,Río Grande
TX-005944,CLI-00684,2025-06-18,Herramientas manuales,6,131042.7,Web,Tarjeta de débito,Rio Grande
TX-005949,CLI-01017,2025-06-18,Seguridad e indumentaria,6,603072.75,App,Cuenta corriente,Río Grande
TX-005948,CLI-00556,2025-06-18,Ferretería general,9,34286.71,Web,Tarjeta de débito,Río Grande
TX-005947,CLI-00232,2025-06-18,Cemento y áridos,39,628004.18,Telefónico,Cuenta corriente,Río Grande
TX-005946,CLI-01284,2025-06-18,Herramientas manuales,3,50035.72,Web,Transferencia,Ushuaia
TX-005942,CLI-01216,2025-06-18,Herramientas manuales,4,95558.8,Web,Transferencia,Ushuaia
TX-005950,CLI-00142,2025-06-18,Cemento y áridos,16,292897.6,Web,Transferencia,Río Grande
TX-005967,CLI-00231,2025-06-19,Herramientas manuales,4,75948.18,Web,Tarjeta de débito,Ushuaia
TX-005966,CLI-00432,2025-06-19,Pinturas y revestimientos,3,64654.44,App,Cuenta corriente,Río Grande
TX-005964,CLI-00221,2025-06-19,Aberturas,5,643870.02,App,Transferencia,RÍO GRANDE
TX-005965,CLI-01222,2025-06-19,Pisos y cerámicos,44,1650150.34,Telefónico,Cuenta corriente,Ushuaia
TX-005961,CLI-01037,2025-06-19,Maderas y tableros,22,855821.21,App,Transferencia,Ushuaia
TX-005960,CLI-00990,2025-06-19,Plomería y caños,15,237387.15,Web,Cuenta corriente,ushuaia
TX-005959,CLI-00730,2025-06-19,Plomería y caños,8,129881.46,App,Cuenta corriente,Río Grande
TX-005956,CLI-00577,2025-06-19,Pisos y cerámicos,30,1030051.05,Web,Cuenta corriente,Río Grande
TX-005954,CLI-00041,2025-06-19,Pisos y cerámicos,9,157244.2,Web,Transferencia,Tolhuin
TX-005955,CLI-00979,2025-06-19,Ferretería general,9,31531.74,App,Efectivo en sucursal,RÍO GRANDE
TX-005962,CLI-01053,2025-06-19,Ferretería general,18,164838.42,Telefónico,Efectivo en sucursal,Río Grande
TX-005978,CLI-01002,2025-06-20,Cemento y áridos,61,1213346.21,Telefónico,Efectivo en sucursal,RÍO GRANDE
TX-005977,CLI-00386,2025-06-20,Cemento y áridos,13,279090.47,Telefónico,Cuenta corriente,Río Grande
TX-005968,CLI-01146,2025-06-20,Ferretería general,3,21719.6,Telefónico,Cuenta corriente,Rio Grande
TX-005974,CLI-00419,2025-06-20,Aberturas,2,375785.83,App,Efectivo en sucursal,Río Grande
TX-005973,CLI-01229,2025-06-20,Herramientas manuales,5,78906.55,Web,Tarjeta de débito,Ushuaia
TX-005970,CLI-00276,2025-06-20,Ferretería general,6,37745.43,App,Transferencia,Ushuaia
TX-005971,CLI-01283,2025-06-20,Sanitarios y grifería,7,303133.88,App,transf.,Río Grande
TX-005972,CLI-00892,2025-06-20,Ferretería general,7,31114.3,Web,Tarjeta de débito,Tolhuin
TX-005976,CLI-00780,2025-06-20,Pinturas y revestimientos,4,107026.78,Web,Tarjeta de débito,Ushuaia
TX-005979,CLI-01138,2025-06-21,Plomería y caños,9,48485.1,Web,Transferencia,Río Grande
TX-005980,CLI-01149,2025-06-21,Ferretería general,2,7485.43,App,Efectivo en sucursal,Ushuaia
TX-005982,CLI-00439,2025-06-21,Herramientas manuales,5,89051.4,Web,Transferencia,RÍO GRANDE
TX-005983,CLI-00039,2025-06-21,Pinturas y revestimientos,3,70317.02,App,Efectivo en sucursal,Ushuaia
TX-005984,CLI-00387,2025-06-21,Plomería y caños,3,29171.59,App,Tarjeta de débito,Río Grande
TX-005988,CLI-00102,2025-06-22,Cemento y áridos,30,349644.01,Web,Transferencia,Ushuaia
TX-005986,CLI-00439,2025-06-22,Herramientas manuales,2,59014.83,Web,Transferencia,Río Grande
TX-005987,CLI-00604,2025-06-22,Ferretería general,5,26516.07,Web,Transferencia,Ushuaia
TX-005991,CLI-01299,2025-06-23,Pinturas y revestimientos,12,621524.43,Telefónico,transf.,Río Grande
TX-006007,CLI-00957,2025-06-23,Herramientas manuales,3,42756.98,Web,Transferencia,Río Grande
TX-006006,CLI-00962,2025-06-23,Electricidad e iluminación,4,62106.3,Web,Transferencia,Río Grande
TX-006005,CLI-00440,2025-06-23,Pinturas y revestimientos,3,840244.75,Web,Transferencia,Río Grande
TX-005990,CLI-00972,2025-06-23,Cemento y áridos,17,161442.56,Web,Transferencia,Ushuaia
TX-006004,CLI-00032,2025-06-23,Herramientas eléctricas,1,224799.57,Web,Transferencia,Río Grande
TX-006001,CLI-00321,2025-06-23,Ferretería general,3,37860.13,Telefónico,Transferencia,Ushuaia
TX-005999,CLI-00407,2025-06-23,Herramientas manuales,4,40001.81,Web,Tarjeta de crédito,Ushuaia
TX-005998,CLI-01298,2025-06-23,Pinturas y revestimientos,7,182426.26,App,Efectivo en sucursal,Ushuaia
TX-005995,CLI-00804,2025-06-23,Electricidad e iluminación,2,24992.13,App,Transferencia,Río Grande
TX-005989,CLI-01238,2025-06-23,Pisos y cerámicos,14,544613.6,App,Cuenta corriente,USHUAIA
TX-005992,CLI-01042,2025-06-23,Sanitarios y grifería,6,298938.18,Web,Tarjeta de débito,Río Grande
TX-006002,CLI-00990,2025-06-23,Pinturas y revestimientos,2,124668.29,Web,Tarjeta de débito,Ushuaia
TX-005993,CLI-01072,2025-06-23,Sanitarios y grifería,1,48381.44,Web,Tarjeta de débito,Río Grande
TX-006023,CLI-01342,2025-06-24,Sanitarios y grifería,2,93226.0,Web,Transferencia,Ushuaia
TX-006021,CLI-00566,2025-06-24,Pinturas y revestimientos,3,79822.28,Web,Transferencia,Río Grande
TX-006025,CLI-01017,2025-06-24,Cemento y áridos,9,205331.12,Web,Transferencia,Río Grande
TX-006024,CLI-01104,2025-06-24,Electricidad e iluminación,14,243429.1,Telefónico,Cuenta corriente,Río Grande
TX-006020,CLI-00644,2025-06-24,Herramientas eléctricas,2,358012.87,App,Tarjeta de crédito,USHUAIA
TX-006012,CLI-00912,2025-06-24,Electricidad e iluminación,2,41244.11,App,Cuenta corriente,Tolhuin
TX-006017,CLI-00862,2025-06-24,Seguridad e indumentaria,4,231234.22,Web,Cuenta corriente,Ushuaia
TX-006016,CLI-01145,2025-06-24,Pinturas y revestimientos,4,97639.16,App,Efectivo en sucursal,Ushuaia
TX-006015,CLI-00860,2025-06-24,Herramientas eléctricas,2,763029.45,App,Cuenta corriente,río grande
TX-006014,CLI-00672,2025-06-24,Plomería y caños,13,88997.49,App,Tarjeta de débito,Tolhuin
TX-006011,CLI-00701,2025-06-24,Pinturas y revestimientos,5,322099.81,Web,Cuenta corriente,río grande
TX-006008,CLI-00935,2025-06-24,Pisos y cerámicos,33,1444044.25,Web,Transferencia,Río Grande
TX-006018,CLI-00392,2025-06-24,Pisos y cerámicos,8,216530.98,Telefónico,Transferencia,Río Grande
TX-006009,CLI-01299,2025-06-24,Aberturas,9,2402374.97,Web,Transferencia,Río Grande
TX-006010,CLI-00500,2025-06-24,Cemento y áridos,9,183688.28,Web,Cuenta corriente,Ushuaia
TX-006042,CLI-00993,2025-06-25,Herramientas manuales,11,336955.34,App,Cuenta corriente,Río Grande
TX-006041,CLI-00089,2025-06-25,Herramientas manuales,20,330068.55,App,Tarjeta de crédito,RÍO GRANDE
TX-006040,CLI-00115,2025-06-25,Pisos y cerámicos,15,224694.74,App,Efectivo en sucursal,Tolhuin
TX-006039,CLI-00546,2025-06-25,Pisos y cerámicos,55,1477286.11,Telefónico,Cuenta corriente,Río Grande
TX-006037,CLI-01224,2025-06-25,Sanitarios y grifería,8,493404.17,App,transf.,Río Grande
TX-006035,CLI-01110,2025-06-25,Pisos y cerámicos,3,42362.35,App,Tarjeta de crédito,Río Grande 
TX-006034,CLI-00903,2025-06-25,Sanitarios y grifería,2,94167.14,App,Tarjeta de débito,Ushuaia
TX-006033,CLI-00074,2025-06-25,Maderas y tableros,2,33782.41,Web,Tarjeta de débito,Río Grande
TX-006032,CLI-00390,2025-06-25,Plomería y caños,9,161186.43,Telefónico,Cuenta corriente,Ushuaia
TX-006029,CLI-00923,2025-06-25,Cemento y áridos,7,63638.34,App,Cuenta corriente,Río Grande
TX-006028,CLI-00933,2025-06-25,Ferretería general,3,14781.35,Web,Transferencia,Ushuaia
TX-006026,CLI-00460,2025-06-25,Electricidad e iluminación,8,101595.56,Telefónico,Efectivo en sucursal,USHUAIA
TX-006038,CLI-01229,2025-06-25,Maderas y tableros,8,160508.23,Web,Tarjeta de débito,Ushuaia
TX-006054,CLI-01135,2025-06-26,Ferretería general,5,19369.43,Web,Transferencia,Ushuaia
TX-006056,CLI-01011,2025-06-26,Ferretería general,1,5315.85,Web,Transferencia,ushuaia
TX-006055,CLI-00064,2025-06-26,Pisos y cerámicos,3,49700.55,Telefónico,transf.,Ushuaia
TX-006053,CLI-00932,2025-06-26,Plomería y caños,2,31932.86,Telefónico,Transferencia,Río Grande
TX-006046,CLI-00394,2025-06-26,Electricidad e iluminación,10,205527.07,Telefónico,Transferencia,ushuaia
TX-006051,CLI-01059,2025-06-26,Pinturas y revestimientos,16,1330213.92,Web,Cuenta corriente,Ushuaia
TX-006050,CLI-00642,2025-06-26,Herramientas manuales,3,51575.62,Telefónico,Transferencia,Ushuaia
TX-006049,CLI-00485,2025-06-26,Herramientas manuales,4,86464.97,Web,transf.,Río Grande
TX-006047,CLI-00982,2025-06-26,Electricidad e iluminación,2,33919.45,Telefónico,Tarjeta de crédito,Ushuaia
TX-006045,CLI-00503,2025-06-26,Sanitarios y grifería,1,80974.98,Web,Tarjeta de crédito,Río Grande
TX-006044,CLI-00211,2025-06-26,Plomería y caños,9,55962.67,Web,Tarjeta de débito,Río Grande
TX-006052,CLI-01204,2025-06-26,Seguridad e indumentaria,3,115316.8,Web,Tarjeta de débito,Ushuaia
TX-006076,CLI-00910,2025-06-27,Sanitarios y grifería,3,173544.52,Web,Tarjeta de débito,Río Grande
TX-006081,CLI-01017,2025-06-27,Ferretería general,10,112421.71,Telefónico,Cuenta corriente,Río Grande
TX-006080,CLI-00328,2025-06-27,Pinturas y revestimientos,2,46497.05,App,Transferencia,Ushuaia
TX-006079,CLI-00816,2025-06-27,Electricidad e iluminación,3,33069.43,Web,Tarjeta de crédito,RÍO GRANDE
TX-006078,CLI-01216,2025-06-27,Pinturas y revestimientos,2,62876.68,Web,Tarjeta de crédito,Ushuaia
TX-006077,CLI-00808,2025-06-27,Electricidad e iluminación,3,38809.78,Web,Transferencia,río grande
TX-006075,CLI-01037,2025-06-27,Pinturas y revestimientos,13,468025.46,Web,Cuenta corriente,Ushuaia
TX-006073,CLI-00164,2025-06-27,Cemento y áridos,13,116050.24,App,Cuenta corriente,Tolhuin
TX-006057,CLI-01006,2025-06-27,Pinturas y revestimientos,2,136892.61,Telefónico,Cuenta corriente,RÍO GRANDE
TX-006070,CLI-00641,2025-06-27,Ferretería general,5,19657.41,App,Tarjeta de débito,Río Grande
TX-006069,CLI-00972,2025-06-27,Electricidad e iluminación,3,28752.04,Web,Tarjeta de crédito,ushuaia
TX-006066,CLI-01300,2025-06-27,Ferretería general,40,284753.94,Web,Transferencia,Río Grande
TX-006065,CLI-00711,2025-06-27,Ferretería general,8,36963.02,App,Transferencia,Río Grande
TX-006063,CLI-01318,2025-06-27,Pinturas y revestimientos,2,43278.13,Telefónico,Tarjeta de crédito,Río Grande
TX-006062,CLI-00982,2025-06-27,Electricidad e iluminación,10,223398.61,Web,Cuenta corriente,Ushuaia
TX-006061,CLI-01321,2025-06-27,Herramientas manuales,7,146474.28,Web,Transferencia,Ushuaia
TX-006071,CLI-01168,2025-06-27,Plomería y caños,2,14033.47,Web,Tarjeta de débito,Ushuaia
TX-006058,CLI-00624,2025-06-27,Maderas y tableros,14,259499.26,Web,Tarjeta de crédito,Río Grande
TX-006060,CLI-01257,2025-06-27,Plomería y caños,3,28202.01,App,T. débito,Ushuaia
TX-006059,CLI-01148,2025-06-27,Sanitarios y grifería,1,65301.87,App,Tarjeta de débito,Ushuaia
TX-006091,CLI-01310,2025-06-28,Herramientas manuales,3,97620.33,Telefónico,Transferencia,Río Grande
TX-006090,CLI-00417,2025-06-28,Sanitarios y grifería,2,108430.75,Web,Tarjeta de crédito,Río Grande
TX-006087,CLI-01220,2025-06-28,Herramientas manuales,2,29954.15,Web,Transferencia,Ushuaia
TX-006088,CLI-00641,2025-06-28,Ferretería general,7,20853.6,Web,Transferencia,Río Grande
TX-006086,CLI-00522,2025-06-28,Herramientas manuales,5,67615.27,App,Tarjeta de crédito,Río Grande
TX-006085,CLI-01067,2025-06-28,Herramientas manuales,6,87518.31,Web,Transferencia,Tolhuin
TX-006084,CLI-01084,2025-06-28,Electricidad e iluminación,5,148819.76,Telefónico,Transferencia,Ushuaia
TX-006083,CLI-00040,2025-06-28,Pinturas y revestimientos,14,707331.31,Web,Tarjeta de crédito,Ushuaia
TX-006089,CLI-00289,2025-06-28,Herramientas manuales,6,156649.27,App,Transferencia,Rio Grande
TX-006092,CLI-01317,2025-06-29,Herramientas manuales,1,14348.53,Web,Transferencia,Tohluin
TX-006105,CLI-01011,2025-06-30,Sanitarios y grifería,2,83381.22,Web,Tarjeta de débito,Ushuaia
TX-006107,CLI-00738,2025-06-30,Herramientas eléctricas,3,402493.17,Web,Tarjeta de débito,ushuaia
TX-006104,CLI-00358,2025-06-30,Cemento y áridos,26,528673.97,App,Cuenta corriente,Ushuaia
TX-006096,CLI-01174,2025-06-30,Maderas y tableros,8,458734.94,Telefónico,Transferencia,Río Grande 
TX-006101,CLI-00068,2025-06-30,Aberturas,9,3499426.64,App,Cuenta corriente,río grande
TX-006099,CLI-01042,2025-06-30,Herramientas manuales,5,109224.04,Web,Tarjeta de crédito,RÍO GRANDE
TX-006097,CLI-01068,2025-06-30,Sanitarios y grifería,2,77512.13,Web,Tarjeta de débito,Río Grande
TX-006094,CLI-00932,2025-06-30,Cemento y áridos,30,631902.83,Telefónico,Cuenta corriente,Río Grande
TX-006093,CLI-00720,2025-06-30,Pinturas y revestimientos,8,285384.43,Telefónico,Tarjeta de crédito,Río Grande
TX-006103,CLI-00755,2025-06-30,Herramientas manuales,2,22719.87,Web,Tarjeta de crédito,Tolhuin
TX-006095,CLI-00554,2025-06-30,Ferretería general,4,10211.61,Web,Tarjeta de crédito,Río Grande
TX-006108,CLI-01280,2025-07-01,Seguridad e indumentaria,2,88023.95,Telefónico,Tarjeta de crédito,Ushuaia
TX-006109,CLI-00604,2025-07-01,Herramientas manuales,1,20479.84,App,Tarjeta de débito,Ushuaia
TX-006110,CLI-00912,2025-07-01,Seguridad e indumentaria,4,219885.78,App,Cuenta corriente,Tolhuin
TX-006111,CLI-00064,2025-07-01,Ferretería general,4,12553.12,Web,Tarjeta de débito,Ushuaia
TX-006112,CLI-00903,2025-07-01,Cemento y áridos,4,43160.57,Web,Tarjeta de débito,ushuaia
TX-006113,CLI-01014,2025-07-01,Cemento y áridos,9,157029.2,App,Cuenta corriente,Río Grande
TX-006114,CLI-01174,2025-07-01,Herramientas eléctricas,3,1089174.54,Telefónico,Tarjeta de crédito,Rio Grande
TX-006115,CLI-00386,2025-07-01,Pisos y cerámicos,16,535878.66,Telefónico,Tarjeta de crédito,Río Grande
TX-006125,CLI-01056,2025-07-02,Sanitarios y grifería,2,77077.01,App,Tarjeta de débito,Tolhuin
TX-006124,CLI-01056,2025-07-02,Herramientas manuales,1,14682.41,Web,Tarjeta de crédito,Tolhuin
TX-006119,CLI-00702,2025-07-02,Plomería y caños,5,21385.58,Web,Transferencia,Ushuaia
TX-006122,CLI-00304,2025-07-02,Electricidad e iluminación,10,275926.25,App,Cuenta corriente,Ushuaia
TX-006121,CLI-01051,2025-07-02,Pinturas y revestimientos,2,87663.12,App,Tarjeta de débito,Río Grande
TX-006116,CLI-00142,2025-07-02,Electricidad e iluminación,3,68538.75,Web,Cuenta corriente,Rio Grande
TX-006117,CLI-00285,2025-07-02,Herramientas manuales,1,25548.77,App,Tarjeta de débito,Ushuaia
TX-006120,CLI-00249,2025-07-02,Pisos y cerámicos,8,238340.02,App,T. crédito,Río Grande
TX-006123,CLI-00339,2025-07-02,Plomería y caños,27,295520.33,Web,Tarjeta de débito,Ushuaia
TX-006140,CLI-00813,2025-07-03,Plomería y caños,9,211775.87,Telefónico,Cuenta corriente,Río Grande
TX-006139,CLI-00292,2025-07-03,Sanitarios y grifería,8,447564.02,App,,Ushuaia
TX-006137,CLI-01199,2025-07-03,Sanitarios y grifería,6,497133.31,Web,Cuenta corriente,Río Grande
TX-006136,CLI-00376,2025-07-03,Herramientas eléctricas,3,674527.62,Web,,Ushuaia
TX-006135,CLI-01270,2025-07-03,Pisos y cerámicos,8,202250.1,Web,Tarjeta de crédito,Ushuaia
TX-006134,CLI-00672,2025-07-03,Electricidad e iluminación,2,18870.21,Web,Tarjeta de débito,Tolhuin
TX-006133,CLI-00321,2025-07-03,Electricidad e iluminación,4,116354.64,Web,Cuenta corriente,Ushuaia
TX-006131,CLI-00275,2025-07-03,Pinturas y revestimientos,7,188314.08,Web,Tarjeta de débito,USHUAIA
TX-006130,CLI-01223,2025-07-03,Ferretería general,11,45487.14,Web,Tarjeta de crédito,Ushuaia
TX-006129,CLI-00804,2025-07-03,Sanitarios y grifería,2,95741.81,App,Tarjeta de crédito,RÍO GRANDE
TX-006128,CLI-01141,2025-07-03,Seguridad e indumentaria,4,260498.64,App,Cuenta corriente,Ushuaia
TX-006127,CLI-00627,2025-07-03,Ferretería general,68,342103.29,App,Cuenta corriente,Ushuaia
TX-006126,CLI-00515,2025-07-03,Herramientas eléctricas,1,339758.5,Web,Transferencia,Río Grande
TX-006152,CLI-01119,2025-07-04,Sanitarios y grifería,6,997113.3,App,Transferencia,Ushuaia
TX-006150,CLI-00333,2025-07-04,Plomería y caños,4,48443.39,App,Transferencia,Ushuaia
TX-006149,CLI-01347,2025-07-04,Pisos y cerámicos,34,1528697.49,App,Cuenta corriente,río grande
TX-006146,CLI-00860,2025-07-04,Sanitarios y grifería,3,324292.36,Telefónico,Cuenta corriente,Río Grande
TX-006145,CLI-01009,2025-07-04,Ferretería general,17,103762.51,App,Tarjeta de crédito,Tolhuin
TX-006148,CLI-01146,2025-07-04,Electricidad e iluminación,6,93460.4,Telefónico,Cuenta corriente,Río Grande
TX-006144,CLI-00483,2025-07-04,Ferretería general,23,156280.51,Telefónico,Cuenta corriente,Río Grande
TX-006143,CLI-00806,2025-07-04,Aberturas,11,3549397.85,App,Transferencia,Río Grande
TX-006142,CLI-00276,2025-07-04,Plomería y caños,7,112187.23,Telefónico,Cuenta corriente,Ushuaia
TX-006141,CLI-00759,2025-07-04,Cemento y áridos,8,148172.93,Telefónico,Cuenta corriente,ushuaia
TX-006153,CLI-00586,2025-07-05,Pinturas y revestimientos,4,83724.54,Web,Tarjeta de crédito,Río Grande
TX-006154,CLI-00466,2025-07-05,Maderas y tableros,2,41082.71,App,Tarjeta de débito,Ushuaia 
TX-006155,CLI-01144,2025-07-05,Pisos y cerámicos,7,99591.28,Web,Tarjeta de débito,Río Grande
TX-006156,CLI-00442,2025-07-05,Pisos y cerámicos,22,351910.49,Telefónico,Transferencia,Ushuaia
TX-006157,CLI-01199,2025-07-05,Maderas y tableros,3,89941.69,App,Tarjeta de débito,Río Grande
TX-006159,CLI-01135,2025-07-06,Seguridad e indumentaria,2,71254.99,Web,Tarjeta de débito,Ushuaia
TX-006158,CLI-00440,2025-07-06,Maderas y tableros,5,119128.63,App,Tarjeta de débito,Río Grande
TX-006161,CLI-01289,2025-07-06,Ferretería general,8,24021.29,Web,Transferencia,Río Grande
TX-006162,CLI-00231,2025-07-06,Pisos y cerámicos,9,141755.0,Web,Tarjeta de débito,Ushuaia
TX-006173,CLI-00603,2025-07-07,Maderas y tableros,4,119581.54,Web,Tarjeta de crédito,Ushuaia
TX-006175,CLI-00148,2025-07-07,Sanitarios y grifería,3,166146.6,Telefónico,Tarjeta de débito,Río Grande
TX-006172,CLI-00199,2025-07-07,Maderas y tableros,19,945875.98,App,Cuenta corriente,Río Grande
TX-006168,CLI-01217,2025-07-07,Maderas y tableros,4,110242.45,Telefónico,Cuenta corriente,Ushuaia
TX-006170,CLI-00394,2025-07-07,Pinturas y revestimientos,18,857010.78,Telefónico,Transferencia,Ushuaia
TX-006167,CLI-00996,2025-07-07,Maderas y tableros,19,762954.13,Web,Transferencia,Ushuaia
TX-006171,CLI-00212,2025-07-07,Pinturas y revestimientos,4,151788.57,App,Cuenta corriente,Río Grande
TX-006166,CLI-01150,2025-07-07,Herramientas manuales,2,29950.52,Web,,Río Grande
TX-006165,CLI-00895,2025-07-07,Seguridad e indumentaria,6,147568.67,App,Transferencia,Ushuaia
TX-006163,CLI-01222,2025-07-07,Pisos y cerámicos,37,1157995.38,Telefónico,Cuenta corriente,Ushuaia
TX-006183,CLI-00838,2025-07-08,Ferretería general,4,13713.82,Telefónico,Tarjeta de débito,Río Grande
TX-006182,CLI-01059,2025-07-08,Maderas y tableros,13,769616.0,App,Cuenta corriente,Ushuaia
TX-006184,CLI-00708,2025-07-08,Pisos y cerámicos,31,856943.51,Telefónico,Cuenta corriente,Río Grande
TX-006180,CLI-01111,2025-07-08,Ferretería general,5,19664.79,Web,Tarjeta de débito,Ushuaia
TX-006179,CLI-01174,2025-07-08,Electricidad e iluminación,45,1629126.13,App,Transferencia,Río Grande
TX-006178,CLI-00194,2025-07-08,Cemento y áridos,3,95327.13,Telefónico,Cuenta corriente,Río Grande
TX-006177,CLI-01210,2025-07-08,Ferretería general,52,204794.61,Web,Tarjeta de crédito,Río Grande
TX-006176,CLI-00321,2025-07-08,Maderas y tableros,12,773817.4,Web,Tarjeta de crédito,Ushuaia
TX-006181,CLI-00113,2025-07-08,Maderas y tableros,26,1449155.88,Telefónico,Transferencia,Río Grande
TX-006203,CLI-00957,2025-07-09,Cemento y áridos,31,413753.36,App,Tarjeta de débito,Río Grande
TX-006210,CLI-00575,2025-07-09,Electricidad e iluminación,2,41229.0,App,Cuenta corriente,Río Grande
TX-006208,CLI-00990,2025-07-09,Cemento y áridos,25,339927.18,Telefónico,Tarjeta de crédito,Ushuaia
TX-006206,CLI-00351,2025-07-09,Cemento y áridos,105,2109752.71,App,Cuenta corriente,Río Grande
TX-006205,CLI-00498,2025-07-09,Herramientas eléctricas,1,229356.44,App,Tarjeta de débito,Río Grande
TX-006204,CLI-00716,2025-07-09,Cemento y áridos,9,116910.69,Web,Tarjeta de crédito,Río Grande
TX-006201,CLI-00722,2025-07-09,Pinturas y revestimientos,1,,Web,Tarjeta de crédito,ushuaia
TX-006191,CLI-00246,2025-07-09,Herramientas manuales,2,33127.24,Web,Transferencia,tolhuin
TX-006196,CLI-01336,2025-07-09,Pisos y cerámicos,13,203821.68,Web,Transferencia,Ushuaia
TX-006195,CLI-00642,2025-07-09,Sanitarios y grifería,1,48201.88,Web,Transferencia,Ushuaia
TX-006193,CLI-00023,2025-07-09,Maderas y tableros,10,156521.97,Web,Transferencia,Río Grande
TX-006192,CLI-01092,2025-07-09,Sanitarios y grifería,3,320978.51,Telefónico,Cuenta corriente,RÍO GRANDE
TX-006190,CLI-00111,2025-07-09,Electricidad e iluminación,14,200941.26,App,Tarjeta de crédito,Río Grande
TX-006189,CLI-00943,2025-07-09,Maderas y tableros,2,34221.83,Web,Tarjeta de crédito,Ushuaia
TX-006188,CLI-00701,2025-07-09,Herramientas manuales,3,145427.7,App,Tarjeta de débito,Río Grande
TX-006187,CLI-01174,2025-07-09,Cemento y áridos,22,809938.02,Web,Tarjeta de débito,Río Grande
TX-006186,CLI-01217,2025-07-09,Seguridad e indumentaria,5,275736.56,Web,Tarjeta de débito,Ushuaia
TX-006185,CLI-00793,2025-07-09,Cemento y áridos,7,155703.51,Web,Cuenta corriente,Río Grande
TX-006198,CLI-01153,2025-07-09,Plomería y caños,2,15442.35,Telefónico,Tarjeta de débito,Río Grande
TX-006222,CLI-00872,2025-07-10,Aberturas,2,414840.32,Telefónico,Tarjeta de crédito,Río Grande
TX-006221,CLI-00860,2025-07-10,Pinturas y revestimientos,14,722524.33,App,Cuenta corriente,Río Grande
TX-006212,CLI-01214,2025-07-10,Electricidad e iluminación,6,60196.13,Web,Cuenta corriente,Río Grande
TX-006219,CLI-00232,2025-07-10,Ferretería general,8,59342.45,Telefónico,Cuenta corriente,Río Grande
TX-006217,CLI-00850,2025-07-10,Herramientas manuales,4,130979.93,Telefónico,Cuenta corriente,Río Grande
TX-006214,CLI-00394,2025-07-10,Plomería y caños,11,144737.87,App,Transferencia,Ushuaia
TX-006220,CLI-00509,2025-07-10,Herramientas eléctricas,1,273638.66,App,Efectivo en sucursal,Río Grande
TX-006211,CLI-00305,2025-07-10,Seguridad e indumentaria,5,355686.03,Web,Cuenta corriente,Río Grande
TX-006216,CLI-00422,2025-07-10,Ferretería general,13,50997.84,Web,Cuenta corriente,Río Grande
TX-006243,CLI-01017,2025-07-11,Herramientas manuales,6,271172.48,Telefónico,Cuenta corriente,Río Grande
TX-006242,CLI-00990,2025-07-11,Electricidad e iluminación,13,326466.72,Telefónico,Transferencia,ushuaia
TX-006241,CLI-00571,2025-07-11,Seguridad e indumentaria,2,48355.97,Web,Tarjeta de débito,Río Grande
TX-006237,CLI-00773,2025-07-11,Plomería y caños,4,43739.57,Web,Transferencia,Río Grande
TX-006236,CLI-00038,2025-07-11,Pinturas y revestimientos,4,96077.08,Web,Tarjeta de débito,Río Grande
TX-006234,CLI-00005,2025-07-11,Aberturas,2,248452.54,Web,Transferencia,Río Grande
TX-006232,CLI-00996,2025-07-11,Pisos y cerámicos,19,515735.23,Telefónico,Tarjeta de crédito,Ushuaia
TX-006231,CLI-00102,2025-07-11,Maderas y tableros,2,,Web,Transferencia,Ushuaia
TX-006230,CLI-00957,2025-07-11,Cemento y áridos,26,412966.17,Telefónico,Transferencia,RÍO GRANDE
TX-006229,CLI-01156,2025-07-11,Sanitarios y grifería,7,378950.42,Web,Tarjeta de débito,Ushuaia
TX-006225,CLI-00598,2025-07-11,Ferretería general,9,56363.95,Telefónico,Cuenta corriente,Ushuaia
TX-006224,CLI-01265,2025-07-11,Sanitarios y grifería,7,512795.23,App,Transferencia,Tolhuin
TX-006223,CLI-00551,2025-07-11,Pinturas y revestimientos,34,2962466.46,Telefónico,Cuenta corriente,Ushuaia
TX-006233,CLI-00020,2025-07-11,Plomería y caños,1,11614.02,Web,Tarjeta de débito,USHUAIA
TX-006251,CLI-01046,2025-07-12,Aberturas,1,280024.33,Telefónico,Tarjeta de crédito,Río Grande
TX-006245,CLI-00304,2025-07-12,Sanitarios y grifería,6,647668.84,App,Cuenta corriente,Ushuaia
TX-006249,CLI-00553,2025-07-12,Ferretería general,10,69486.5,Telefónico,Transferencia,Río Grande
TX-006248,CLI-00322,2025-07-12,Cemento y áridos,24,472413.24,App,transf.,Río Grande
TX-006246,CLI-00404,2025-07-12,Aberturas,3,307444.53,Web,Tarjeta de crédito,RÍO GRANDE
TX-006244,CLI-01092,2025-07-12,Cemento y áridos,6,134714.3,App,Cuenta corriente,Río Grande
TX-006250,CLI-00714,2025-07-12,Herramientas manuales,6,87040.6,Web,Tarjeta de crédito,Tolhuin
TX-006252,CLI-00705,2025-07-13,Electricidad e iluminación,2,19329.43,Web,Tarjeta de crédito,Ushuaia
TX-006254,CLI-00603,2025-07-13,Herramientas eléctricas,2,495984.58,Telefónico,Cuenta corriente,Ushuaia
TX-006255,CLI-00627,2025-07-13,Cemento y áridos,9,182687.63,Telefónico,Tarjeta de débito,Ushuaia
TX-006256,CLI-01064,2025-07-13,Pisos y cerámicos,13,285906.46,Web,Tarjeta de crédito,Río Grande
TX-006275,CLI-00321,2025-07-14,Pinturas y revestimientos,10,-708384.53,App,Cuenta corriente,Ushuaia
TX-006274,CLI-00689,2025-07-14,Herramientas manuales,5,140287.2,Telefónico,Tarjeta de débito,Río Grande
TX-006272,CLI-00321,2025-07-14,Cemento y áridos,9,254383.66,App,Tarjeta de débito,Ushuaia
TX-006270,CLI-00046,2025-07-14,Ferretería general,4,26679.56,Web,Transferencia,Río Grande
TX-006271,CLI-01300,2025-07-14,Maderas y tableros,15,589730.53,Telefónico,Tarjeta de crédito,Río Grande
TX-006266,CLI-00515,2025-07-14,Herramientas manuales,4,110787.41,Telefónico,Transferencia,Río Grande
TX-006263,CLI-00485,2025-07-14,Ferretería general,1,3299.83,App,Tarjeta de débito,Río Grande
TX-006262,CLI-00575,2025-07-14,Seguridad e indumentaria,5,,Web,Cuenta corriente,Rio Grande
TX-006261,CLI-01214,2025-07-14,Plomería y caños,5,55233.18,App,Transferencia,Río Grande
TX-006257,CLI-00571,2025-07-14,Plomería y caños,6,57390.45,Web,Transferencia,Río Grande
TX-006259,CLI-01086,2025-07-14,Aberturas,2,182316.58,Web,Tarjeta de crédito,Tolhuin
TX-006260,CLI-00680,2025-07-14,Seguridad e indumentaria,3,80143.74,Telefónico,Transferencia,USHUAIA
TX-006269,CLI-00194,2025-07-14,Pisos y cerámicos,9,460271.12,App,,Río Grande
TX-006299,CLI-00716,2025-07-15,Ferretería general,21,110750.97,Web,Tarjeta de débito,Río Grande
TX-006298,CLI-00188,2025-07-15,Pisos y cerámicos,13,-238443.41,App,Tarjeta de débito,Tolhuin
TX-006297,CLI-00883,2025-07-15,Ferretería general,27,359466.61,App,Transferencia,Río Grande
TX-006296,CLI-01299,2025-07-15,Pinturas y revestimientos,9,361713.67,Web,transf.,Rio Grande
TX-006294,CLI-00910,2025-07-15,Sanitarios y grifería,5,321874.78,App,Tarjeta de crédito,Río Grande
TX-006293,CLI-00897,2025-07-15,Herramientas eléctricas,2,471958.78,App,Tarjeta de crédito,Ushuaia
TX-006292,CLI-00598,2025-07-15,Electricidad e iluminación,6,141981.19,Telefónico,Cuenta corriente,Ushuaia
TX-006295,CLI-00140,2025-07-15,Maderas y tableros,11,255677.56,Web,Tarjeta de crédito,Río Grande
TX-006290,CLI-00348,2025-07-15,Ferretería general,2,14304.63,Telefónico,Transferencia,Tolhuin
TX-006289,CLI-00686,2025-07-15,Herramientas manuales,2,27506.58,Web,Transferencia,Ushuaia
TX-006286,CLI-00828,2025-07-15,Cemento y áridos,9,147076.26,Telefónico,Cuenta corriente,Ushuaia
TX-006285,CLI-00351,2025-07-15,Pisos y cerámicos,7,234895.24,Telefónico,Transferencia,Río Grande
TX-006284,CLI-00719,2025-07-15,Herramientas manuales,3,162538.04,Web,Cuenta corriente,Ushuaia
TX-006283,CLI-01037,2025-07-15,Maderas y tableros,3,96793.16,Web,Transferencia,Ushuaia
TX-006282,CLI-00351,2025-07-15,Pinturas y revestimientos,17,730240.67,Web,Tarjeta de crédito,Río Grande
TX-006277,CLI-01336,2025-07-15,Electricidad e iluminación,2,24611.15,Web,Tarjeta de débito,Ushuaia
TX-006278,CLI-01119,2025-07-15,Herramientas manuales,5,232971.57,Web,Tarjeta de débito,Ushuaia
TX-006281,CLI-01172,2025-07-15,Herramientas manuales,5,115351.41,Web,Tarjeta de débito,Río Grande
TX-006291,CLI-00386,2025-07-15,Herramientas manuales,12,277899.95,Web,Cuenta corriente,Río Grande
TX-006311,CLI-01130,2025-07-16,Aberturas,3,360098.95,Web,Tarjeta de débito,Tolhuin
TX-006310,CLI-00357,2025-07-16,Aberturas,3,960033.28,App,Cuenta corriente,Ushuaia
TX-006304,CLI-00500,2025-07-16,Pisos y cerámicos,7,246299.0,App,Tarjeta de crédito,Ushuaia
TX-006306,CLI-00170,2025-07-16,Ferretería general,18,107867.07,Web,Tarjeta de débito,Ushuaia
TX-006305,CLI-00883,2025-07-16,Sanitarios y grifería,3,6648650.29,App,Transferencia,Río Grande
TX-006303,CLI-00453,2025-07-16,Pisos y cerámicos,95,2111630.01,Web,Transferencia,Río Grande
TX-006302,CLI-00613,2025-07-16,Herramientas manuales,8,236709.76,Telefónico,Cuenta corriente,Ushuaia
TX-006301,CLI-00811,2025-07-16,Plomería y caños,3,29723.0,Web,Tarjeta de débito,Ushuaia
TX-006309,CLI-01187,2025-07-16,Plomería y caños,9,61863.35,Web,Transferencia,Ushuaia
TX-006323,CLI-00100,2025-07-17,Plomería y caños,1,18376.92,Telefónico,Cuenta corriente,Ushuaia
TX-006320,CLI-00483,2025-07-17,Herramientas manuales,5,123646.56,Telefónico,Cuenta corriente,Río Grande
TX-006321,CLI-00701,2025-07-17,Pisos y cerámicos,31,2016122.04,Telefónico,transf.,Río Grande
TX-006317,CLI-00275,2025-07-17,Ferretería general,1,4058.1,Web,Tarjeta de crédito,Ushuaia
TX-006316,CLI-00322,2025-07-17,Pinturas y revestimientos,6,324269.95,Web,Transferencia,Río Grande
TX-006315,CLI-00811,2025-07-17,Ferretería general,5,24226.48,App,Transferencia,Ushuaia
TX-006312,CLI-00423,2025-07-17,Cemento y áridos,12,182417.71,Web,Tarjeta de débito,Río Grande
TX-006313,CLI-00627,2025-07-17,Maderas y tableros,17,589396.02,Telefónico,Transferencia,Ushuaia
TX-006314,CLI-00793,2025-07-17,Aberturas,6,1235841.02,Telefónico,Transferencia,Río Grande
TX-006318,CLI-00959,2025-07-17,Ferretería general,4,15506.39,Telefónico,Transferencia,ushuaia
TX-006338,CLI-01084,2025-07-18,Pinturas y revestimientos,8,692238.78,App,Transferencia,Ushuaia
TX-006337,CLI-00188,2025-07-18,Plomería y caños,12,117941.82,Telefónico,Tarjeta de débito,Tolhuin
TX-006335,CLI-00948,2025-07-18,Ferretería general,12,53509.76,Web,Tarjeta de débito,Río Grande
TX-006334,CLI-00681,2025-07-18,Sanitarios y grifería,2,97516.74,Web,Tarjeta de débito,Río Grande
TX-006333,CLI-01168,2025-07-18,Maderas y tableros,4,72143.47,App,Tarjeta de débito,Ushuaia
TX-006332,CLI-01017,2025-07-18,Ferretería general,16,187173.34,Telefónico,Cuenta corriente,RÍO GRANDE
TX-006331,CLI-00321,2025-07-18,Ferretería general,8,113359.99,App,Cuenta corriente,Ushuaia
TX-006328,CLI-00993,2025-07-18,Aberturas,8,1662969.3,Web,Cuenta corriente,RÍO GRANDE
TX-006327,CLI-00482,2025-07-18,Ferretería general,3,24057.95,App,Tarjeta de crédito,Río Grande
TX-006326,CLI-00866,2025-07-18,Sanitarios y grifería,1,37351.27,App,Tarjeta de débito,Ushuaia
TX-006325,CLI-01165,2025-07-18,Sanitarios y grifería,2,159045.5,App,Transferencia,Ushuaia
TX-006324,CLI-00075,2025-07-18,Aberturas,2,223288.99,Web,Tarjeta de débito,Ushuaia
TX-006351,CLI-00862,2025-07-19,Plomería y caños,5,73072.61,App,Tarjeta de débito,Ushuaia
TX-006350,CLI-01197,2025-07-19,Pinturas y revestimientos,4,141181.39,Web,T. débito,Río Grande
TX-006349,CLI-00470,2025-07-19,Plomería y caños,2,30813.96,App,Tarjeta de crédito,USHUAIA
TX-006343,CLI-00256,2025-07-19,Herramientas manuales,7,174082.73,Telefónico,Cuenta corriente,Río Grande
TX-006345,CLI-01218,2025-07-19,Sanitarios y grifería,2,80097.45,Web,Transferencia,Río Grande
TX-006344,CLI-00326,2025-07-19,Ferretería general,14,83816.76,Web,Transferencia,Río Grande
TX-006341,CLI-00502,2025-07-19,Plomería y caños,7,49387.18,App,T. débito,Ushuaia
TX-006340,CLI-00100,2025-07-19,Electricidad e iluminación,5,84487.0,Web,Cuenta corriente,Ushuaia
TX-006339,CLI-00719,2025-07-19,Plomería y caños,6,172417.71,Web,T. débito,USHUAIA
TX-006346,CLI-01332,2025-07-19,Maderas y tableros,6,203485.66,App,Transferencia,Ushuaia
TX-006352,CLI-00898,2025-07-20,Sanitarios y grifería,4,135568.85,Web,Tarjeta de débito,Ushuaia
TX-006353,CLI-01009,2025-07-20,Sanitarios y grifería,5,319993.59,Web,Tarjeta de débito,Tolhuin
TX-006368,CLI-00470,2025-07-21,Electricidad e iluminación,5,73808.15,Web,Tarjeta de crédito,Ushuaia
TX-006376,CLI-00470,2025-07-21,Sanitarios y grifería,1,59718.61,Web,Tarjeta de crédito,Ushuaia
TX-006374,CLI-00811,2025-07-21,Pisos y cerámicos,25,498019.73,Web,Tarjeta de débito,Ushuaia
TX-006373,CLI-00806,2025-07-21,Electricidad e iluminación,2,53463.83,App,Cuenta corriente,Río Grande
TX-006371,CLI-00883,2025-07-21,Maderas y tableros,24,1283751.8,App,Cuenta corriente,Río Grande
TX-006367,CLI-01222,2025-07-21,Herramientas manuales,4,128933.31,Web,Cuenta corriente,Ushuaia
TX-006369,CLI-01059,2025-07-21,Ferretería general,20,-236406.66,Web,Cuenta corriente,Ushuaia
TX-006365,CLI-00194,2025-07-21,Pinturas y revestimientos,7,441062.56,Telefónico,Cuenta corriente,Río Grande
TX-006364,CLI-01051,2025-07-21,Seguridad e indumentaria,5,267289.86,App,Transferencia,Río Grande
TX-006363,CLI-00360,2025-07-21,Pinturas y revestimientos,4,207395.5,Telefónico,Cuenta corriente,Río Grande
TX-006360,CLI-00009,2025-07-21,Ferretería general,3,28330.1,Web,Tarjeta de débito,TOLHUIN
TX-006359,CLI-00503,2025-07-21,Ferretería general,3,11711.79,Web,T. débito,Río Grande
TX-006358,CLI-01168,2025-07-21,Sanitarios y grifería,3,114667.85,App,Efectivo en sucursal,Ushuaia
TX-006354,CLI-00151,2025-07-21,Ferretería general,1,3932.54,Web,Tarjeta de crédito,Tolhuin
TX-006355,CLI-01128,2025-07-21,Herramientas manuales,1,14389.55,Web,Transferencia,Río Grande
TX-006357,CLI-00543,2025-07-21,Aberturas,3,307702.12,Web,Tarjeta de débito,USHUAIA
TX-006366,CLI-01054,2025-07-21,Ferretería general,13,49410.09,Web,Tarjeta de crédito,Ushuaia
TX-006404,CLI-00351,2025-07-22,Ferretería general,9,914036.34,Web,Transferencia,Río Grande
TX-006399,CLI-01184,2025-07-22,Maderas y tableros,2,33526.94,Web,Transferencia,Río Grande
TX-006398,CLI-00292,2025-07-22,Pisos y cerámicos,5,111477.69,Web,Tarjeta de crédito,Ushuaia
TX-006397,CLI-00999,2025-07-22,Ferretería general,6,27015.65,App,Efectivo en sucursal,Río Grande
TX-006396,CLI-01204,2025-07-22,Electricidad e iluminación,4,63975.15,App,Transferencia,Ushuaia
TX-006403,CLI-01309,2025-07-22,Pinturas y revestimientos,5,113212.93,Telefónico,Tarjeta de débito,Río Grande
TX-006394,CLI-00040,2025-07-22,Herramientas manuales,3,68579.33,Web,Transferencia,Ushuaia
TX-006393,CLI-00716,2025-07-22,Seguridad e indumentaria,3,119027.62,Web,Transferencia,Río Grande
TX-006389,CLI-00603,2025-07-22,Electricidad e iluminación,5,142597.32,Web,Cuenta corriente,Ushuaia
TX-006387,CLI-00743,2025-07-22,Electricidad e iluminación,1,20186.26,Web,Tarjeta de débito,Río Grande
TX-006386,CLI-00930,2025-07-22,Herramientas manuales,21,684326.09,App,Cuenta corriente,Río Grande
TX-006385,CLI-00491,2025-07-22,Sanitarios y grifería,4,213648.15,App,Efectivo en sucursal,Río Grande
TX-006378,CLI-00602,2025-07-22,Ferretería general,12,65067.76,Web,Tarjeta de crédito,Ushuaia
TX-006379,CLI-01135,2025-07-22,Ferretería general,6,21843.31,Web,Tarjeta de crédito,Ushuaia
TX-006382,CLI-00596,2025-07-22,Maderas y tableros,14,541569.58,App,Cuenta corriente,Río Grande 
TX-006395,CLI-00441,2025-07-22,Herramientas manuales,3,53602.83,Web,Transferencia,Ushuaia
TX-006418,CLI-00358,2025-07-23,Cemento y áridos,17,305622.29,Telefónico,Cuenta corriente,Ushuaia
TX-006417,CLI-01158,2025-07-23,Plomería y caños,3,26945.57,Web,Tarjeta de débito,Ushuaia
TX-006416,CLI-00930,2025-07-23,Pisos y cerámicos,9,196477.25,App,Cuenta corriente,río grande
TX-006414,CLI-00100,2025-07-23,Herramientas manuales,5,131554.98,Telefónico,Cuenta corriente,Ushuaia
TX-006413,CLI-00302,2025-07-23,Ferretería general,2,11046.26,Web,Tarjeta de crédito,Río Grande
TX-006412,CLI-00816,2025-07-23,Ferretería general,7,21023.1,App,Tarjeta de débito,RÍO GRANDE
TX-006411,CLI-00420,2025-07-23,Maderas y tableros,2,37119.24,Web,Transferencia,Ushuaia
TX-006410,CLI-00453,2025-07-23,Ferretería general,36,309714.27,App,Cuenta corriente,RÍO GRANDE
TX-006409,CLI-00481,2025-07-23,Sanitarios y grifería,7,432786.37,Telefónico,Transferencia,Rio Grande
TX-006408,CLI-01239,2025-07-23,Pinturas y revestimientos,8,379946.24,Telefónico,Cuenta corriente,Río Grande
TX-006415,CLI-00327,2025-07-23,Plomería y caños,11,70300.36,App,Tarjeta de débito,Río Grande
TX-006431,CLI-00604,2025-07-24,Sanitarios y grifería,1,60041.95,Web,Tarjeta de débito,ushuaia
TX-006433,CLI-01049,2025-07-24,Cemento y áridos,13,550698.41,App,Cuenta corriente,Río Grande
TX-006432,CLI-00863,2025-07-24,Pinturas y revestimientos,2,37282.38,App,Transferencia,Río Grande
TX-006430,CLI-00325,2025-07-24,Aberturas,2,332542.16,App,Efectivo en sucursal,Río Grande
TX-006425,CLI-00885,2025-07-24,Sanitarios y grifería,2,77950.06,Web,Transferencia,Río Grande
TX-006428,CLI-01021,2025-07-24,Cemento y áridos,13,104512.33,App,Tarjeta de débito,Río Grande
TX-006422,CLI-00453,2025-07-24,Maderas y tableros,8,267446.35,Web,Cuenta corriente,Río Grande
TX-006429,CLI-00232,2025-07-24,Cemento y áridos,33,615100.75,Web,Cuenta corriente,Río Grande
TX-006421,CLI-00992,2025-07-24,Pinturas y revestimientos,5,266155.28,Telefónico,Cuenta corriente,Rio Grande
TX-006420,CLI-00359,2025-07-24,Cemento y áridos,5,56002.52,App,Tarjeta de crédito,Río Grande
TX-006426,CLI-00931,2025-07-24,Electricidad e iluminación,7,101912.28,Telefónico,Tarjeta de crédito,Río Grande
TX-006419,CLI-00651,2025-07-24,Ferretería general,22,106487.45,Telefónico,Tarjeta de crédito,Ushuaia
TX-006423,CLI-00856,2025-07-24,Plomería y caños,7,153515.06,Web,Cuenta corriente,Ushuaia
TX-006434,CLI-01239,2025-07-25,Cemento y áridos,9,159480.47,Web,Transferencia,Río Grande
TX-006443,CLI-00982,2025-07-25,Electricidad e iluminación,3,57557.19,App,Cuenta corriente,Ushuaia
TX-006442,CLI-00702,2025-07-25,Electricidad e iluminación,7,46166.54,App,Efectivo en sucursal,Ushuaia
TX-006435,CLI-00102,2025-07-25,Herramientas manuales,9,200991.69,Web,Tarjeta de crédito,Ushuaia
TX-006439,CLI-00212,2025-07-25,Electricidad e iluminación,19,544567.82,App,Cuenta corriente,Rio Grande
TX-006438,CLI-00460,2025-07-25,Ferretería general,2,7552.88,App,Tarjeta de débito,Ushuaia
TX-006437,CLI-00099,2025-07-25,Herramientas eléctricas,2,487653.83,App,Tarjeta de débito,Ushuaia
TX-006436,CLI-00246,2025-07-25,Herramientas eléctricas,2,334602.64,Web,Transferencia,Tolhuin
TX-006441,CLI-00602,2025-07-25,Herramientas manuales,2,32237.93,Web,Transferencia,Ushuaia
TX-006444,CLI-00090,2025-07-26,Herramientas manuales,2,60695.25,Telefónico,Cuenta corriente,Río Grande
TX-006446,CLI-00268,2025-07-26,Herramientas eléctricas,2,208287.01,Web,Tarjeta de débito,Río Grande
TX-006448,CLI-01013,2025-07-26,Aberturas,8,2831218.89,App,Cuenta corriente,Ushuaia
TX-006450,CLI-00482,2025-07-26,Ferretería general,7,68122.87,App,Cuenta corriente,Río Grande
TX-006451,CLI-01146,2025-07-26,Plomería y caños,4,65800.66,Telefónico,Cuenta corriente,Río Grande
TX-006452,CLI-00572,2025-07-26,Ferretería general,9,41804.14,Web,Transferencia,Rio Grande
TX-006453,CLI-01081,2025-07-26,Ferretería general,18,130859.05,Telefónico,Cuenta corriente,Río Grande
TX-006455,CLI-00099,2025-07-26,Seguridad e indumentaria,3,77424.13,Web,Tarjeta de crédito,Ushuaia
TX-006447,CLI-00553,2025-07-26,Ferretería general,23,149514.73,Telefónico,Transferencia,Río Grande 
TX-006457,CLI-00851,2025-07-27,Pinturas y revestimientos,3,64346.81,Web,Tarjeta de débito,Río Grande
TX-006461,CLI-00588,2025-07-27,Sanitarios y grifería,2,112734.29,Web,Efectivo en sucursal,USHUAIA
TX-006458,CLI-00304,2025-07-27,Electricidad e iluminación,2,50723.83,Web,,Ushuaia
TX-006456,CLI-00988,2025-07-27,Herramientas manuales,9,125598.51,Web,Tarjeta de débito,Río Grande
TX-006462,CLI-00122,2025-07-27,Cemento y áridos,3,37871.49,App,Tarjeta de débito,Río Grande
TX-006463,CLI-00887,2025-07-28,Herramientas manuales,3,47606.65,Web,Cuenta corriente,Río Grande
TX-006464,CLI-00644,2025-07-28,Sanitarios y grifería,2,82010.18,App,Transferencia,Ushuaia
TX-006465,CLI-01069,2025-07-28,Sanitarios y grifería,1,45767.47,Web,Tarjeta de débito,Río Grande
TX-006466,CLI-01332,2025-07-28,Herramientas eléctricas,3,783876.4,Telefónico,Cuenta corriente,Ushuaia
TX-006467,CLI-00251,2025-07-28,Seguridad e indumentaria,4,108764.46,Web,transf.,río grande
TX-006468,CLI-00268,2025-07-28,Electricidad e iluminación,2,15941.98,Web,Tarjeta de débito,Río Grande
TX-006470,CLI-00819,2025-07-28,Electricidad e iluminación,6,66532.01,Web,Tarjeta de crédito,USHUAIA
TX-006483,CLI-00680,2025-07-29,Pisos y cerámicos,4,57812.34,Web,Transferencia,Ushuaia
TX-006485,CLI-00959,2025-07-29,Pinturas y revestimientos,1,42455.77,Web,Tarjeta de débito,Ushuaia
TX-006484,CLI-00994,2025-07-29,Maderas y tableros,18,397305.24,App,Tarjeta de crédito,Río Grande
TX-006482,CLI-00551,2025-07-29,Ferretería general,15,164878.45,Telefónico,Cuenta corriente,Ushuaia
TX-006475,CLI-00598,2025-07-29,Electricidad e iluminación,2,40666.42,Telefónico,Cuenta corriente,Ushuaia
TX-006480,CLI-00905,2025-07-29,Electricidad e iluminación,2,21398.26,Web,Transferencia,Tolhuin
TX-006472,CLI-00775,2025-07-29,Ferretería general,3,10686.02,Web,Tarjeta de débito,ushuaia
TX-006474,CLI-01078,2025-07-29,Herramientas manuales,2,40688.45,App,Tarjeta de débito,Tohluin
TX-006481,CLI-00274,2025-07-29,Cemento y áridos,15,398070.67,Web,Transferencia,Río Grande
TX-006473,CLI-01295,2025-07-29,Electricidad e iluminación,5,59344.2,Web,Tarjeta de crédito,Río Grande
TX-006479,CLI-00175,2025-07-29,Herramientas manuales,3,35506.92,Web,Tarjeta de débito,Río Grande 
TX-006476,CLI-01333,2025-07-29,Cemento y áridos,18,205019.41,App,Tarjeta de débito,Ushuaia
TX-006488,CLI-00708,2025-07-30,Aberturas,4,881886.15,App,Transferencia,Río Grande
TX-006512,CLI-00359,2025-07-30,Aberturas,4,601471.23,Web,Tarjeta de débito,río grande
TX-006511,CLI-00159,2025-07-30,Electricidad e iluminación,4,145308.84,Telefónico,Cuenta corriente,Ushuaia
TX-006510,CLI-00720,2025-07-30,Pinturas y revestimientos,5,134457.61,Web,Transferencia,
TX-006509,CLI-01287,2025-07-30,Electricidad e iluminación,10,129296.49,Web,Transferencia,Río Grande
TX-006508,CLI-01212,2025-07-30,Maderas y tableros,8,171873.02,Web,Tarjeta de débito,Río Grande
TX-006507,CLI-00148,2025-07-30,Electricidad e iluminación,2,25174.78,App,Tarjeta de crédito,Río Grande
TX-006506,CLI-01161,2025-07-30,Ferretería general,6,21513.73,Web,Tarjeta de crédito,Ushuaia
TX-006487,CLI-00627,2025-07-30,Sanitarios y grifería,7,838942.83,Telefónico,Cuenta corriente,Ushuaia
TX-006504,CLI-00293,2025-07-30,Pisos y cerámicos,6,129771.42,Web,Tarjeta de débito,Río Grande
TX-006502,CLI-00482,2025-07-30,Ferretería general,5,32334.57,App,Efectivo en sucursal,Río Grande
TX-006486,CLI-00483,2025-07-30,Cemento y áridos,15,288550.69,App,Tarjeta de crédito,Río Grande
TX-006499,CLI-00300,2025-07-30,Plomería y caños,3,91065.07,Telefónico,Cuenta corriente,Ushuaia
TX-006498,CLI-00089,2025-07-30,Pisos y cerámicos,30,532382.32,Web,Transferencia,Río Grande
TX-006497,CLI-00300,2025-07-30,Aberturas,3,691498.32,Telefónico,Tarjeta de débito,USHUAIA
TX-006496,CLI-00275,2025-07-30,Pisos y cerámicos,11,195024.85,Web,Cuenta corriente,Ushuaia
TX-006494,CLI-00553,2025-07-30,Seguridad e indumentaria,4,187890.63,Web,Transferencia,Río Grande
TX-006492,CLI-00787,2025-07-30,Herramientas manuales,2,32948.29,Web,Tarjeta de crédito,Ushuaia 
TX-006491,CLI-00571,2025-07-30,Ferretería general,3,11240.9,Web,Transferencia,Río Grande
TX-006503,CLI-01116,2025-07-30,Pisos y cerámicos,5,91334.7,App,Transferencia,Ushuaia
TX-006500,CLI-00938,2025-07-30,Herramientas eléctricas,1,191802.59,Telefónico,Tarjeta de débito,Río Grande
TX-006516,CLI-00581,2025-07-31,Sanitarios y grifería,2,86231.44,Telefónico,Cuenta corriente,Río Grande
TX-006513,CLI-00719,2025-07-31,Cemento y áridos,15,580706.47,Web,Cuenta corriente,Ushuaia
TX-006514,CLI-00448,2025-07-31,Pinturas y revestimientos,8,378569.15,App,Cuenta corriente,Río Grande
TX-006518,CLI-00114,2025-07-31,Electricidad e iluminación,6,81716.75,Web,Tarjeta de débito,Ushuaia
TX-006519,CLI-00232,2025-07-31,Cemento y áridos,22,625141.76,Telefónico,Tarjeta de crédito,Río Grande
TX-006520,CLI-00068,2025-08-01,Herramientas eléctricas,3,1294222.39,App,Tarjeta de crédito,Río Grande
TX-006536,CLI-00100,2025-08-01,Plomería y caños,6,,Telefónico,Cuenta corriente,USHUAIA
TX-006535,CLI-00450,2025-08-01,Pinturas y revestimientos,6,261255.11,App,Transferencia,Ushuaia
TX-006534,CLI-01276,2025-08-01,Sanitarios y grifería,9,469021.06,App,Transferencia,Ushuaia
TX-006533,CLI-00231,2025-08-01,Plomería y caños,4,35070.33,App,Tarjeta de crédito,Ushuaia
TX-006531,CLI-00515,2025-08-01,Ferretería general,22,180162.17,Telefónico,Cuenta corriente,Rio Grande
TX-006532,CLI-00194,2025-08-01,Seguridad e indumentaria,4,423294.38,Telefónico,Cuenta corriente,río grande
TX-006529,CLI-01307,2025-08-01,Herramientas manuales,8,118622.98,Telefónico,Tarjeta de crédito,Ushuaia
TX-006528,CLI-00119,2025-08-01,Seguridad e indumentaria,3,122534.9,Web,Tarjeta de débito,TOLHUIN
TX-006527,CLI-00615,2025-08-01,Ferretería general,2,9552.36,App,Efectivo en sucursal,Rio Grande
TX-006526,CLI-00470,2025-08-01,Seguridad e indumentaria,3,120497.0,Web,Tarjeta de crédito,Ushuaia
TX-006525,CLI-01168,2025-08-01,Plomería y caños,5,46097.68,App,Tarjeta de débito,Ushuaia
TX-006524,CLI-00450,2025-08-01,Pinturas y revestimientos,4,176939.12,Telefónico,Transferencia,Ushuaia
TX-006523,CLI-01243,2025-08-01,Electricidad e iluminación,3,57559.05,Telefónico,Cuenta corriente,Río Grande
TX-006521,CLI-01212,2025-08-01,Herramientas eléctricas,1,188508.8,Web,Cuenta corriente,Río Grande
TX-006530,CLI-00151,2025-08-01,Pinturas y revestimientos,2,37886.85,Web,Tarjeta de débito,Tolhuin
TX-006550,CLI-00402,2025-08-02,Plomería y caños,2,14258.18,Web,Transferencia,Rio Grande
TX-006551,CLI-00148,2025-08-02,Herramientas manuales,2,45227.97,App,Tarjeta de débito,Río Grande
TX-006548,CLI-00701,2025-08-02,Maderas y tableros,9,569300.75,Web,Tarjeta de crédito,Río Grande
TX-006541,CLI-00813,2025-08-02,Pinturas y revestimientos,6,453566.83,Telefónico,Tarjeta de crédito,Rio Grande
TX-006545,CLI-00068,2025-08-02,Ferretería general,12,117518.87,Telefónico,Cuenta corriente,río grande
TX-006544,CLI-00806,2025-08-02,Cemento y áridos,75,3656503.14,Telefónico,Efectivo en sucursal,Rio Grande
TX-006542,CLI-00274,2025-08-02,Electricidad e iluminación,10,435285.92,App,Tarjeta de crédito,Río Grande
TX-006540,CLI-00068,2025-08-02,Ferretería general,6,78759.41,Telefónico,Cuenta corriente,Río Grande
TX-006538,CLI-00102,2025-08-02,Electricidad e iluminación,7,100516.02,App,Tarjeta de débito,Ushuaia
TX-006537,CLI-00719,2025-08-02,Sanitarios y grifería,4,458144.19,Telefónico,Cuenta corriente,ushuaia
TX-006546,CLI-00178,2025-08-02,Pisos y cerámicos,43,1029398.72,App,Cuenta corriente,Ushuaia
TX-006553,CLI-00750,2025-08-03,Cemento y áridos,4,65004.07,App,Tarjeta de débito,Ushuaia
TX-006554,CLI-00159,2025-08-03,Ferretería general,17,94788.43,Telefónico,Transferencia,Ushuaia
TX-006569,CLI-01223,2025-08-04,Plomería y caños,20,154324.29,Web,Tarjeta de débito,Ushuaia
TX-006573,CLI-01295,2025-08-04,Ferretería general,11,41472.9,App,Tarjeta de débito,Rio Grande
TX-006572,CLI-01258,2025-08-04,Sanitarios y grifería,6,352668.6,Web,Tarjeta de débito,Río Grande
TX-006571,CLI-00232,2025-08-04,Pisos y cerámicos,31,807964.68,Telefónico,Transferencia,Río Grande
TX-006570,CLI-00898,2025-08-04,Electricidad e iluminación,8,139333.78,App,Tarjeta de débito,Ushuaia
TX-006568,CLI-01223,2025-08-04,Seguridad e indumentaria,4,141501.76,Web,Transferencia,USHUAIA
TX-006561,CLI-00221,2025-08-04,Plomería y caños,5,52200.17,Web,T. débito,Río Grande
TX-006566,CLI-00551,2025-08-04,Pinturas y revestimientos,2,150210.48,App,Cuenta corriente,Ushuaia
TX-006565,CLI-01243,2025-08-04,Aberturas,2,473532.47,Web,Cuenta corriente,Río Grande
TX-006564,CLI-00772,2025-08-04,Maderas y tableros,26,1099463.71,App,Transferencia,Río Grande
TX-006563,CLI-00483,2025-08-04,Pinturas y revestimientos,5,170752.87,App,Tarjeta de débito,Río Grande
TX-006562,CLI-00226,2025-08-04,Pinturas y revestimientos,4,112767.24,Web,Tarjeta de crédito,Río Grande
TX-006560,CLI-00162,2025-08-04,Ferretería general,9,73344.45,Telefónico,Cuenta corriente,Río Grande
TX-006555,CLI-00125,2025-08-04,Seguridad e indumentaria,2,64903.52,Web,Transferencia,Ushuaia
TX-006556,CLI-01049,2025-08-04,Plomería y caños,6,172111.21,Telefónico,Tarjeta de crédito,RÍO GRANDE
TX-006558,CLI-00212,2025-08-04,Seguridad e indumentaria,2,129114.1,Telefónico,Cuenta corriente,Río Grande
TX-006567,CLI-01032,2025-08-04,Herramientas manuales,3,39342.1,App,Transferencia,Río Grande
TX-006591,CLI-01252,2025-08-05,Plomería y caños,4,40495.19,App,Tarjeta de crédito,Río Grande
TX-006590,CLI-01210,2025-08-05,Electricidad e iluminación,4,38929.12,Web,Tarjeta de débito,Río Grande
TX-006587,CLI-00194,2025-08-05,Ferretería general,3,50767.68,App,Cuenta corriente,Río Grande
TX-006586,CLI-00371,2025-08-05,Pinturas y revestimientos,4,83561.71,Web,Cuenta corriente,Ushuaia
TX-006585,CLI-00009,2025-08-05,Ferretería general,48,442720.4,App,Cuenta corriente,Tolhuin
TX-006581,CLI-00308,2025-08-05,Herramientas manuales,2,30422.33,Web,Tarjeta de crédito,Río Grande
TX-006583,CLI-00308,2025-08-05,Ferretería general,5,21544.2,Web,Transferencia,Río Grande
TX-006580,CLI-00172,2025-08-05,Cemento y áridos,17,589895.06,App,Cuenta corriente,Tolhuin
TX-006579,CLI-00933,2025-08-05,Electricidad e iluminación,2,32331.9,App,Transferencia,Ushuaia
TX-006578,CLI-00719,2025-08-05,Aberturas,2,808630.89,Telefónico,Transferencia,Ushuaia
TX-006577,CLI-00883,2025-08-05,Electricidad e iluminación,6,-192650.71,App,Cuenta corriente,Río Grande
TX-006576,CLI-00232,2025-08-05,Herramientas manuales,13,510775.46,App,Tarjeta de crédito,Río Grande
TX-006575,CLI-00114,2025-08-05,Plomería y caños,4,27975.77,App,Tarjeta de débito,Ushuaia
TX-006574,CLI-01121,2025-08-05,Herramientas manuales,3,40466.68,Web,Transferencia,Río Grande
TX-006584,CLI-00172,2025-08-05,Sanitarios y grifería,3,588658.05,Telefónico,Cuenta corriente,Tolhuin
TX-006602,CLI-00879,2025-08-06,Electricidad e iluminación,2,67049.95,Telefónico,Cuenta corriente,Río Grande
TX-006603,CLI-00089,2025-08-06,Herramientas eléctricas,1,181923.03,App,Tarjeta de débito,Rio Grande
TX-006601,CLI-00112,2025-08-06,Maderas y tableros,15,944139.58,Telefónico,Cuenta corriente,RÍO GRANDE
TX-006597,CLI-00226,2025-08-06,Pinturas y revestimientos,7,261266.45,Web,Tarjeta de crédito,Río Grande
TX-006599,CLI-01148,2025-08-06,Maderas y tableros,14,321129.25,Web,Tarjeta de débito,Ushuaia
TX-006596,CLI-00814,2025-08-06,Herramientas manuales,3,65521.51,Web,Transferencia,USHUAIA
TX-006600,CLI-01193,2025-08-06,Ferretería general,11,39460.58,App,Tarjeta de crédito,Río Grande
TX-006595,CLI-01117,2025-08-06,Plomería y caños,5,39820.12,Web,Transferencia,Río Grande
TX-006594,CLI-01331,2025-08-06,Seguridad e indumentaria,2,86469.16,Web,Tarjeta de débito,Río Grande
TX-006592,CLI-01243,2025-08-06,Cemento y áridos,23,443122.78,Web,Cuenta corriente,Río Grande
TX-006609,CLI-01051,2025-08-07,Pinturas y revestimientos,2,89405.33,Web,Cuenta corriente,Río Grande
TX-006605,CLI-00117,2025-08-07,Herramientas eléctricas,2,388146.57,Web,Tarjeta de débito,Río Grande
TX-006604,CLI-00387,2025-08-07,Herramientas manuales,1,21952.95,Web,Tarjeta de crédito,Río Grande
TX-006606,CLI-01059,2025-08-07,Pisos y cerámicos,11,472788.3,App,Cuenta corriente,Ushuaia
TX-006617,CLI-00848,2025-08-07,Cemento y áridos,34,254949.92,Web,Tarjeta de débito,Ushuaia
TX-006619,CLI-00997,2025-08-07,Herramientas manuales,2,21561.2,Web,Tarjeta de crédito,Río Grande
TX-006615,CLI-00596,2025-08-07,Pisos y cerámicos,37,1514382.38,Telefónico,Cuenta corriente,Río Grande
TX-006614,CLI-00068,2025-08-07,Maderas y tableros,10,483843.81,Web,Cuenta corriente,Río Grande
TX-006613,CLI-00708,2025-08-07,Ferretería general,13,87628.57,App,Cuenta corriente,Río Grande
TX-006611,CLI-00686,2025-08-07,Sanitarios y grifería,3,,Web,Transferencia,Ushuaia
TX-006610,CLI-00879,2025-08-07,Ferretería general,3,31573.2,App,Cuenta corriente,Río Grande
TX-006616,CLI-01007,2025-08-07,Ferretería general,12,38086.29,Web,Tarjeta de débito,Río Grande
TX-006638,CLI-01238,2025-08-08,Ferretería general,10,86174.15,App,Cuenta corriente,Ushuaia
TX-006637,CLI-00753,2025-08-08,Herramientas manuales,5,139133.93,Web,Tarjeta de débito,Río Grande
TX-006636,CLI-00322,2025-08-08,Pisos y cerámicos,10,284222.89,Telefónico,Tarjeta de crédito,Río Grande
TX-006635,CLI-00990,2025-08-08,Sanitarios y grifería,4,296200.85,App,Tarjeta de crédito,Ushuaia
TX-006634,CLI-00441,2025-08-08,Pinturas y revestimientos,16,371414.03,Web,Tarjeta de crédito,Ushuaia
TX-006631,CLI-00024,2025-08-08,Sanitarios y grifería,3,124085.18,Telefónico,Efectivo en sucursal,Río Grande
TX-006632,CLI-00850,2025-08-08,Maderas y tableros,12,470219.56,Telefónico,Transferencia,Río Grande
TX-006629,CLI-00078,2025-08-08,Plomería y caños,3,36799.35,App,Tarjeta de crédito,ushuaia
TX-006625,CLI-00937,2025-08-08,Herramientas manuales,17,269602.92,Web,Tarjeta de débito,Ushuaia
TX-006624,CLI-00883,2025-08-08,Sanitarios y grifería,4,413032.48,Telefónico,Transferencia,Río Grande
TX-006623,CLI-01293,2025-08-08,Maderas y tableros,3,64849.44,Web,Tarjeta de débito,Río Grande
TX-006622,CLI-00356,2025-08-08,Maderas y tableros,13,472897.8,App,Cuenta corriente,Río Grande
TX-006620,CLI-01217,2025-08-08,Cemento y áridos,17,300488.18,App,Cuenta corriente,Ushuaia
TX-006633,CLI-00734,2025-08-08,Cemento y áridos,21,262203.08,Telefónico,Tarjeta de crédito,Río Grande
TX-006627,CLI-01121,2025-08-08,Electricidad e iluminación,1,10413.34,Telefónico,Tarjeta de débito,Río Grande
TX-006639,CLI-00753,2025-08-09,Ferretería general,6,19827.36,Web,Tarjeta de crédito,Río Grande
TX-006640,CLI-00990,2025-08-09,Pisos y cerámicos,17,521208.57,App,Transferencia,Ushuaia
TX-006641,CLI-00194,2025-08-09,Pinturas y revestimientos,11,,Telefónico,Cuenta corriente,Río Grande
TX-006643,CLI-01120,2025-08-09,Pinturas y revestimientos,1,22909.16,Web,Tarjeta de crédito,Río Grande
TX-006644,CLI-00274,2025-08-09,Cemento y áridos,2,60925.4,Web,Transferencia,Río Grande
TX-006645,CLI-00708,2025-08-09,Pinturas y revestimientos,29,1056408.67,App,Cuenta corriente,Río Grande
TX-006648,CLI-01009,2025-08-10,Herramientas manuales,2,28728.03,Web,Transferencia,Tolhuin
TX-006647,CLI-00123,2025-08-10,Electricidad e iluminación,2,32699.32,Web,Tarjeta de débito,Río Grande
TX-006646,CLI-00218,2025-08-10,Plomería y caños,8,97568.39,Web,Tarjeta de crédito,Río Grande
TX-006649,CLI-01021,2025-08-10,Plomería y caños,3,31702.93,Web,Efectivo en sucursal,Río Grande
TX-006651,CLI-00450,2025-08-11,Seguridad e indumentaria,14,836502.41,App,Cuenta corriente,Ushuaia
TX-006650,CLI-00005,2025-08-11,Ferretería general,2,7283.24,Web,Transferencia,Río Grande
TX-006669,CLI-00632,2025-08-11,Sanitarios y grifería,1,65214.71,Web,Efectivo en sucursal,Río Grande 
TX-006667,CLI-00128,2025-08-11,Ferretería general,7,64897.75,Web,Cuenta corriente,Río Grande
TX-006666,CLI-01053,2025-08-11,Herramientas manuales,7,249146.08,Web,Cuenta corriente,RÍO GRANDE
TX-006664,CLI-00188,2025-08-11,Seguridad e indumentaria,11,476295.49,App,Efectivo en sucursal,Tolhuin
TX-006663,CLI-01239,2025-08-11,Ferretería general,8,53859.89,App,Cuenta corriente,río grande
TX-006662,CLI-00832,2025-08-11,Pinturas y revestimientos,3,66731.05,Web,Tarjeta de débito,Ushuaia
TX-006659,CLI-00994,2025-08-11,Ferretería general,2,125444.02,App,Efectivo en sucursal,Río Grande
TX-006658,CLI-00719,2025-08-11,Maderas y tableros,7,472146.75,App,Transferencia,Ushuaia
TX-006657,CLI-00629,2025-08-11,Plomería y caños,10,138533.88,Telefónico,Cuenta corriente,Río Grande
TX-006656,CLI-00040,2025-08-11,Ferretería general,17,153586.62,Web,Tarjeta de crédito,Ushuaia
TX-006655,CLI-00632,2025-08-11,Herramientas manuales,9,158713.97,Web,Transferencia,Río Grande
TX-006654,CLI-00935,2025-08-11,Cemento y áridos,32,990406.79,Web,Cuenta corriente,Río Grande
TX-006653,CLI-00163,2025-08-11,Herramientas eléctricas,2,684687.12,App,Tarjeta de crédito,Río Grande
TX-006652,CLI-00999,2025-08-11,Pisos y cerámicos,6,146404.42,Web,Transferencia,Río Grande
TX-006660,CLI-00881,2025-08-11,Plomería y caños,11,69978.9,Web,Tarjeta de débito,Tolhuin
TX-006683,CLI-00357,2025-08-12,Maderas y tableros,3,169180.86,App,Cuenta corriente,Ushuaia
TX-006672,CLI-01064,2025-08-12,Pinturas y revestimientos,6,136575.14,Web,Transferencia,Río Grande
TX-006680,CLI-00371,2025-08-12,Ferretería general,4,18347.68,App,Transferencia,Ushuaia
TX-006675,CLI-00390,2025-08-12,Cemento y áridos,13,265780.01,App,Cuenta corriente,Ushuaia
TX-006674,CLI-01347,2025-08-12,Pisos y cerámicos,5,170655.45,App,Cuenta corriente,Río Grande
TX-006671,CLI-00656,2025-08-12,Pisos y cerámicos,34,376565.69,Telefónico,Efectivo en sucursal,Río Grande
TX-006681,CLI-00538,2025-08-12,Herramientas manuales,1,21394.78,Web,Tarjeta de crédito,ushuaia
TX-006703,CLI-01293,2025-08-13,Aberturas,2,191082.93,Web,Tarjeta de débito,Río Grande
TX-006712,CLI-00470,2025-08-13,Herramientas manuales,3,65582.57,Web,Transferencia,ushuaia
TX-006711,CLI-01044,2025-08-13,Cemento y áridos,19,292554.29,Telefónico,Tarjeta de débito,Río Grande
TX-006710,CLI-00274,2025-08-13,Pisos y cerámicos,63,2367094.82,App,Cuenta corriente,Río Grande
TX-006709,CLI-00992,2025-08-13,Sanitarios y grifería,5,440072.91,Web,Cuenta corriente,Río Grande
TX-006708,CLI-00448,2025-08-13,Plomería y caños,4,-49625.46,App,Cuenta corriente,Río Grande
TX-006705,CLI-00956,2025-08-13,Electricidad e iluminación,3,59778.6,Telefónico,Tarjeta de débito,ushuaia
TX-006702,CLI-01059,2025-08-13,Herramientas manuales,8,401476.72,App,Cuenta corriente,Ushuaia
TX-006687,CLI-00720,2025-08-13,Maderas y tableros,5,133789.82,Web,Tarjeta de crédito,Río Grande
TX-006699,CLI-00294,2025-08-13,Ferretería general,4,16951.88,Web,Tarjeta de crédito,Rio Grande
TX-006685,CLI-00039,2025-08-13,Aberturas,2,181284.6,Web,Transferencia,USHUAIA
TX-006684,CLI-00141,2025-08-13,Ferretería general,3,13580.47,App,Transferencia,Río Grande
TX-006701,CLI-00338,2025-08-13,Herramientas manuales,3,47475.84,Web,Tarjeta de débito,río grande
TX-006688,CLI-01229,2025-08-13,Plomería y caños,2,14165.23,Web,Tarjeta de crédito,Ushuaia
TX-006690,CLI-00016,2025-08-13,Herramientas manuales,12,519161.51,App,Transferencia,Río Grande
TX-006686,CLI-00988,2025-08-13,Electricidad e iluminación,8,81091.9,Web,Transferencia,Río Grande
TX-006693,CLI-01222,2025-08-13,Aberturas,5,1118378.49,App,Cuenta corriente,USHUAIA
TX-006697,CLI-00597,2025-08-13,Plomería y caños,8,58882.48,Web,Tarjeta de débito,Ushuaia
TX-006696,CLI-00743,2025-08-13,Herramientas eléctricas,2,291344.91,Web,Tarjeta de débito,río grande
TX-006692,CLI-01104,2025-08-13,Electricidad e iluminación,2,42279.56,Telefónico,Transferencia,Río Grande
TX-006695,CLI-01067,2025-08-13,Electricidad e iluminación,6,813551.01,Web,Tarjeta de crédito,Tolhuin
TX-006722,CLI-00031,2025-08-14,Ferretería general,2,5456.8,App,Tarjeta de crédito,Río Grande
TX-006723,CLI-00016,2025-08-14,Pinturas y revestimientos,5,254135.15,Web,,Río Grande
TX-006719,CLI-00772,2025-08-14,Sanitarios y grifería,2,204104.25,Web,Cuenta corriente,Río Grande
TX-006715,CLI-00335,2025-08-14,Herramientas manuales,3,37655.88,App,Tarjeta de débito,Ushuaia
TX-006714,CLI-00868,2025-08-14,Seguridad e indumentaria,3,117512.43,Web,Tarjeta de crédito,Ushuaia
TX-006713,CLI-00938,2025-08-14,Sanitarios y grifería,7,378263.21,App,Tarjeta de crédito,Rio Grande
TX-006720,CLI-00879,2025-08-14,Seguridad e indumentaria,3,293525.48,Telefónico,Cuenta corriente,Río Grande
TX-006724,CLI-00419,2025-08-15,Ferretería general,4,16942.6,Telefónico,Tarjeta de crédito,Río Grande
TX-006726,CLI-01029,2025-08-15,Herramientas manuales,2,31696.88,Web,T. crédito,Río Grande
TX-006727,CLI-00162,2025-08-15,Ferretería general,20,208562.12,Telefónico,Cuenta corriente,Río Grande
TX-006730,CLI-00629,2025-08-15,Cemento y áridos,29,467684.21,App,Cuenta corriente,Río Grande
TX-006731,CLI-00577,2025-08-15,Pinturas y revestimientos,3,159475.74,App,Efectivo en sucursal,Río Grande
TX-006732,CLI-01313,2025-08-15,Ferretería general,3,,App,Transferencia,Río Grande
TX-006729,CLI-00598,2025-08-15,Herramientas manuales,13,349672.0,App,Cuenta corriente,Ushuaia
TX-006733,CLI-00996,2025-08-16,Sanitarios y grifería,4,272460.19,App,Cuenta corriente,Ushuaia
TX-006734,CLI-00790,2025-08-16,Plomería y caños,2,14499.4,Web,Transferencia,TOLHUIN
TX-006735,CLI-00333,2025-08-16,Pisos y cerámicos,10,188454.93,App,Tarjeta de débito,Ushuaia
TX-006737,CLI-00719,2025-08-16,Pisos y cerámicos,42,2092841.44,Telefónico,Cuenta corriente,Ushuaia
TX-006740,CLI-01104,2025-08-17,Pinturas y revestimientos,4,171763.41,Web,Cuenta corriente,Río Grande 
TX-006738,CLI-00199,2025-08-17,Electricidad e iluminación,1,23636.82,Telefónico,Tarjeta de crédito,Río Grande
TX-006739,CLI-01006,2025-08-17,Pinturas y revestimientos,4,180888.71,Telefónico,Transferencia,Río Grande
TX-006742,CLI-01006,2025-08-17,Ferretería general,120,914603.35,Telefónico,Cuenta corriente,Río Grande
TX-006745,CLI-00359,2025-08-18,Herramientas manuales,4,81747.06,Telefónico,Tarjeta de débito,Río Grande
TX-006761,CLI-00841,2025-08-18,Seguridad e indumentaria,13,991036.17,App,Cuenta corriente,Ushuaia
TX-006743,CLI-00935,2025-08-18,Pinturas y revestimientos,12,840658.65,Telefónico,Transferencia,río grande
TX-006759,CLI-01059,2025-08-18,Maderas y tableros,18,1068792.34,Telefónico,Cuenta corriente,Ushuaia
TX-006758,CLI-00274,2025-08-18,Sanitarios y grifería,3,472356.78,App,transf.,Río Grande
TX-006757,CLI-00731,2025-08-18,Electricidad e iluminación,2,19531.64,App,Tarjeta de crédito,RÍO GRANDE
TX-006760,CLI-00895,2025-08-18,Pinturas y revestimientos,3,72929.78,App,Transferencia,Ushuaia
TX-006754,CLI-00172,2025-08-18,Maderas y tableros,8,428899.6,Telefónico,Cuenta corriente,Tolhuin
TX-006753,CLI-01299,2025-08-18,Cemento y áridos,25,417288.47,Telefónico,Cuenta corriente,Río Grande
TX-006752,CLI-00216,2025-08-18,Aberturas,2,253850.63,App,Efectivo en sucursal,Tolhuin
TX-006751,CLI-00819,2025-08-18,Pisos y cerámicos,2,44951.13,Web,T. crédito,Ushuaia
TX-006750,CLI-01044,2025-08-18,Herramientas manuales,9,303664.58,App,Cuenta corriente,Río Grande
TX-006746,CLI-00283,2025-08-18,Cemento y áridos,13,144230.3,App,Tarjeta de crédito,Ushuaia
TX-006748,CLI-00827,2025-08-18,Electricidad e iluminación,6,70025.19,App,Tarjeta de débito,Río Grande
TX-006749,CLI-01258,2025-08-18,Electricidad e iluminación,3,42011.99,Web,Transferencia,Río Grande
TX-006756,CLI-00430,2025-08-18,Plomería y caños,3,16178.63,Web,Tarjeta de débito,Ushuaia
TX-006765,CLI-00818,2025-08-19,Sanitarios y grifería,17,598614.88,Web,Transferencia,Ushuaia 
TX-006764,CLI-00577,2025-08-19,Cemento y áridos,10,267153.32,Telefónico,Cuenta corriente,Río Grande
TX-006763,CLI-00157,2025-08-19,Cemento y áridos,53,1128431.07,App,Cuenta corriente,Ushuaia
TX-006762,CLI-00842,2025-08-19,Ferretería general,9,96283.79,Telefónico,Transferencia,río grande
TX-006766,CLI-00862,2025-08-19,Electricidad e iluminación,8,246929.85,Telefónico,Cuenta corriente,Ushuaia
TX-006777,CLI-01078,2025-08-20,Plomería y caños,15,108217.64,Web,Tarjeta de crédito,Tolhuin
TX-006778,CLI-00162,2025-08-20,Pinturas y revestimientos,3,166400.85,Telefónico,Cuenta corriente,Río Grande
TX-006776,CLI-00266,2025-08-20,Plomería y caños,1,11397.23,Web,Transferencia,Ushuaia
TX-006771,CLI-01287,2025-08-20,Pinturas y revestimientos,4,120534.98,Web,Tarjeta de crédito,Río Grande
TX-006774,CLI-00117,2025-08-20,Seguridad e indumentaria,1,39498.81,Web,Transferencia,río grande
TX-006770,CLI-00344,2025-08-20,Electricidad e iluminación,8,134165.7,Telefónico,Transferencia,Río Grande
TX-006769,CLI-00232,2025-08-20,Cemento y áridos,131,2770045.97,Telefónico,Transferencia,Río Grande
TX-006767,CLI-00931,2025-08-20,Sanitarios y grifería,4,214500.55,Web,Tarjeta de débito,Río Grande
TX-006775,CLI-00930,2025-08-20,Herramientas manuales,5,167090.04,Web,Transferencia,Río Grande
TX-006772,CLI-00681,2025-08-20,Electricidad e iluminación,1,11060.85,Web,Transferencia,Río Grande
TX-006773,CLI-00417,2025-08-20,Pinturas y revestimientos,8,203277.68,Web,Tarjeta de débito,Río Grande
TX-006781,CLI-00326,2025-08-21,Maderas y tableros,5,110973.92,App,Tarjeta de crédito,Río Grande
TX-006779,CLI-01013,2025-08-21,Herramientas manuales,3,153744.8,Telefónico,Transferencia,Ushuaia 
TX-006794,CLI-01347,2025-08-21,Cemento y áridos,24,750326.8,App,Cuenta corriente,Río Grande
TX-006793,CLI-00773,2025-08-21,Maderas y tableros,20,626778.32,Telefónico,Tarjeta de crédito,Río Grande
TX-006791,CLI-00822,2025-08-21,Herramientas manuales,2,24894.53,Web,Tarjeta de débito,río grande
TX-006780,CLI-01313,2025-08-21,Electricidad e iluminación,10,196343.96,Telefónico,Cuenta corriente,RÍO GRANDE
TX-006788,CLI-00142,2025-08-21,Aberturas,2,480591.15,App,Cuenta corriente,Río Grande
TX-006787,CLI-00354,2025-08-21,Herramientas manuales,4,75062.32,App,Transferencia,Río Grande
TX-006786,CLI-00964,2025-08-21,Ferretería general,17,67689.55,App,Tarjeta de crédito,Río Grande
TX-006790,CLI-01104,2025-08-21,Cemento y áridos,28,700310.4,App,Cuenta corriente,Río Grande
TX-006785,CLI-00627,2025-08-21,Pinturas y revestimientos,5,226615.08,App,Cuenta corriente,Ushuaia
TX-006783,CLI-01046,2025-08-21,Seguridad e indumentaria,8,385836.38,Telefónico,Cuenta corriente,Río Grande
TX-006782,CLI-01240,2025-08-21,Ferretería general,5,22246.06,Telefónico,Tarjeta de débito,Ushuaia
TX-006808,CLI-00111,2025-08-22,Sanitarios y grifería,1,49866.2,App,Tarjeta de débito,Río Grande
TX-006805,CLI-00842,2025-08-22,Aberturas,5,1617161.01,Web,Cuenta corriente,Río Grande
TX-006803,CLI-00293,2025-08-22,Pisos y cerámicos,6,104965.76,Web,Tarjeta de crédito,Río Grande
TX-006802,CLI-00935,2025-08-22,Electricidad e iluminación,18,857010.2,Telefónico,Cuenta corriente,Río Grande
TX-006801,CLI-00304,2025-08-22,Maderas y tableros,23,712835.92,App,Transferencia,Ushuaia
TX-006800,CLI-01084,2025-08-22,Ferretería general,33,420399.94,App,Cuenta corriente,Ushuaia
TX-006799,CLI-00028,2025-08-22,Sanitarios y grifería,3,197452.1,Telefónico,Cuenta corriente,Ushuaia
TX-006798,CLI-00965,2025-08-22,Pisos y cerámicos,4,81294.82,Web,Tarjeta de crédito,Ushuaia
TX-006797,CLI-00993,2025-08-22,Herramientas eléctricas,5,2044002.11,App,Cuenta corriente,Río Grande
TX-006822,CLI-00354,2025-08-23,Plomería y caños,2,16614.79,Web,Transferencia,Río Grande
TX-006820,CLI-00665,2025-08-23,Ferretería general,5,23733.6,App,Transferencia,Ushuaia
TX-006819,CLI-01084,2025-08-23,Pisos y cerámicos,16,904666.46,App,Cuenta corriente,Ushuaia
TX-006818,CLI-00695,2025-08-23,Ferretería general,8,25749.6,Web,Tarjeta de débito,Río Grande
TX-006821,CLI-00762,2025-08-23,Seguridad e indumentaria,3,97374.66,App,Cuenta corriente,Río Grande
TX-006816,CLI-00632,2025-08-23,Aberturas,1,169650.94,Web,Tarjeta de crédito,Río Grande
TX-006814,CLI-01120,2025-08-23,Pisos y cerámicos,35,706273.65,Web,Transferencia,Río Grande
TX-006809,CLI-01333,2025-08-23,Seguridad e indumentaria,2,93952.25,Web,Tarjeta de crédito,Ushuaia
TX-006813,CLI-00553,2025-08-23,Sanitarios y grifería,1,114549.63,App,Cuenta corriente,Río Grande
TX-006810,CLI-01337,2025-08-23,Electricidad e iluminación,3,29275.91,Web,Transferencia,Río Grande
TX-006811,CLI-00444,2025-08-23,Cemento y áridos,10,190831.43,Telefónico,Tarjeta de crédito,USHUAIA
TX-006812,CLI-00382,2025-08-23,Herramientas manuales,3,46875.37,Web,T. crédito,Río Grande
TX-006817,CLI-01199,2025-08-23,Pisos y cerámicos,6,213888.12,Telefónico,Cuenta corriente,RÍO GRANDE
TX-006825,CLI-01141,2025-08-24,Seguridad e indumentaria,4,242239.09,App,Transferencia,Ushuaia
TX-006823,CLI-00355,2025-08-24,Pinturas y revestimientos,4,143453.22,Web,Transferencia,Río Grande
TX-006824,CLI-00759,2025-08-24,Pisos y cerámicos,3,94215.59,Telefónico,Cuenta corriente,Ushuaia
TX-006826,CLI-00701,2025-08-24,Ferretería general,11,129844.25,Telefónico,Tarjeta de crédito,Río Grande
TX-006827,CLI-00982,2025-08-24,Ferretería general,21,152142.06,Web,Transferencia,Ushuaia 
TX-006828,CLI-00568,2025-08-25,Cemento y áridos,28,476983.11,Telefónico,Transferencia,Río Grande
TX-006847,CLI-00787,2025-08-25,Seguridad e indumentaria,5,215782.33,App,Tarjeta de crédito,Ushuaia
TX-006846,CLI-00838,2025-08-25,Herramientas manuales,4,72781.55,Telefónico,Tarjeta de crédito,Río Grande
TX-006845,CLI-01174,2025-08-25,Herramientas eléctricas,4,2792978.58,Telefónico,Transferencia,Río Grande
TX-006844,CLI-01104,2025-08-25,Sanitarios y grifería,3,272959.6,Telefónico,Tarjeta de débito,Río Grande
TX-006843,CLI-00804,2025-08-25,Electricidad e iluminación,9,150353.49,Web,Tarjeta de crédito,Río Grande
TX-006841,CLI-01121,2025-08-25,Ferretería general,3,13848.5,App,Tarjeta de débito,Río Grande
TX-006842,CLI-00450,2025-08-25,Plomería y caños,1,14804.29,Telefónico,Cuenta corriente,Ushuaia
TX-006839,CLI-01195,2025-08-25,Ferretería general,6,35491.24,App,Efectivo en sucursal,Río Grande
TX-006836,CLI-00577,2025-08-25,Aberturas,4,834318.89,App,Cuenta corriente,Río Grande
TX-006835,CLI-01037,2025-08-25,Herramientas eléctricas,2,516379.26,Web,Cuenta corriente,Ushuaia
TX-006834,CLI-00689,2025-08-25,Pisos y cerámicos,6,197892.98,Telefónico,Cuenta corriente,Río Grande
TX-006833,CLI-01085,2025-08-25,Pinturas y revestimientos,6,211493.26,Web,Tarjeta de crédito,Río Grande
TX-006832,CLI-00453,2025-08-25,Sanitarios y grifería,7,654067.08,Web,Cuenta corriente,Río Grande
TX-006830,CLI-00818,2025-08-25,Pisos y cerámicos,21,458578.21,Web,Tarjeta de crédito,Ushuaia
TX-006829,CLI-00392,2025-08-25,Pisos y cerámicos,10,426277.82,Telefónico,Transferencia,Rio Grande
TX-006840,CLI-00546,2025-08-25,Ferretería general,7,-52114.23,App,Cuenta corriente,Río Grande
TX-006838,CLI-00041,2025-08-25,Aberturas,1,118899.33,Web,Tarjeta de crédito,Tolhuin
TX-006857,CLI-00944,2025-08-26,Plomería y caños,1,5991.07,Web,Tarjeta de crédito,Ushuaia
TX-006860,CLI-00321,2025-08-26,Ferretería general,12,189188.62,App,Transferencia,Ushuaia
TX-006859,CLI-00298,2025-08-26,Ferretería general,4,22738.54,Web,Transferencia,Río Grande
TX-006858,CLI-00298,2025-08-26,Pinturas y revestimientos,2,70805.44,Web,Tarjeta de débito,Río Grande
TX-006856,CLI-00762,2025-08-26,Pinturas y revestimientos,4,124994.96,Telefónico,Tarjeta de crédito,Río Grande
TX-006854,CLI-01076,2025-08-26,Pinturas y revestimientos,5,94588.63,Web,Tarjeta de crédito,Ushuaia
TX-006848,CLI-01174,2025-08-26,Cemento y áridos,12,323081.52,App,Cuenta corriente,Río Grande
TX-006849,CLI-00113,2025-08-26,Pisos y cerámicos,11,259684.91,App,Cuenta corriente,Río Grande 
TX-006850,CLI-01342,2025-08-26,Herramientas manuales,3,61172.84,Web,Transferencia,Ushuaia
TX-006855,CLI-00202,2025-08-26,Pisos y cerámicos,7,244006.99,Telefónico,Cuenta corriente,ushuaia
TX-006853,CLI-00750,2025-08-26,Herramientas manuales,3,84405.31,App,Tarjeta de crédito,Ushuaia
TX-006852,CLI-00551,2025-08-26,Herramientas manuales,9,521215.98,App,Transferencia,Ushuaia
TX-006865,CLI-00948,2025-08-27,Ferretería general,7,29606.35,App,Efectivo en sucursal,Río Grande
TX-006862,CLI-00254,2025-08-27,Plomería y caños,5,39892.78,Web,Transferencia,Río Grande
TX-006861,CLI-01307,2025-08-27,Herramientas manuales,4,52089.23,Web,Tarjeta de débito,Ushuaia
TX-006873,CLI-00419,2025-08-27,Plomería y caños,6,60892.1,Web,Tarjeta de crédito,Río Grande
TX-006871,CLI-00504,2025-08-27,Herramientas manuales,2,31780.45,Web,Transferencia,USHUAIA
TX-006863,CLI-00100,2025-08-27,Electricidad e iluminación,3,73379.6,Telefónico,Tarjeta de débito,Ushuaia
TX-006869,CLI-01193,2025-08-27,Plomería y caños,2,18269.18,App,Tarjeta de crédito,Río Grande
TX-006866,CLI-00122,2025-08-27,Herramientas manuales,7,110989.5,App,Tarjeta de crédito,Río Grande
TX-006867,CLI-00858,2025-08-27,Sanitarios y grifería,1,65818.04,Web,Transferencia,Ushuaia
TX-006868,CLI-00577,2025-08-27,Herramientas manuales,4,124145.46,Telefónico,Transferencia,Río Grande
TX-006870,CLI-00629,2025-08-27,Cemento y áridos,57,1268449.14,Telefónico,Transferencia,Río Grande
TX-006887,CLI-00806,2025-08-28,Sanitarios y grifería,4,622056.28,Web,Cuenta corriente,río grande
TX-006886,CLI-01146,2025-08-28,Maderas y tableros,30,1007584.54,App,Cuenta corriente,Río Grande
TX-006884,CLI-00866,2025-08-28,Herramientas eléctricas,3,629325.59,Web,Transferencia,ushuaia
TX-006885,CLI-00694,2025-08-28,Ferretería general,9,49690.68,Web,Tarjeta de crédito,RÍO GRANDE
TX-006882,CLI-00274,2025-08-28,Pisos y cerámicos,14,802397.28,App,Cuenta corriente,Río Grande
TX-006880,CLI-00194,2025-08-28,Plomería y caños,6,183943.27,Web,Tarjeta de débito,Río Grande
TX-006879,CLI-00982,2025-08-28,Pinturas y revestimientos,3,131741.22,Telefónico,Cuenta corriente,ushuaia
TX-006878,CLI-00159,2025-08-28,Herramientas manuales,6,181265.51,Telefónico,Transferencia,Ushuaia
TX-006877,CLI-00357,2025-08-28,Electricidad e iluminación,32,961311.9,App,Cuenta corriente,Ushuaia
TX-006874,CLI-01119,2025-08-28,Aberturas,4,1836414.8,Telefónico,Tarjeta de crédito,Ushuaia
TX-006883,CLI-00466,2025-08-28,Cemento y áridos,11,100028.17,Web,Tarjeta de débito,Ushuaia
TX-006881,CLI-00419,2025-08-28,Herramientas eléctricas,2,450907.94,Web,Transferencia,Río Grande
TX-006899,CLI-00551,2025-08-29,Ferretería general,54,638128.15,Telefónico,Cuenta corriente,Ushuaia
TX-006904,CLI-00571,2025-08-29,Sanitarios y grifería,4,175288.88,Telefónico,Efectivo en sucursal,Río Grande
TX-006903,CLI-00392,2025-08-29,Pinturas y revestimientos,1,45672.02,App,Transferencia,Rio Grande
TX-006901,CLI-00787,2025-08-29,Cemento y áridos,16,188235.16,App,Tarjeta de débito,Ushuaia
TX-006897,CLI-00586,2025-08-29,Electricidad e iluminación,3,37179.47,Web,Tarjeta de débito,Río Grande
TX-006894,CLI-00632,2025-08-29,,22,266480.05,Web,Transferencia,Río Grande
TX-006888,CLI-00494,2025-08-29,Cemento y áridos,35,496316.61,Web,Tarjeta de débito,TOLHUIN
TX-006890,CLI-01229,2025-08-29,Cemento y áridos,10,100324.25,Web,Tarjeta de crédito,ushuaia
TX-006896,CLI-00285,2025-08-29,Plomería y caños,11,141989.48,App,Tarjeta de débito,Ushuaia
TX-006893,CLI-01310,2025-08-29,Ferretería general,24,175042.78,Telefónico,Cuenta corriente,Río Grande
TX-006892,CLI-00339,2025-08-29,Ferretería general,12,56963.77,Web,Tarjeta de débito,Ushuaia
TX-006891,CLI-00387,2025-08-29,Pinturas y revestimientos,4,107054.06,App,Tarjeta de crédito,RÍO GRANDE
TX-006906,CLI-01347,2025-08-30,Cemento y áridos,23,837987.15,Telefónico,Tarjeta de crédito,Río Grande
TX-006905,CLI-01013,2025-08-30,Sanitarios y grifería,2,266620.83,App,Cuenta corriente,USHUAIA
TX-006914,CLI-00082,2025-08-30,Electricidad e iluminación,28,282972.14,App,Tarjeta de crédito,Río Grande
TX-006907,CLI-00759,2025-08-30,Pisos y cerámicos,5,127598.45,Telefónico,Cuenta corriente,Ushuaia
TX-006911,CLI-00826,2025-08-30,Maderas y tableros,21,316760.37,Web,Transferencia,Ushuaia
TX-006910,CLI-00420,2025-08-30,Maderas y tableros,6,156880.76,App,Transferencia,Ushuaia
TX-006908,CLI-00806,2025-08-30,,16,1050185.03,Telefónico,Tarjeta de crédito,Río Grande
TX-006913,CLI-00894,2025-08-30,Sanitarios y grifería,2,99659.66,Web,Transferencia,Ushuaia
TX-006915,CLI-00254,2025-08-31,Ferretería general,31,159212.8,Web,Cuenta corriente,Río Grande
TX-006916,CLI-01072,2025-08-31,Herramientas eléctricas,1,213037.77,Web,Tarjeta de débito,Río Grande
TX-006917,CLI-00553,2025-08-31,Electricidad e iluminación,5,120092.1,Telefónico,Cuenta corriente,RÍO GRANDE
TX-006938,CLI-00304,2025-09-01,Plomería y caños,8,138137.16,Telefónico,Cuenta corriente,Ushuaia
TX-006947,CLI-00392,2025-09-01,Plomería y caños,21,390854.09,Telefónico,Cuenta corriente,Río Grande
TX-006946,CLI-00933,2025-09-01,Electricidad e iluminación,5,73459.0,App,Tarjeta de crédito,Ushuaia
TX-006945,CLI-01020,2025-09-01,Cemento y áridos,11,136364.55,Web,Tarjeta de crédito,Río Grande
TX-006944,CLI-01017,2025-09-01,Maderas y tableros,11,741011.05,Telefónico,Cuenta corriente,Río Grande
TX-006943,CLI-00952,2025-09-01,Cemento y áridos,6,60302.78,Web,Transferencia,Río Grande
TX-006941,CLI-00937,2025-09-01,Herramientas eléctricas,1,215089.16,Web,Transferencia,Ushuaia
TX-006940,CLI-00938,2025-09-01,Herramientas manuales,6,112998.98,Web,transf.,Río Grande
TX-006939,CLI-00930,2025-09-01,Pinturas y revestimientos,4,164770.75,Telefónico,Cuenta corriente,Río Grande
TX-006935,CLI-00776,2025-09-01,Plomería y caños,5,45373.77,App,Tarjeta de crédito,RÍO GRANDE
TX-006931,CLI-01164,2025-09-01,Sanitarios y grifería,11,358851.26,Web,Tarjeta de crédito,Río Grande
TX-006932,CLI-01184,2025-09-01,Cemento y áridos,32,359875.02,App,Tarjeta de crédito,Río Grande
TX-006920,CLI-01238,2025-09-01,Cemento y áridos,142,3671539.93,Telefónico,Cuenta corriente,Ushuaia
TX-006919,CLI-01265,2025-09-01,Electricidad e iluminación,19,371044.36,App,Cuenta corriente,Tolhuin
TX-006921,CLI-00897,2025-09-01,Cemento y áridos,14,171956.23,Web,T. crédito,Ushuaia
TX-006922,CLI-00386,2025-09-01,Seguridad e indumentaria,8,432556.38,Web,Transferencia,río grande
TX-006923,CLI-00100,2025-09-01,Pinturas y revestimientos,3,104470.28,Web,Cuenta corriente,Ushuaia
TX-006918,CLI-01300,2025-09-01,Sanitarios y grifería,13,1315681.21,App,Transferencia,Río Grande
TX-006926,CLI-00423,2025-09-01,Sanitarios y grifería,2,107456.1,Web,Tarjeta de crédito,Río Grande
TX-006927,CLI-00879,2025-09-01,Pinturas y revestimientos,4,267116.28,App,Cuenta corriente,Río Grande
TX-006928,CLI-01005,2025-09-01,Ferretería general,4,16929.08,Web,Transferencia,Ushuaia
TX-006929,CLI-00274,2025-09-01,Electricidad e iluminación,5,222147.81,App,Tarjeta de crédito,Río Grande
TX-006930,CLI-00218,2025-09-01,Maderas y tableros,53,2611958.5,Telefónico,Cuenta corriente,Río Grande
TX-006924,CLI-01066,2025-09-01,Ferretería general,11,38159.7,Web,Transferencia,Ushuaia
TX-006968,CLI-00357,2025-09-02,Aberturas,2,621229.4,App,Cuenta corriente,ushuaia
TX-006975,CLI-00292,2025-09-02,Ferretería general,14,57714.61,Web,Tarjeta de crédito,Ushuaia
TX-006973,CLI-01223,2025-09-02,Ferretería general,6,23105.94,Web,Tarjeta de débito,Ushuaia
TX-006972,CLI-01172,2025-09-02,Seguridad e indumentaria,2,61630.06,App,Transferencia,Río Grande
TX-006970,CLI-00020,2025-09-02,Ferretería general,8,36973.17,Telefónico,Tarjeta de crédito,Ushuaia
TX-006969,CLI-00382,2025-09-02,Pisos y cerámicos,7,149637.83,App,Tarjeta de débito,río grande
TX-006967,CLI-00016,2025-09-02,Plomería y caños,3,60432.02,App,Tarjeta de crédito,Río Grande
TX-006965,CLI-01116,2025-09-02,Seguridad e indumentaria,3,159096.6,App,T. crédito,Ushuaia
TX-006949,CLI-00689,2025-09-02,Pinturas y revestimientos,7,216264.43,Web,Cuenta corriente,Rio Grande
TX-006961,CLI-01049,2025-09-02,Maderas y tableros,13,842778.64,Telefónico,Cuenta corriente,Río Grande
TX-006960,CLI-01158,2025-09-02,Pinturas y revestimientos,1,24843.37,Telefónico,Transferencia,USHUAIA
TX-006959,CLI-00256,2025-09-02,Pisos y cerámicos,3,98351.68,Telefónico,Cuenta corriente,Río Grande
TX-006956,CLI-00790,2025-09-02,Herramientas manuales,4,60706.99,Web,Tarjeta de débito,Tolhuin
TX-006955,CLI-00596,2025-09-02,Cemento y áridos,12,321850.23,Telefónico,Transferencia,Río Grande
TX-006954,CLI-00645,2025-09-02,Plomería y caños,2,14494.12,App,Tarjeta de débito,Ushuaia 
TX-006952,CLI-01125,2025-09-02,Ferretería general,6,,App,Tarjeta de débito,Ushuaia
TX-006966,CLI-00127,2025-09-02,Pinturas y revestimientos,3,62968.32,App,Transferencia,Ushuaia
TX-006948,CLI-00935,2025-09-02,Ferretería general,4,55043.77,Telefónico,Tarjeta de crédito,Río Grande 
TX-006991,CLI-01217,2025-09-03,Cemento y áridos,14,266780.25,App,Transferencia,Ushuaia
TX-006992,CLI-01059,2025-09-03,Ferretería general,3,46664.35,App,Tarjeta de crédito,Ushuaia
TX-006990,CLI-00112,2025-09-03,Pisos y cerámicos,18,1187109.0,App,Cuenta corriente,Río Grande
TX-006994,CLI-01059,2025-09-03,Ferretería general,13,170514.39,App,Transferencia,Ushuaia
TX-006995,CLI-00935,2025-09-03,Aberturas,7,2696902.74,Web,Cuenta corriente,Río Grande
TX-006993,CLI-01005,2025-09-03,Aberturas,2,322094.24,Web,Tarjeta de crédito,ushuaia
TX-006989,CLI-00274,2025-09-03,Maderas y tableros,8,778154.96,Telefónico,Tarjeta de crédito,Río Grande
TX-006985,CLI-00123,2025-09-03,Electricidad e iluminación,7,83174.49,Web,Transferencia,Río Grande
TX-006987,CLI-01338,2025-09-03,Pinturas y revestimientos,2,55481.25,Web,Tarjeta de crédito,Tolhuin
TX-006986,CLI-00285,2025-09-03,Electricidad e iluminación,8,115280.01,Web,Tarjeta de débito,Ushuaia
TX-006976,CLI-00392,2025-09-03,Ferretería general,20,169649.06,Telefónico,Cuenta corriente,Río Grande
TX-006984,CLI-00477,2025-09-03,Maderas y tableros,4,100441.13,Web,Transferencia,TOLHUIN
TX-006983,CLI-00404,2025-09-03,Pinturas y revestimientos,2,33380.62,Web,Tarjeta de débito,Río Grande
TX-006982,CLI-00943,2025-09-03,Ferretería general,10,36417.27,Web,Tarjeta de crédito,Ushuaia
TX-006977,CLI-00046,2025-09-03,Maderas y tableros,2,44573.17,Telefónico,Efectivo en sucursal,Río Grande
TX-006978,CLI-01174,2025-09-03,Electricidad e iluminación,2,64828.43,App,Cuenta corriente,Río Grande
TX-006981,CLI-00028,2025-09-03,Cemento y áridos,43,790733.55,Telefónico,Cuenta corriente,USHUAIA
TX-006988,CLI-00543,2025-09-03,Maderas y tableros,21,337436.16,Web,Tarjeta de crédito,Ushuaia
TX-007011,CLI-00356,2025-09-04,Sanitarios y grifería,5,422327.29,Web,Cuenta corriente,Río Grande
TX-007010,CLI-00305,2025-09-04,Pisos y cerámicos,9,266911.78,Web,Transferencia,Rio Grande
TX-007009,CLI-00957,2025-09-04,Ferretería general,11,54350.65,Web,Tarjeta de crédito,Río Grande
TX-007008,CLI-00596,2025-09-04,Electricidad e iluminación,4,91833.38,Web,Cuenta corriente,Río Grande
TX-007007,CLI-00391,2025-09-04,Pisos y cerámicos,13,173502.72,Web,Tarjeta de débito,Ushuaia
TX-007004,CLI-01313,2025-09-04,Electricidad e iluminación,24,586350.08,App,Cuenta corriente,Río Grande
TX-007002,CLI-00498,2025-09-04,Pinturas y revestimientos,2,57016.54,App,Tarjeta de débito,Río Grande
TX-007001,CLI-00940,2025-09-04,Plomería y caños,11,119416.56,Web,Tarjeta de crédito,Río Grande
TX-007000,CLI-01224,2025-09-04,Herramientas manuales,2,56333.14,Web,transf.,Río Grande
TX-006999,CLI-00553,2025-09-04,Pisos y cerámicos,11,306173.72,Telefónico,Cuenta corriente,Río Grande
TX-006998,CLI-00629,2025-09-04,Electricidad e iluminación,3,75023.98,Telefónico,Cuenta corriente,Río Grande
TX-006997,CLI-01227,2025-09-04,Herramientas manuales,3,53009.07,App,Transferencia,Ushuaia
TX-006996,CLI-00245,2025-09-04,Seguridad e indumentaria,2,74904.85,App,Transferencia,Río Grande
TX-007005,CLI-00828,2025-09-04,Plomería y caños,5,111928.11,App,Tarjeta de débito,Ushuaia
TX-007035,CLI-00898,2025-09-05,Maderas y tableros,2,34896.27,App,Tarjeta de débito,USHUAIA
TX-007036,CLI-01183,2025-09-05,Plomería y caños,1,9241.88,Web,Tarjeta de débito,Rio Grande
TX-007034,CLI-00444,2025-09-05,Cemento y áridos,52,915098.92,App,Cuenta corriente,USHUAIA
TX-007021,CLI-01046,2025-09-05,Cemento y áridos,7,115405.6,Telefónico,Cuenta corriente,Río Grande
TX-007038,CLI-00879,2025-09-05,,22,510521.28,Telefónico,Cuenta corriente,Río Grande
TX-007039,CLI-00598,2025-09-05,Pisos y cerámicos,13,412738.76,App,Transferencia,Ushuaia
TX-007037,CLI-00322,2025-09-05,Sanitarios y grifería,3,247617.48,App,Cuenta corriente,Río Grande
TX-007033,CLI-00841,2025-09-05,Cemento y áridos,80,1569100.38,Web,Cuenta corriente,Ushuaia
TX-007025,CLI-00499,2025-09-05,Ferretería general,2,10292.14,Web,Tarjeta de débito,RÍO GRANDE
TX-007031,CLI-00813,2025-09-05,Maderas y tableros,9,732113.24,Telefónico,Tarjeta de crédito,Río Grande
TX-007030,CLI-00806,2025-09-05,Pinturas y revestimientos,17,1186400.84,Web,Transferencia,Río Grande
TX-007029,CLI-00165,2025-09-05,Ferretería general,8,40766.84,Web,Transferencia,Ushuaia
TX-007028,CLI-00300,2025-09-05,Plomería y caños,14,365087.39,Telefónico,Cuenta corriente,Ushuaia
TX-007022,CLI-00759,2025-09-05,Cemento y áridos,6,83979.68,App,Cuenta corriente,Ushuaia
TX-007021,CLI-01046,2025-09-05,Cemento y áridos,7,115405.6,Telefónico,Cuenta corriente,Río Grande
TX-007020,CLI-00321,2025-09-05,Ferretería general,10,143241.09,App,Transferencia,Ushuaia
TX-007015,CLI-01130,2025-09-05,Herramientas manuales,7,138447.81,Web,Transferencia,Tolhuin
TX-007018,CLI-01144,2025-09-05,Ferretería general,7,42483.98,Web,Tarjeta de débito,Río Grande
TX-007019,CLI-00300,2025-09-05,Cemento y áridos,32,828348.96,Telefónico,Cuenta corriente,Ushuaia
TX-007032,CLI-00901,2025-09-05,Plomería y caños,14,202728.82,App,Transferencia,Ushuaia
TX-007012,CLI-00100,2025-09-05,Maderas y tableros,16,505730.08,Telefónico,Transferencia,Ushuaia
TX-007053,CLI-00737,2025-09-06,Ferretería general,6,18956.73,Web,Tarjeta de débito,Río Grande
TX-007052,CLI-00202,2025-09-06,Herramientas manuales,13,405712.99,Web,Tarjeta de crédito,Ushuaia
TX-007046,CLI-00165,2025-09-06,Pisos y cerámicos,4,-74818.04,Web,Transferencia,Ushuaia
TX-007049,CLI-00129,2025-09-06,Herramientas manuales,3,87106.96,Telefónico,Cuenta corriente,Ushuaia
TX-007048,CLI-00344,2025-09-06,Herramientas manuales,1,,Telefónico,Transferencia,Río Grande
TX-007045,CLI-00076,2025-09-06,Herramientas manuales,7,105456.65,App,Transferencia,Ushuaia
TX-007044,CLI-01059,2025-09-06,Sanitarios y grifería,2,274555.12,Web,Cuenta corriente,Ushuaia
TX-007043,CLI-00758,2025-09-06,Pinturas y revestimientos,4,103552.85,App,Tarjeta de crédito,Río Grande
TX-007042,CLI-00218,2025-09-06,Pinturas y revestimientos,20,1366960.67,Web,Transferencia,Río Grande
TX-007050,CLI-00615,2025-09-06,Maderas y tableros,4,104155.09,App,Efectivo en sucursal,río grande
TX-007064,CLI-00367,2025-09-07,Pinturas y revestimientos,2,44867.75,Web,Transferencia,Ushuaia
TX-007057,CLI-00304,2025-09-07,Ferretería general,21,265586.2,Web,Transferencia,Ushuaia
TX-007062,CLI-01222,2025-09-07,Pinturas y revestimientos,4,169079.39,App,Cuenta corriente,Ushuaia
TX-007061,CLI-00585,2025-09-07,Maderas y tableros,25,467938.27,Web,Cuenta corriente,Ushuaia
TX-007058,CLI-01089,2025-09-07,Ferretería general,3,12166.42,Telefónico,Tarjeta de crédito,Tolhuin
TX-007056,CLI-00382,2025-09-07,Ferretería general,46,186712.12,App,Tarjeta de crédito,RÍO GRANDE
TX-007063,CLI-00813,2025-09-07,Cemento y áridos,14,439605.17,Web,Transferencia,Rio Grande
TX-007083,CLI-01104,2025-09-08,Cemento y áridos,9,,Telefónico,Transferencia,RÍO GRANDE
TX-007095,CLI-00990,2025-09-08,Pisos y cerámicos,9,281473.26,Telefónico,Transferencia,Ushuaia
TX-007094,CLI-00856,2025-09-08,Ferretería general,2,15025.59,Telefónico,Cuenta corriente,Ushuaia
TX-007090,CLI-00249,2025-09-08,Ferretería general,7,48979.35,Telefónico,Efectivo en sucursal,RÍO GRANDE
TX-007089,CLI-01263,2025-09-08,Pinturas y revestimientos,5,170852.4,Telefónico,Tarjeta de crédito,Ushuaia
TX-007088,CLI-00353,2025-09-08,Sanitarios y grifería,3,184168.61,App,Transferencia,Ushuaia
TX-007086,CLI-00894,2025-09-08,Electricidad e iluminación,3,47954.72,Web,Tarjeta de crédito,Ushuaia
TX-007081,CLI-00883,2025-09-08,Pisos y cerámicos,10,612440.14,Telefónico,Cuenta corriente,Río Grande 
TX-007071,CLI-00386,2025-09-08,Pinturas y revestimientos,9,475896.57,App,Tarjeta de crédito,Río Grande
TX-007079,CLI-01174,2025-09-08,Ferretería general,3,28716.19,Web,Cuenta corriente,Río Grande
TX-007065,CLI-01013,2025-09-08,Herramientas eléctricas,2,1216727.01,App,Cuenta corriente,Ushuaia
TX-007080,CLI-00268,2025-09-08,Cemento y áridos,18,183472.86,Web,Transferencia,Río Grande
TX-007067,CLI-00566,2025-09-08,Plomería y caños,1,14242.38,Web,Tarjeta de crédito,Río Grande
TX-007068,CLI-00344,2025-09-08,Herramientas manuales,4,132754.1,Web,transf.,Río Grande
TX-007069,CLI-00355,2025-09-08,Herramientas manuales,15,321386.33,Web,Tarjeta de débito,Río Grande 
TX-007066,CLI-00654,2025-09-08,Herramientas manuales,1,14124.85,Telefónico,T. débito,Ushuaia
TX-007073,CLI-00112,2025-09-08,Seguridad e indumentaria,2,242124.64,Web,Cuenta corriente,Río Grande
TX-007074,CLI-00304,2025-09-08,Electricidad e iluminación,7,171861.96,App,Transferencia,Ushuaia
TX-007075,CLI-01008,2025-09-08,Pinturas y revestimientos,3,58843.53,Web,Transferencia,Ushuaia
TX-007076,CLI-01303,2025-09-08,Pinturas y revestimientos,3,47427.99,Web,Tarjeta de crédito,Río Grande
TX-007077,CLI-01172,2025-09-08,Pinturas y revestimientos,2,60661.65,Web,Tarjeta de débito,Río Grande
TX-007070,CLI-00148,2025-09-08,Ferretería general,9,39933.24,Web,Tarjeta de débito,Río Grande
TX-007121,CLI-00672,2025-09-09,Sanitarios y grifería,2,91130.49,Web,T. débito,tolhuin
TX-007124,CLI-00355,2025-09-09,Pisos y cerámicos,5,86659.43,Web,Transferencia,Río Grande
TX-007125,CLI-00828,2025-09-09,Maderas y tableros,5,166630.54,App,Tarjeta de débito,Ushuaia
TX-007127,CLI-00172,2025-09-09,Ferretería general,7,57680.04,Web,Cuenta corriente,Tolhuin
TX-007132,CLI-00243,2025-09-09,Sanitarios y grifería,2,99632.83,Web,Transferencia,Río Grande
TX-007130,CLI-00496,2025-09-09,Sanitarios y grifería,4,245891.43,App,Transferencia,Río Grande
TX-007133,CLI-01243,2025-09-09,Pinturas y revestimientos,3,112737.86,Web,Transferencia,Río Grande
TX-007134,CLI-00663,2025-09-09,Sanitarios y grifería,3,190165.25,Web,Transferencia,Río Grande
TX-007120,CLI-01347,2025-09-09,Pinturas y revestimientos,6,532576.94,App,Cuenta corriente,Río Grande
TX-007129,CLI-00773,2025-09-09,Plomería y caños,6,90069.81,Web,Tarjeta de crédito,Río Grande
TX-007119,CLI-00681,2025-09-09,Herramientas manuales,7,109601.69,Web,Efectivo en sucursal,RÍO GRANDE
TX-007100,CLI-01005,2025-09-09,Ferretería general,3,13250.88,Web,Tarjeta de crédito,Ushuaia
TX-007115,CLI-00598,2025-09-09,Pisos y cerámicos,15,583622.08,App,Transferencia,Ushuaia
TX-007100,CLI-01005,2025-09-09,Ferretería general,3,13250.88,Web,Tarjeta de crédito,Ushuaia
TX-007099,CLI-00948,2025-09-09,Herramientas manuales,1,21230.44,App,Tarjeta de crédito,río grande
TX-007098,CLI-01104,2025-09-09,Sanitarios y grifería,3,207924.76,Telefónico,Tarjeta de crédito,Río Grande
TX-007096,CLI-00245,2025-09-09,Electricidad e iluminación,3,37634.35,Web,Tarjeta de débito,Río Grande
TX-007103,CLI-00990,2025-09-09,Herramientas manuales,4,112815.51,Telefónico,Cuenta corriente,Ushuaia
TX-007105,CLI-00294,2025-09-09,Ferretería general,8,27795.94,Web,Tarjeta de débito,RÍO GRANDE
TX-007106,CLI-00358,2025-09-09,Ferretería general,20,202794.3,Web,Cuenta corriente,Ushuaia
TX-007117,CLI-00814,2025-09-09,Ferretería general,1,5369.02,Telefónico,Tarjeta de crédito,Ushuaia
TX-007108,CLI-00883,2025-09-09,Herramientas eléctricas,1,440182.16,Web,transf.,Río Grande
TX-007109,CLI-00163,2025-09-09,Electricidad e iluminación,7,132243.63,App,Cuenta corriente,Río Grande
TX-007114,CLI-00962,2025-09-09,Ferretería general,9,29798.89,App,Tarjeta de crédito,Río Grande
TX-007113,CLI-01055,2025-09-09,Seguridad e indumentaria,2,76802.97,Web,Transferencia,Ushuaia
TX-007112,CLI-00274,2025-09-09,Pisos y cerámicos,33,1430986.35,App,Cuenta corriente,Río Grande 
TX-007111,CLI-00129,2025-09-09,Pinturas y revestimientos,6,338064.85,App,Cuenta corriente,Ushuaia
TX-007110,CLI-00185,2025-09-09,Cemento y áridos,65,933222.73,App,Transferencia,Ushuaia
TX-007107,CLI-00266,2025-09-09,Sanitarios y grifería,7,510752.16,Web,Tarjeta de débito,Ushuaia
TX-007150,CLI-00221,2025-09-10,Electricidad e iluminación,2,21708.76,App,Efectivo en sucursal,RÍO GRANDE
TX-007149,CLI-01187,2025-09-10,Herramientas manuales,4,74266.74,App,Tarjeta de crédito,Ushuaia
TX-007148,CLI-00806,2025-09-10,Plomería y caños,5,123312.9,App,Transferencia,Río Grande
TX-007146,CLI-00652,2025-09-10,Herramientas manuales,2,36896.14,App,Efectivo en sucursal,Río Grande
TX-007147,CLI-00256,2025-09-10,Pisos y cerámicos,23,714722.29,Telefónico,Tarjeta de débito,Río Grande
TX-007144,CLI-00334,2025-09-10,Plomería y caños,8,38468.57,App,Tarjeta de crédito,Río Grande
TX-007142,CLI-00856,2025-09-10,Electricidad e iluminación,6,148131.87,Telefónico,Transferencia,Ushuaia
TX-007141,CLI-00498,2025-09-10,Ferretería general,6,28705.66,Web,Tarjeta de crédito,Río Grande
TX-007140,CLI-00199,2025-09-10,Cemento y áridos,37,739576.9,App,Cuenta corriente,Río Grande
TX-007139,CLI-00496,2025-09-10,Pinturas y revestimientos,2,59727.66,Web,Tarjeta de débito,Río Grande
TX-007138,CLI-00930,2025-09-10,Pisos y cerámicos,30,964109.57,App,Cuenta corriente,RÍO GRANDE
TX-007137,CLI-00411,2025-09-10,Plomería y caños,10,116535.87,App,Tarjeta de débito,Rio Grande
TX-007136,CLI-00719,2025-09-10,Herramientas manuales,5,235996.84,App,Tarjeta de crédito,Ushuaia
TX-007135,CLI-01044,2025-09-10,Pisos y cerámicos,22,882650.49,App,Transferencia,Río Grande
TX-007145,CLI-00122,2025-09-10,Herramientas manuales,6,106813.08,App,Tarjeta de débito,Río Grande
TX-007166,CLI-00813,2025-09-11,Ferretería general,4,57233.61,App,Cuenta corriente,Río Grande
TX-007170,CLI-01229,2025-09-11,Ferretería general,4,15526.85,App,Efectivo en sucursal,ushuaia
TX-007167,CLI-00568,2025-09-11,Pisos y cerámicos,32,1005487.72,Web,,Río Grande
TX-007165,CLI-01280,2025-09-11,Plomería y caños,2,26259.62,Web,Tarjeta de débito,Ushuaia
TX-007169,CLI-00706,2025-09-11,Herramientas manuales,3,62919.02,Telefónico,Tarjeta de débito,Río Grande
TX-007162,CLI-00806,2025-09-11,Pisos y cerámicos,21,1219243.61,Telefónico,Tarjeta de crédito,Río Grande
TX-007161,CLI-00806,2025-09-11,Cemento y áridos,15,613181.8,Telefónico,Tarjeta de crédito,río grande
TX-007159,CLI-00039,2025-09-11,Ferretería general,12,44877.94,Web,Tarjeta de débito,Ushuaia
TX-007151,CLI-01313,2025-09-11,Plomería y caños,30,667366.89,App,Tarjeta de crédito,Río Grande
TX-007157,CLI-00841,2025-09-11,Plomería y caños,20,285535.85,Telefónico,Tarjeta de crédito,Ushuaia
TX-007152,CLI-00408,2025-09-11,Herramientas manuales,2,41346.54,Web,Transferencia,Tolhuin 
TX-007153,CLI-00140,2025-09-11,Herramientas manuales,3,52828.19,Web,Transferencia,río grande
TX-007154,CLI-01084,2025-09-11,Plomería y caños,7,135455.94,App,Cuenta corriente,Ushuaia
TX-007155,CLI-00151,2025-09-11,Pinturas y revestimientos,3,50234.47,Web,Tarjeta de débito,Tolhuin
TX-007156,CLI-00560,2025-09-11,Plomería y caños,4,53901.25,Telefónico,Cuenta corriente,Río Grande
TX-007164,CLI-00669,2025-09-11,Herramientas manuales,1,14543.05,Web,Tarjeta de crédito,Tolhuin
TX-007192,CLI-01298,2025-09-12,Pinturas y revestimientos,6,132736.84,Web,Transferencia,Ushuaia
TX-007191,CLI-00627,2025-09-12,Ferretería general,48,589743.39,App,Transferencia,Ushuaia
TX-007190,CLI-01011,2025-09-12,Seguridad e indumentaria,2,76145.41,Web,Transferencia,Ushuaia
TX-007188,CLI-00577,2025-09-12,Ferretería general,4,28833.78,Telefónico,Transferencia,Rio Grande
TX-007187,CLI-00114,2025-09-12,Electricidad e iluminación,2,25374.24,App,Tarjeta de débito,Ushuaia
TX-007186,CLI-00804,2025-09-12,Cemento y áridos,10,117043.61,Web,Transferencia,Río Grande
TX-007184,CLI-00931,2025-09-12,Ferretería general,38,266593.92,Web,Tarjeta de crédito,Río Grande
TX-007172,CLI-01146,2025-09-12,Maderas y tableros,2,79536.43,Web,Transferencia,Río Grande
TX-007173,CLI-00996,2025-09-12,Cemento y áridos,23,354901.84,Telefónico,Cuenta corriente,Ushuaia
TX-007185,CLI-00362,2025-09-12,Herramientas manuales,5,68618.48,App,Efectivo en sucursal,Tolhuin
TX-007175,CLI-00701,2025-09-12,Cemento y áridos,14,473981.43,Telefónico,Cuenta corriente,Río Grande
TX-007176,CLI-00174,2025-09-12,Herramientas manuales,1,12605.44,App,Transferencia,Ushuaia
TX-007174,CLI-00408,2025-09-12,Sanitarios y grifería,1,50042.95,Web,Transferencia,Tolhuin
TX-007180,CLI-00856,2025-09-12,Plomería y caños,4,48948.51,Telefónico,,Ushuaia
TX-007181,CLI-00828,2025-09-12,Maderas y tableros,11,420207.62,Telefónico,Cuenta corriente,Ushuaia
TX-007182,CLI-00577,2025-09-12,Sanitarios y grifería,5,413845.61,App,Cuenta corriente,Río Grande
TX-007183,CLI-00603,2025-09-12,Pinturas y revestimientos,5,180709.32,Telefónico,Transferencia,Ushuaia
TX-007177,CLI-00856,2025-09-12,Pisos y cerámicos,13,338672.2,App,Tarjeta de crédito,Ushuaia
TX-007209,CLI-00722,2025-09-13,Plomería y caños,12,140593.09,Web,Transferencia,Ushuaia
TX-007213,CLI-00359,2025-09-13,Pisos y cerámicos,5,79474.13,Web,Tarjeta de débito,Río Grande
TX-007212,CLI-01064,2025-09-13,Pisos y cerámicos,5,84778.65,Telefónico,Transferencia,Río Grande
TX-007211,CLI-01008,2025-09-13,Sanitarios y grifería,4,203847.2,Web,Tarjeta de débito,Ushuaia
TX-007210,CLI-01332,2025-09-13,Pisos y cerámicos,23,842328.95,Web,Transferencia,Ushuaia
TX-007208,CLI-00054,2025-09-13,Sanitarios y grifería,2,96772.98,Telefónico,Transferencia,Ushuaia
TX-007214,CLI-00085,2025-09-13,Ferretería general,11,37377.4,Web,Tarjeta de crédito,Río Grande
TX-007206,CLI-00503,2025-09-13,Pisos y cerámicos,36,918548.84,App,Tarjeta de crédito,Río Grande
TX-007205,CLI-00430,2025-09-13,Plomería y caños,19,117260.33,Web,Transferencia,Ushuaia
TX-007204,CLI-00293,2025-09-13,Sanitarios y grifería,4,193834.55,Web,Tarjeta de débito,Río Grande
TX-007203,CLI-01165,2025-09-13,Ferretería general,5,38062.75,Web,Cuenta corriente,Ushuaia
TX-007202,CLI-00500,2025-09-13,Electricidad e iluminación,4,139630.94,Telefónico,Transferencia,Ushuaia
TX-007193,CLI-00305,2025-09-13,Seguridad e indumentaria,2,132672.44,App,Transferencia,Río Grande
TX-007196,CLI-00498,2025-09-13,Cemento y áridos,16,189063.77,Web,Transferencia,Río Grande
TX-007198,CLI-00453,2025-09-13,Herramientas manuales,13,442928.95,Telefónico,Cuenta corriente,Río Grande
TX-007199,CLI-00423,2025-09-13,Ferretería general,10,43984.05,App,Tarjeta de débito,Río Grande
TX-007200,CLI-01240,2025-09-13,Aberturas,5,847661.84,Web,Efectivo en sucursal,Ushuaia
TX-007207,CLI-00621,2025-09-13,Ferretería general,16,130421.74,Telefónico,Transferencia,Río Grande
TX-007201,CLI-00901,2025-09-13,Cemento y áridos,22,447636.9,App,Cuenta corriente,Ushuaia
TX-007218,CLI-00099,2025-09-14,Herramientas manuales,1,17053.0,Web,Tarjeta de crédito,Ushuaia
TX-007217,CLI-00902,2025-09-14,Ferretería general,2,8498.67,Web,Tarjeta de débito,Río Grande
TX-007216,CLI-00990,2025-09-14,Cemento y áridos,25,520791.07,App,Tarjeta de crédito,Ushuaia
TX-007215,CLI-00813,2025-09-14,Electricidad e iluminación,4,147555.54,App,Cuenta corriente,Río Grande
TX-007231,CLI-01083,2025-09-15,Ferretería general,5,21977.58,App,Transferencia,Río Grande
TX-007230,CLI-00535,2025-09-15,Sanitarios y grifería,7,537938.09,Web,Cuenta corriente,Ushuaia 
TX-007229,CLI-00849,2025-09-15,Pisos y cerámicos,4,66694.69,Web,Tarjeta de débito,Río Grande
TX-007227,CLI-00367,2025-09-15,Ferretería general,9,41226.59,Telefónico,Tarjeta de crédito,Ushuaia
TX-007226,CLI-00376,2025-09-15,Seguridad e indumentaria,3,202561.5,Telefónico,Cuenta corriente,Ushuaia
TX-007225,CLI-01000,2025-09-15,Ferretería general,5,39619.8,Telefónico,Transferencia,ushuaia
TX-007224,CLI-01310,2025-09-15,Maderas y tableros,58,1948374.47,Web,Cuenta corriente,Rio Grande
TX-007223,CLI-00321,2025-09-15,Seguridad e indumentaria,3,416800.41,Telefónico,Cuenta corriente,Ushuaia
TX-007222,CLI-01051,2025-09-15,Plomería y caños,25,372861.27,App,Cuenta corriente,Río Grande
TX-007221,CLI-00701,2025-09-15,Plomería y caños,3,66644.01,Telefónico,Transferencia,Río Grande
TX-007220,CLI-00546,2025-09-15,Seguridad e indumentaria,3,184519.24,App,Cuenta corriente,Río Grande
TX-007228,CLI-00367,2025-09-15,Pinturas y revestimientos,7,175058.7,App,Tarjeta de débito,Ushuaia
TX-007246,CLI-00202,2025-09-16,Cemento y áridos,49,1055733.2,Telefónico,Cuenta corriente,ushuaia
TX-007254,CLI-00146,2025-09-16,Sanitarios y grifería,1,44841.08,App,Cuenta corriente,Río Grande
TX-007252,CLI-00781,2025-09-16,Electricidad e iluminación,3,29361.52,App,Tarjeta de débito,Ushuaia
TX-007251,CLI-00066,2025-09-16,Pisos y cerámicos,15,387855.58,Web,Tarjeta de débito,Río Grande
TX-007250,CLI-00841,2025-09-16,Cemento y áridos,13,202963.47,Telefónico,Cuenta corriente,Ushuaia
TX-007249,CLI-00404,2025-09-16,Herramientas manuales,2,21154.88,Web,Tarjeta de crédito,Río Grande
TX-007245,CLI-00090,2025-09-16,Seguridad e indumentaria,2,97628.54,App,Transferencia,Río Grande
TX-007247,CLI-00327,2025-09-16,Plomería y caños,13,76370.79,Web,Transferencia,Río Grande
TX-007243,CLI-00371,2025-09-16,Electricidad e iluminación,8,149626.74,App,Efectivo en sucursal,Ushuaia
TX-007236,CLI-00553,2025-09-16,Ferretería general,6,50593.29,Telefónico,Cuenta corriente,Río Grande 
TX-007235,CLI-00642,2025-09-16,Pinturas y revestimientos,1,17930.56,App,Efectivo en sucursal,Ushuaia
TX-007234,CLI-00276,2025-09-16,Herramientas manuales,11,481869.25,Telefónico,Efectivo en sucursal,Ushuaia
TX-007233,CLI-00321,2025-09-16,Cemento y áridos,13,441954.9,App,Cuenta corriente,Ushuaia
TX-007232,CLI-00723,2025-09-16,Plomería y caños,4,34919.08,Web,Transferencia,Río Grande
TX-007244,CLI-00111,2025-09-16,Ferretería general,4,18146.56,App,Tarjeta de débito,Río Grande
TX-007238,CLI-00357,2025-09-16,Cemento y áridos,15,840985.69,Web,Cuenta corriente,Ushuaia
TX-007239,CLI-00450,2025-09-16,Maderas y tableros,1,40978.65,App,Cuenta corriente,Ushuaia
TX-007240,CLI-00552,2025-09-16,Herramientas manuales,1,20902.12,Web,Tarjeta de crédito,Río Grande
TX-007241,CLI-00721,2025-09-16,Seguridad e indumentaria,5,177900.04,Web,Tarjeta de crédito,Río Grande
TX-007242,CLI-01338,2025-09-16,Herramientas manuales,1,21805.53,Web,,Tolhuin
TX-007237,CLI-00982,2025-09-16,Seguridad e indumentaria,12,937359.15,App,Cuenta corriente,Ushuaia
TX-007270,CLI-00719,2025-09-17,Plomería y caños,49,1211397.48,Telefónico,Efectivo en sucursal,Ushuaia
TX-007275,CLI-01347,2025-09-17,Plomería y caños,9,231084.78,Web,Transferencia,Río Grande
TX-007273,CLI-01000,2025-09-17,Sanitarios y grifería,3,254721.08,Telefónico,Cuenta corriente,Ushuaia
TX-007272,CLI-00065,2025-09-17,Plomería y caños,1,8386.37,Web,Efectivo en sucursal,Ushuaia
TX-007271,CLI-00705,2025-09-17,Ferretería general,4,22709.01,Web,Tarjeta de crédito,Ushuaia
TX-007265,CLI-00090,2025-09-17,Maderas y tableros,29,1065994.46,Telefónico,Tarjeta de crédito,Río Grande
TX-007269,CLI-00705,2025-09-17,Herramientas manuales,1,21995.38,App,Efectivo en sucursal,Ushuaia
TX-007266,CLI-01174,2025-09-17,Pinturas y revestimientos,4,378856.14,Web,Cuenta corriente,Río Grande
TX-007256,CLI-01174,2025-09-17,Pisos y cerámicos,44,2171761.94,Telefónico,Transferencia,Río Grande
TX-007268,CLI-00300,2025-09-17,Sanitarios y grifería,4,670767.52,Web,Transferencia,USHUAIA
TX-007258,CLI-00644,2025-09-17,Ferretería general,6,27265.2,App,Tarjeta de débito,USHUAIA
TX-007259,CLI-01149,2025-09-17,Herramientas manuales,4,101074.81,App,Transferencia,Ushuaia
TX-007260,CLI-01092,2025-09-17,Maderas y tableros,16,792679.13,Telefónico,Cuenta corriente,Río Grande
TX-007257,CLI-00499,2025-09-17,Sanitarios y grifería,1,58535.2,Telefónico,Transferencia,Río Grande
TX-007262,CLI-00604,2025-09-17,Cemento y áridos,7,85495.92,App,Tarjeta de débito,Ushuaia
TX-007263,CLI-00483,2025-09-17,Herramientas manuales,3,90651.02,App,Cuenta corriente,río grande
TX-007264,CLI-00666,2025-09-17,Cemento y áridos,12,105045.28,Web,Tarjeta de crédito,RÍO GRANDE
TX-007265,CLI-00090,2025-09-17,Maderas y tableros,29,1065994.46,Telefónico,Tarjeta de crédito,Río Grande
TX-007261,CLI-01006,2025-09-17,Maderas y tableros,6,201715.65,Telefónico,Cuenta corriente,Río Grande
TX-007300,CLI-01224,2025-09-18,Pinturas y revestimientos,9,241444.85,Web,Transferencia,Río Grande
TX-007307,CLI-01223,2025-09-18,Cemento y áridos,19,239293.61,Web,Transferencia,Ushuaia
TX-007305,CLI-00499,2025-09-18,Ferretería general,12,76831.57,Web,Tarjeta de débito,
TX-007304,CLI-01223,2025-09-18,Pinturas y revestimientos,2,62700.72,Web,Transferencia,USHUAIA
TX-007303,CLI-01017,2025-09-18,Pisos y cerámicos,9,402294.03,Telefónico,Cuenta corriente,Río Grande
TX-007302,CLI-00431,2025-09-18,Electricidad e iluminación,3,52234.52,Web,Transferencia,Río Grande
TX-007301,CLI-00635,2025-09-18,Ferretería general,3,10155.17,Web,Tarjeta de crédito,Ushuaia
TX-007297,CLI-00082,2025-09-18,Electricidad e iluminación,16,142053.65,App,Efectivo en sucursal,Río Grande
TX-007284,CLI-00268,2025-09-18,Ferretería general,34,156497.27,Web,Tarjeta de crédito,RÍO GRANDE
TX-007295,CLI-00894,2025-09-18,Pisos y cerámicos,14,212066.38,Web,Transferencia,Ushuaia
TX-007278,CLI-00460,2025-09-18,Electricidad e iluminación,3,24506.2,Telefónico,Tarjeta de crédito,Ushuaia
TX-007281,CLI-00632,2025-09-18,Ferretería general,6,21878.89,Telefónico,Tarjeta de crédito,Río Grande
TX-007282,CLI-00962,2025-09-18,,9,33943.48,Web,Tarjeta de crédito,Río Grande
TX-007285,CLI-01252,2025-09-18,Electricidad e iluminación,3,48945.05,App,Transferencia,Río Grande
TX-007296,CLI-00813,2025-09-18,Sanitarios y grifería,6,938037.05,Web,Transferencia,Río Grande
TX-007277,CLI-00841,2025-09-18,Herramientas manuales,5,124003.94,Web,Cuenta corriente,Ushuaia
TX-007276,CLI-00078,2025-09-18,Plomería y caños,14,196791.37,Telefónico,Cuenta corriente,Ushuaia
TX-007293,CLI-01181,2025-09-18,Sanitarios y grifería,1,59675.71,Web,Tarjeta de débito,RÍO GRANDE
TX-007291,CLI-00662,2025-09-18,Sanitarios y grifería,1,56558.62,App,Tarjeta de crédito,Ushuaia
TX-007290,CLI-01220,2025-09-18,Ferretería general,3,13253.17,Web,Tarjeta de débito,Ushuaia
TX-007288,CLI-00128,2025-09-18,Herramientas manuales,2,67942.59,Telefónico,Transferencia,Río Grande
TX-007287,CLI-01013,2025-09-18,Aberturas,2,517774.09,App,Cuenta corriente,Ushuaia
TX-007286,CLI-00775,2025-09-18,Plomería y caños,3,22821.12,Web,Transferencia,Ushuaia
TX-007310,CLI-01009,2025-09-19,Ferretería general,2,8161.62,Web,Tarjeta de débito,Tolhuin
TX-007329,CLI-01164,2025-09-19,Electricidad e iluminación,2,24244.59,Web,Transferencia,Río Grande
TX-007328,CLI-00163,2025-09-19,Seguridad e indumentaria,6,360697.29,App,Transferencia,Río Grande
TX-007327,CLI-00759,2025-09-19,Cemento y áridos,11,240685.98,Telefónico,,USHUAIA
TX-007309,CLI-00602,2025-09-19,Cemento y áridos,8,111514.56,Web,Transferencia,Ushuaia
TX-007325,CLI-00468,2025-09-19,Electricidad e iluminación,19,386198.63,App,Cuenta corriente,Ushuaia
TX-007326,CLI-00453,2025-09-19,Plomería y caños,2,36118.99,Web,Transferencia,Río Grande
TX-007322,CLI-01347,2025-09-19,Herramientas manuales,3,136547.38,App,Cuenta corriente,Río Grande
TX-007320,CLI-00063,2025-09-19,Herramientas manuales,7,132672.03,Web,Tarjeta de débito,Ushuaia
TX-007319,CLI-00267,2025-09-19,Pinturas y revestimientos,10,347368.38,Web,Transferencia,Ushuaia
TX-007317,CLI-00111,2025-09-19,Electricidad e iluminación,4,60560.1,App,Tarjeta de débito,Río Grande
TX-007316,CLI-00672,2025-09-19,Ferretería general,23,95337.78,Web,Transferencia,Tolhuin
TX-007315,CLI-00948,2025-09-19,Electricidad e iluminación,4,61588.73,Web,Tarjeta de crédito,Río Grande
TX-007314,CLI-00701,2025-09-19,Ferretería general,12,139577.47,Telefónico,Transferencia,Río Grande
TX-007313,CLI-00274,2025-09-19,Sanitarios y grifería,6,1021968.13,App,Transferencia,Río Grande
TX-007312,CLI-00308,2025-09-19,Seguridad e indumentaria,3,105181.88,App,Transferencia,Río Grande
TX-007311,CLI-00931,2025-09-19,Herramientas manuales,2,40967.75,Web,Tarjeta de débito,Río Grande
TX-007323,CLI-01186,2025-09-19,Plomería y caños,10,76475.16,App,Cuenta corriente,Río Grande
TX-007321,CLI-00708,2025-09-19,Aberturas,4,984126.39,Telefónico,Tarjeta de débito,RÍO GRANDE
TX-007330,CLI-01221,2025-09-20,Plomería y caños,52,422518.98,Web,Tarjeta de crédito,ushuaia
TX-007331,CLI-00862,2025-09-20,Plomería y caños,27,498598.22,Web,Tarjeta de débito,Ushuaia
TX-007332,CLI-00047,2025-09-20,Seguridad e indumentaria,2,61793.78,Web,Transferencia,Ushuaia
TX-007333,CLI-00161,2025-09-20,Pisos y cerámicos,15,334583.6,App,Cuenta corriente,Ushuaia
TX-007336,CLI-00806,2025-09-21,Seguridad e indumentaria,4,409196.11,Telefónico,Cuenta corriente,río grande
TX-007334,CLI-00652,2025-09-21,Ferretería general,3,12521.11,App,Tarjeta de crédito,Río Grande
TX-007335,CLI-00744,2025-09-21,Ferretería general,8,25773.48,Web,Tarjeta de crédito,Río Grande
TX-007337,CLI-01276,2025-09-21,Herramientas manuales,2,37574.8,Web,Tarjeta de crédito,Ushuaia
TX-007345,CLI-00603,2025-09-22,Cemento y áridos,12,238141.45,Telefónico,Cuenta corriente,Ushuaia
TX-007340,CLI-00145,2025-09-22,Sanitarios y grifería,2,97580.97,Web,Tarjeta de crédito,Ushuaia
TX-007341,CLI-00078,2025-09-22,Sanitarios y grifería,2,195398.11,Telefónico,Cuenta corriente,Ushuaia
TX-007344,CLI-01020,2025-09-22,Sanitarios y grifería,1,66493.71,Web,Tarjeta de crédito,Río Grande
TX-007360,CLI-00604,2025-09-22,Electricidad e iluminación,18,259137.22,App,Tarjeta de débito,Ushuaia
TX-007357,CLI-00652,2025-09-22,Seguridad e indumentaria,2,79402.66,Web,Tarjeta de débito,Río Grande
TX-007356,CLI-01238,2025-09-22,Pisos y cerámicos,34,933334.14,Telefónico,Cuenta corriente,Ushuaia
TX-007343,CLI-01313,2025-09-22,Cemento y áridos,50,841848.67,Telefónico,Cuenta corriente,RÍO GRANDE
TX-007354,CLI-00202,2025-09-22,Maderas y tableros,6,238258.52,Web,Tarjeta de débito,Ushuaia
TX-007353,CLI-01146,2025-09-22,Electricidad e iluminación,2,56801.56,Telefónico,Cuenta corriente,Río Grande
TX-007352,CLI-00417,2025-09-22,Ferretería general,8,40218.3,Web,T. débito,Río Grande
TX-007351,CLI-01270,2025-09-22,Seguridad e indumentaria,5,199280.14,App,Tarjeta de crédito,Ushuaia
TX-007350,CLI-01193,2025-09-22,Sanitarios y grifería,5,227775.27,Web,Tarjeta de crédito,Río Grande
TX-007348,CLI-01044,2025-09-22,Pisos y cerámicos,44,1489852.85,Telefónico,,Río Grande
TX-007347,CLI-00992,2025-09-22,Pisos y cerámicos,4,129354.58,Telefónico,Cuenta corriente,Río Grande
TX-007346,CLI-01313,2025-09-22,Cemento y áridos,5,87292.54,App,Transferencia,río grande
TX-007355,CLI-00066,2025-09-22,Pinturas y revestimientos,11,641867.48,App,Transferencia,Río Grande
TX-007380,CLI-00322,2025-09-23,Herramientas manuales,4,112878.3,Telefónico,Tarjeta de crédito,Río Grande 
TX-007386,CLI-00723,2025-09-23,Ferretería general,12,47737.17,Web,Cuenta corriente,Río Grande
TX-007385,CLI-00281,2025-09-23,Electricidad e iluminación,31,780393.75,Web,Cuenta corriente,Ushuaia
TX-007384,CLI-00129,2025-09-23,Plomería y caños,16,272648.35,Telefónico,Tarjeta de crédito,Ushuaia
TX-007383,CLI-00879,2025-09-23,Plomería y caños,2,54241.09,Telefónico,Cuenta corriente,Río Grande
TX-007382,CLI-00274,2025-09-23,Ferretería general,10,117690.26,Web,Cuenta corriente,Río Grande
TX-007379,CLI-00596,2025-09-23,Seguridad e indumentaria,3,335641.84,Web,Cuenta corriente,Río Grande
TX-007371,CLI-00163,2025-09-23,Pisos y cerámicos,52,1427014.62,App,Transferencia,Río Grande
TX-007377,CLI-00719,2025-09-23,Aberturas,13,4445365.13,Telefónico,Transferencia,Ushuaia
TX-007378,CLI-00165,2025-09-23,Aberturas,5,779701.8,App,Transferencia,Ushuaia 
TX-007368,CLI-00932,2025-09-23,Cemento y áridos,34,765192.17,Web,Transferencia,río grande
TX-007367,CLI-00507,2025-09-23,Ferretería general,7,27967.99,App,Tarjeta de débito,Río Grande
TX-007364,CLI-00112,2025-09-23,Ferretería general,11,168194.63,App,Cuenta corriente,Río Grande
TX-007363,CLI-00992,2025-09-23,Electricidad e iluminación,24,598268.25,App,Transferencia,Río Grande
TX-007361,CLI-00356,2025-09-23,Pisos y cerámicos,51,1691322.44,Telefónico,Cuenta corriente,Río Grande
TX-007365,CLI-00901,2025-09-23,Electricidad e iluminación,3,45270.03,App,Cuenta corriente,Ushuaia
TX-007370,CLI-00475,2025-09-23,Maderas y tableros,9,218144.35,Web,Tarjeta de débito,Río Grande
TX-007372,CLI-00159,2025-09-23,Herramientas manuales,4,127716.33,App,Cuenta corriente,Ushuaia
TX-007374,CLI-00552,2025-09-23,Herramientas manuales,2,44464.89,Web,Tarjeta de débito,Río Grande
TX-007375,CLI-01072,2025-09-23,Ferretería general,10,44684.29,Web,Tarjeta de crédito,Rio Grande
TX-007376,CLI-01084,2025-09-23,Plomería y caños,15,255729.63,Telefónico,Transferencia,Ushuaia
TX-007369,CLI-00114,2025-09-23,Aberturas,3,364979.95,Web,,Ushuaia
TX-007405,CLI-01227,2025-09-24,Herramientas manuales,9,189256.58,Web,Tarjeta de crédito,Ushuaia
TX-007413,CLI-00419,2025-09-24,Sanitarios y grifería,2,133477.95,App,Transferencia,río grande
TX-007411,CLI-00431,2025-09-24,Seguridad e indumentaria,3,131045.56,App,Tarjeta de crédito,Río Grande
TX-007408,CLI-00129,2025-09-24,Cemento y áridos,31,503950.57,Telefónico,Transferencia,Ushuaia
TX-007407,CLI-00194,2025-09-24,Sanitarios y grifería,4,615503.16,App,Cuenta corriente,Río Grande
TX-007406,CLI-00948,2025-09-24,Ferretería general,4,20811.06,App,Tarjeta de crédito,Río Grande
TX-007404,CLI-01112,2025-09-24,Maderas y tableros,1,19627.83,Web,Tarjeta de débito,Ushuaia
TX-007410,CLI-00992,2025-09-24,Cemento y áridos,13,301839.08,App,Transferencia,Río Grande
TX-007401,CLI-00901,2025-09-24,Pinturas y revestimientos,23,911333.88,Telefónico,Cuenta corriente,Ushuaia
TX-007392,CLI-00322,2025-09-24,Herramientas manuales,9,268269.71,Telefónico,Transferencia,Río Grande
TX-007391,CLI-00629,2025-09-24,Ferretería general,2,13457.91,Telefónico,Tarjeta de crédito,Río Grande
TX-007390,CLI-00157,2025-09-24,Maderas y tableros,12,410406.86,Telefónico,Tarjeta de crédito,Ushuaia
TX-007389,CLI-00828,2025-09-24,Herramientas manuales,11,253379.75,Web,Transferencia,Ushuaia
TX-007402,CLI-00948,2025-09-24,Sanitarios y grifería,2,111168.62,App,Tarjeta de crédito,Río Grande
TX-007387,CLI-00515,2025-09-24,Maderas y tableros,3,117955.3,Telefónico,Tarjeta de crédito,Río Grande
TX-007388,CLI-00990,2025-09-24,Pinturas y revestimientos,8,437068.14,Web,Transferencia,Ushuaia
TX-007394,CLI-00172,2025-09-24,Ferretería general,6,75795.29,App,Transferencia,Tolhuin
TX-007395,CLI-00831,2025-09-24,Electricidad e iluminación,2,25775.11,App,Tarjeta de débito,USHUAIA
TX-007397,CLI-00721,2025-09-24,Pisos y cerámicos,11,245035.45,Web,Transferencia,Río Grande
TX-007399,CLI-00157,2025-09-24,Maderas y tableros,14,565142.63,Web,Cuenta corriente,Ushuaia
TX-007400,CLI-00787,2025-09-24,Cemento y áridos,6,103169.15,App,Tarjeta de crédito,Ushuaia
TX-007393,CLI-00806,2025-09-24,Electricidad e iluminación,6,180758.64,App,Cuenta corriente,Río Grande
TX-007429,CLI-00551,2025-09-25,Pisos y cerámicos,9,636908.62,App,Tarjeta de débito,Ushuaia
TX-007428,CLI-00992,2025-09-25,Maderas y tableros,12,454781.38,Web,Cuenta corriente,Río Grande
TX-007426,CLI-00359,2025-09-25,Sanitarios y grifería,1,51570.22,Web,Transferencia,Río Grande
TX-007423,CLI-00392,2025-09-25,Ferretería general,16,131565.28,Web,Cuenta corriente,Río Grande
TX-007422,CLI-00512,2025-09-25,Electricidad e iluminación,4,48447.11,Web,Tarjeta de crédito,Río Grande
TX-007421,CLI-01256,2025-09-25,Sanitarios y grifería,4,148511.44,Web,Tarjeta de crédito,Río Grande
TX-007420,CLI-00787,2025-09-25,Ferretería general,10,68239.04,App,Tarjeta de débito,Ushuaia
TX-007419,CLI-00483,2025-09-25,Herramientas manuales,2,66909.51,Telefónico,Efectivo en sucursal,RÍO GRANDE
TX-007418,CLI-00348,2025-09-25,Ferretería general,6,44085.63,App,Cuenta corriente,TOLHUIN
TX-007417,CLI-00503,2025-09-25,Ferretería general,6,28099.28,App,Transferencia,río grande
TX-007416,CLI-00226,2025-09-25,Ferretería general,15,59452.36,Web,Transferencia,Río Grande
TX-007414,CLI-01103,2025-09-25,Ferretería general,2,8239.18,Web,Tarjeta de débito,Río Grande
TX-007424,CLI-01049,2025-09-25,Herramientas manuales,8,428465.28,Telefónico,Cuenta corriente,Río Grande
TX-007446,CLI-00491,2025-09-26,Seguridad e indumentaria,2,100184.23,Web,Tarjeta de débito,río grande
TX-007449,CLI-00642,2025-09-26,Electricidad e iluminación,26,320854.27,Web,Transferencia,Ushuaia
TX-007448,CLI-01153,2025-09-26,Pinturas y revestimientos,1,23029.16,Web,Tarjeta de débito,Río Grande
TX-007447,CLI-00503,2025-09-26,Pisos y cerámicos,14,221743.37,Telefónico,Tarjeta de débito,Río Grande
TX-007444,CLI-00654,2025-09-26,Cemento y áridos,25,258802.37,App,Transferencia,Ushuaia
TX-007445,CLI-00507,2025-09-26,Pisos y cerámicos,32,483957.55,Web,Tarjeta de crédito,Río Grande
TX-007443,CLI-00112,2025-09-26,Herramientas manuales,8,361795.65,Web,Transferencia,Río Grande
TX-007442,CLI-01011,2025-09-26,Ferretería general,8,30538.84,Web,Tarjeta de crédito,Ushuaia 
TX-007441,CLI-00529,2025-09-26,Plomería y caños,3,29279.06,Web,Tarjeta de crédito,río grande
TX-007440,CLI-01210,2025-09-26,Herramientas manuales,2,43618.54,App,Transferencia,Río Grande
TX-007439,CLI-00684,2025-09-26,Pinturas y revestimientos,3,97857.98,Web,Tarjeta de débito,río grande
TX-007436,CLI-00050,2025-09-26,Electricidad e iluminación,3,63626.16,Web,Transferencia,Ushuaia
TX-007435,CLI-00049,2025-09-26,Plomería y caños,2,17226.89,App,Efectivo en sucursal,Rio Grande
TX-007434,CLI-00099,2025-09-26,Herramientas manuales,4,72457.45,Web,Tarjeta de débito,Ushuaia
TX-007433,CLI-00753,2025-09-26,Plomería y caños,9,88490.71,Telefónico,T. débito,Río Grande
TX-007431,CLI-00753,2025-09-26,Ferretería general,6,26744.23,App,Tarjeta de crédito,Río Grande
TX-007437,CLI-00596,2025-09-26,Cemento y áridos,41,939178.35,Web,Tarjeta de crédito,RÍO GRANDE
TX-007430,CLI-01110,2025-09-26,Seguridad e indumentaria,4,105397.0,Web,Tarjeta de crédito,Río Grande
TX-007468,CLI-00716,2025-09-27,Herramientas manuales,5,110283.86,Web,Transferencia,Río Grande
TX-007467,CLI-01092,2025-09-27,Aberturas,17,,Telefónico,Cuenta corriente,Río Grande
TX-007464,CLI-00078,2025-09-27,Electricidad e iluminación,5,149314.33,Telefónico,Transferencia,Ushuaia
TX-007463,CLI-01081,2025-09-27,Maderas y tableros,3,114798.71,Telefónico,Transferencia,Río Grande
TX-007465,CLI-00629,2025-09-27,Pisos y cerámicos,14,412327.39,App,Cuenta corriente,Río Grande
TX-007460,CLI-01347,2025-09-27,Electricidad e iluminación,5,186085.35,Telefónico,Transferencia,Río Grande
TX-007450,CLI-00935,2025-09-27,Pinturas y revestimientos,8,479841.32,Telefónico,Cuenta corriente,Río Grande
TX-007459,CLI-01014,2025-09-27,Electricidad e iluminación,5,109107.92,App,Cuenta corriente,Río Grande
TX-007458,CLI-01338,2025-09-27,Electricidad e iluminación,2,23770.05,App,Tarjeta de débito,Tolhuin
TX-007451,CLI-00503,2025-09-27,Electricidad e iluminación,1,16805.04,Web,Transferencia,Río Grande
TX-007452,CLI-00100,2025-09-27,Electricidad e iluminación,14,256240.07,Telefónico,Transferencia,Ushuaia
TX-007453,CLI-00552,2025-09-27,Sanitarios y grifería,1,58949.77,Web,Transferencia,río grande
TX-007454,CLI-00274,2025-09-27,Ferretería general,47,618135.65,Web,Cuenta corriente,Río Grande
TX-007455,CLI-00582,2025-09-27,Maderas y tableros,13,313523.69,Web,Transferencia,Ushuaia
TX-007461,CLI-00992,2025-09-27,Pisos y cerámicos,41,1303350.28,Telefónico,Cuenta corriente,Río Grande
TX-007456,CLI-00322,2025-09-27,Ferretería general,5,41213.79,Telefónico,Tarjeta de crédito,Río Grande
TX-007474,CLI-00982,2025-09-28,Ferretería general,6,39834.46,Web,Transferencia,Ushuaia
TX-007472,CLI-01119,2025-09-28,Maderas y tableros,16,1248198.24,Web,Cuenta corriente,Ushuaia
TX-007471,CLI-01313,2025-09-28,Cemento y áridos,6,120499.66,Telefónico,Tarjeta de crédito,Río Grande
TX-007470,CLI-00865,2025-09-28,Ferretería general,2,5607.78,Web,Tarjeta de crédito,río grande
TX-007469,CLI-00872,2025-09-28,Cemento y áridos,10,161735.84,App,Tarjeta de débito,río grande
TX-007473,CLI-00897,2025-09-28,Pinturas y revestimientos,5,151693.04,Web,Tarjeta de crédito,Ushuaia
TX-007487,CLI-00804,2025-09-29,Seguridad e indumentaria,2,98111.46,App,Tarjeta de débito,río grande
TX-007488,CLI-00339,2025-09-29,Herramientas manuales,3,39825.56,Web,Cuenta corriente,Ushuaia
TX-007486,CLI-00100,2025-09-29,Plomería y caños,25,463518.74,Telefónico,Tarjeta de débito,Ushuaia
TX-007483,CLI-00596,2025-09-29,Ferretería general,8,62004.34,App,Tarjeta de crédito,Río Grande
TX-007484,CLI-00274,2025-09-29,Ferretería general,3,41316.76,Web,Tarjeta de crédito,RÍO GRANDE
TX-007475,CLI-01116,2025-09-29,Maderas y tableros,4,100118.68,Web,Tarjeta de crédito,Ushuaia
TX-007476,CLI-00775,2025-09-29,Pinturas y revestimientos,6,173414.07,Web,Transferencia,Ushuaia
TX-007477,CLI-00806,2025-09-29,Pinturas y revestimientos,7,677852.21,App,Cuenta corriente,Rio Grande
TX-007478,CLI-00646,2025-09-29,Sanitarios y grifería,4,247435.2,Web,Tarjeta de crédito,ushuaia
TX-007479,CLI-00665,2025-09-29,Seguridad e indumentaria,2,111232.34,Web,Efectivo en sucursal,Ushuaia
TX-007481,CLI-00038,2025-09-29,Sanitarios y grifería,2,118728.43,Telefónico,Efectivo en sucursal,Río Grande
TX-007482,CLI-01078,2025-09-29,Herramientas eléctricas,3,427755.78,Web,Transferencia,Tolhuin
TX-007485,CLI-01120,2025-09-29,Sanitarios y grifería,2,93087.86,Web,Tarjeta de crédito,Río Grande
TX-007507,CLI-00481,2025-09-30,Electricidad e iluminación,2,55315.07,App,Transferencia,Río Grande
TX-007506,CLI-00806,2025-09-30,Pinturas y revestimientos,3,218776.6,Web,Tarjeta de crédito,Río Grande
TX-007503,CLI-00922,2025-09-30,Pinturas y revestimientos,1,18774.06,Web,Transferencia,Tolhuin
TX-007502,CLI-01331,2025-09-30,Herramientas eléctricas,1,173632.32,App,Tarjeta de débito,Río Grande
TX-007505,CLI-00806,2025-09-30,Aberturas,4,1907908.86,Telefónico,Transferencia,Río Grande
TX-007500,CLI-01156,2025-09-30,Maderas y tableros,12,225912.08,App,T. crédito,Ushuaia
TX-007489,CLI-00066,2025-09-30,Herramientas manuales,2,50641.09,App,Transferencia,Río Grande
TX-007501,CLI-01199,2025-09-30,Sanitarios y grifería,4,313287.52,App,Efectivo en sucursal,Río Grande
TX-007491,CLI-00134,2025-09-30,Maderas y tableros,7,222324.32,App,Efectivo en sucursal,Ushuaia
TX-007492,CLI-00772,2025-09-30,Herramientas manuales,12,472629.92,Telefónico,Tarjeta de débito,Río Grande
TX-007490,CLI-00698,2025-09-30,Cemento y áridos,7,84281.61,Web,Tarjeta de débito,Río Grande
TX-007495,CLI-00392,2025-09-30,Ferretería general,14,110790.15,Telefónico,Cuenta corriente,Río Grande
TX-007496,CLI-01347,2025-09-30,Herramientas manuales,1,74080.75,Telefónico,Tarjeta de débito,Río Grande
TX-007497,CLI-00162,2025-09-30,Ferretería general,8,53055.02,Web,Tarjeta de débito,Río Grande
TX-007498,CLI-01148,2025-09-30,Ferretería general,10,58190.64,Web,Tarjeta de crédito,Ushuaia
TX-007493,CLI-00646,2025-09-30,Electricidad e iluminación,4,68204.57,Web,Tarjeta de crédito,Ushuaia 
TX-007533,CLI-00188,2025-10-01,Ferretería general,9,52302.4,Web,Transferencia,Tolhuin
TX-007528,CLI-01078,2025-10-01,Pinturas y revestimientos,11,222861.16,Web,Transferencia,TOLHUIN
TX-007532,CLI-00498,2025-10-01,Pisos y cerámicos,7,143015.85,App,Efectivo en sucursal,Río Grande
TX-007531,CLI-00224,2025-10-01,Aberturas,6,835294.62,App,Tarjeta de débito,Río Grande
TX-007530,CLI-00444,2025-10-01,Herramientas manuales,9,294399.41,Telefónico,Transferencia,Ushuaia
TX-007527,CLI-01093,2025-10-01,Pisos y cerámicos,37,1164279.26,App,Cuenta corriente,Ushuaia 
TX-007518,CLI-00719,2025-10-01,Maderas y tableros,7,331799.62,App,Cuenta corriente,Ushuaia
TX-007525,CLI-00773,2025-10-01,Electricidad e iluminación,6,68451.15,App,,Río Grande
TX-007508,CLI-00134,2025-10-01,Ferretería general,3,11956.69,Web,Transferencia,Ushuaia
TX-007510,CLI-00113,2025-10-01,Cemento y áridos,8,185210.41,App,Cuenta corriente,Río Grande
TX-007513,CLI-00431,2025-10-01,Sanitarios y grifería,2,107936.33,Web,Transferencia,Río Grande
TX-007514,CLI-00753,2025-10-01,Electricidad e iluminación,1,11888.84,Web,Tarjeta de crédito,Río Grande
TX-007515,CLI-00806,2025-10-01,Ferretería general,6,56369.38,Telefónico,Transferencia,Río Grande
TX-007526,CLI-00603,2025-10-01,Cemento y áridos,12,218788.29,Telefónico,Cuenta corriente,Ushuaia
TX-007517,CLI-00274,2025-10-01,Sanitarios y grifería,4,681752.94,App,Cuenta corriente,Río Grande
TX-007524,CLI-01081,2025-10-01,Pisos y cerámicos,23,658844.6,App,Cuenta corriente,Rio Grande
TX-007523,CLI-00440,2025-10-01,Cemento y áridos,34,451322.22,App,Tarjeta de crédito,río grande
TX-007521,CLI-00773,2025-10-01,Ferretería general,23,127256.64,Web,Tarjeta de débito,Río Grande
TX-007519,CLI-00990,2025-10-01,Maderas y tableros,10,441094.45,Web,Cuenta corriente,Ushuaia
TX-007516,CLI-01313,2025-10-01,Ferretería general,7,81717.75,Telefónico,Transferencia,Río Grande
TX-007538,CLI-01287,2025-10-02,Plomería y caños,6,39413.19,Web,Transferencia,Río Grande
TX-007555,CLI-00390,2025-10-02,Pinturas y revestimientos,11,609867.94,Telefónico,Cuenta corriente,Ushuaia
TX-007536,CLI-00842,2025-10-02,Ferretería general,5,43770.32,App,Transferencia,Río Grande
TX-007562,CLI-00841,2025-10-02,Ferretería general,41,326392.6,Web,Transferencia,Ushuaia
TX-007534,CLI-00538,2025-10-02,Ferretería general,8,39789.34,Web,Tarjeta de crédito,Ushuaia
TX-007560,CLI-00813,2025-10-02,Plomería y caños,20,565499.3,App,Tarjeta de débito,Río Grande
TX-007559,CLI-00367,2025-10-02,Pinturas y revestimientos,3,74808.57,Telefónico,Tarjeta de crédito,Ushuaia
TX-007557,CLI-00163,2025-10-02,Aberturas,6,1608432.13,Telefónico,Cuenta corriente,Río Grande
TX-007556,CLI-00672,2025-10-02,Pisos y cerámicos,19,316229.51,App,Efectivo en sucursal,Tolhuin
TX-007561,CLI-00701,2025-10-02,Aberturas,7,2854551.36,App,Cuenta corriente,Río Grande
TX-007554,CLI-01121,2025-10-02,Pisos y cerámicos,3,64745.39,Web,Transferencia,Río Grande
TX-007555,CLI-00390,2025-10-02,Pinturas y revestimientos,11,609867.94,Telefónico,Cuenta corriente,Ushuaia
TX-007546,CLI-00912,2025-10-02,Electricidad e iluminación,2,51627.82,App,Transferencia,Tolhuin
TX-007544,CLI-00865,2025-10-02,Maderas y tableros,11,248669.29,App,Tarjeta de débito,Río Grande
TX-007543,CLI-01059,2025-10-02,Electricidad e iluminación,6,211857.94,Web,Tarjeta de crédito,Ushuaia
TX-007541,CLI-01257,2025-10-02,Plomería y caños,17,180992.81,App,Tarjeta de crédito,Ushuaia
TX-007540,CLI-01011,2025-10-02,Plomería y caños,14,141891.35,Web,Transferencia,USHUAIA
TX-007547,CLI-00772,2025-10-02,Plomería y caños,4,76416.15,Web,Cuenta corriente,Río Grande
TX-007548,CLI-00032,2025-10-02,Herramientas manuales,22,410366.68,Telefónico,T. débito,Río Grande
TX-007549,CLI-00604,2025-10-02,Ferretería general,4,15967.94,Web,T. débito,Ushuaia
TX-007550,CLI-01239,2025-10-02,Herramientas manuales,6,190108.31,Web,Transferencia,Río Grande
TX-007551,CLI-01256,2025-10-02,Ferretería general,9,43955.86,Telefónico,Tarjeta de crédito,río grande
TX-007552,CLI-00416,2025-10-02,Ferretería general,7,39983.24,Web,transf.,tolhuin
TX-007539,CLI-00635,2025-10-02,Maderas y tableros,4,77847.27,Web,Transferencia,Ushuaia
TX-007578,CLI-00470,2025-10-03,Herramientas manuales,6,134336.52,Web,Tarjeta de débito,Ushuaia
TX-007582,CLI-00705,2025-10-03,Plomería y caños,8,88601.95,Web,Tarjeta de débito,Ushuaia
TX-007580,CLI-00392,2025-10-03,Ferretería general,9,62719.52,Telefónico,Cuenta corriente,Río Grande
TX-007577,CLI-00102,2025-10-03,Sanitarios y grifería,2,110596.94,Web,Transferencia,Ushuaia
TX-007572,CLI-00125,2025-10-03,Sanitarios y grifería,3,250282.56,Web,Transferencia,Ushuaia
TX-007574,CLI-01308,2025-10-03,Seguridad e indumentaria,6,232754.36,App,Tarjeta de débito,Tolhuin
TX-007573,CLI-00194,2025-10-03,Ferretería general,54,1010748.22,Telefónico,Cuenta corriente,Río Grande
TX-007571,CLI-00308,2025-10-03,Cemento y áridos,58,645392.5,Web,Tarjeta de débito,Río Grande
TX-007570,CLI-01284,2025-10-03,Sanitarios y grifería,1,55758.19,Web,Transferencia,Ushuaia
TX-007569,CLI-00147,2025-10-03,Ferretería general,7,,Web,Tarjeta de crédito,Río Grande
TX-007568,CLI-01119,2025-10-03,Maderas y tableros,13,625963.58,Telefónico,Transferencia,Ushuaia
TX-007567,CLI-00129,2025-10-03,Seguridad e indumentaria,15,851230.15,Web,Transferencia,Ushuaia
TX-007566,CLI-00066,2025-10-03,Aberturas,2,499836.99,App,Cuenta corriente,Río Grande
TX-007564,CLI-00956,2025-10-03,Herramientas manuales,3,55127.82,Web,Transferencia,Ushuaia
TX-007563,CLI-01161,2025-10-03,Plomería y caños,3,24519.67,Web,Tarjeta de débito,Ushuaia
TX-007576,CLI-00468,2025-10-03,Plomería y caños,4,55283.67,Telefónico,Tarjeta de crédito,Ushuaia
TX-007565,CLI-00883,2025-10-03,Aberturas,2,1032684.65,Web,Transferencia,Río Grande
TX-007603,CLI-01042,2025-10-04,Cemento y áridos,4,35761.8,Web,Tarjeta de débito,Río Grande
TX-007604,CLI-01059,2025-10-04,Ferretería general,6,98479.91,App,Cuenta corriente,Ushuaia
TX-007604,CLI-01059,2025-10-04,Ferretería general,6,98479.91,App,Cuenta corriente,Ushuaia
TX-007600,CLI-00322,2025-10-04,Pinturas y revestimientos,24,1018068.99,Web,Tarjeta de crédito,río grande
TX-007602,CLI-00172,2025-10-04,Ferretería general,65,762175.96,Telefónico,Efectivo en sucursal,Tolhuin
TX-007596,CLI-00287,2025-10-04,Aberturas,3,328432.26,Web,Tarjeta de débito,ushuaia
TX-007592,CLI-00162,2025-10-04,Cemento y áridos,18,313802.68,Web,Tarjeta de crédito,Río Grande
TX-007591,CLI-01006,2025-10-04,Plomería y caños,8,145769.48,Telefónico,Cuenta corriente,Río Grande
TX-007590,CLI-00633,2025-10-04,Sanitarios y grifería,1,60224.18,Web,Transferencia,Río Grande
TX-007598,CLI-01005,2025-10-04,Sanitarios y grifería,5,339915.51,App,Tarjeta de débito,Ushuaia
TX-007587,CLI-00338,2025-10-04,,20,102094.76,Web,Cuenta corriente,Río Grande
TX-007586,CLI-00832,2025-10-04,Pinturas y revestimientos,4,108968.05,Web,Tarjeta de débito,Ushuaia
TX-007584,CLI-00358,2025-10-04,Sanitarios y grifería,5,473161.54,Telefónico,Cuenta corriente,Ushuaia
TX-007585,CLI-01273,2025-10-04,Herramientas manuales,1,21810.51,Web,Transferencia,RÍO GRANDE
TX-007594,CLI-00793,2025-10-04,Plomería y caños,6,88597.96,Telefónico,Cuenta corriente,Río Grande 
TX-007595,CLI-00260,2025-10-04,Herramientas eléctricas,1,175504.25,Web,Tarjeta de débito,Río Grande
TX-007583,CLI-00059,2025-10-04,Seguridad e indumentaria,4,147932.72,Telefónico,Tarjeta de crédito,Río Grande
TX-007609,CLI-00273,2025-10-05,Electricidad e iluminación,28,989027.81,App,Transferencia,Río Grande
TX-007608,CLI-00719,2025-10-05,Seguridad e indumentaria,11,1452099.71,App,Cuenta corriente,Ushuaia
TX-007607,CLI-00923,2025-10-05,Plomería y caños,13,151039.3,Web,Tarjeta de crédito,Río Grande
TX-007606,CLI-00546,2025-10-05,Pinturas y revestimientos,6,236397.35,Web,Tarjeta de crédito,Río Grande
TX-007605,CLI-00773,2025-10-05,Maderas y tableros,7,173257.22,Web,Transferencia,Río Grande
TX-007626,CLI-01013,2025-10-06,Plomería y caños,2,38069.24,App,Cuenta corriente,Ushuaia
TX-007616,CLI-00512,2025-10-06,Aberturas,1,108150.89,Web,Tarjeta de débito,Río Grande
TX-007627,CLI-01199,2025-10-06,Pinturas y revestimientos,10,558317.82,App,Cuenta corriente,Río Grande
TX-007625,CLI-00947,2025-10-06,Herramientas eléctricas,2,327215.85,Web,Transferencia,Río Grande
TX-007622,CLI-00129,2025-10-06,Herramientas manuales,3,102554.12,App,Cuenta corriente,USHUAIA
TX-007623,CLI-00705,2025-10-06,Herramientas manuales,13,278363.36,Web,Transferencia,Ushuaia
TX-007621,CLI-00529,2025-10-06,Maderas y tableros,2,61202.4,Web,Tarjeta de débito,Río Grande
TX-007620,CLI-00581,2025-10-06,Pinturas y revestimientos,4,85937.06,Telefónico,Transferencia,Río Grande
TX-007618,CLI-00285,2025-10-06,Cemento y áridos,9,137847.53,Telefónico,Efectivo en sucursal,Ushuaia
TX-007617,CLI-00879,2025-10-06,Cemento y áridos,29,813369.25,Telefónico,Transferencia,Río Grande
TX-007616,CLI-00512,2025-10-06,Aberturas,1,108150.89,Web,Tarjeta de débito,Río Grande
TX-007615,CLI-00205,2025-10-06,Sanitarios y grifería,3,123430.58,Web,Transferencia,USHUAIA
TX-007613,CLI-00499,2025-10-06,Herramientas manuales,3,57040.77,Web,Tarjeta de débito,Río Grande
TX-007612,CLI-01103,2025-10-06,Maderas y tableros,4,72348.54,Web,Tarjeta de débito,Río Grande
TX-007611,CLI-00423,2025-10-06,Seguridad e indumentaria,4,177562.25,Web,Transferencia,Río Grande
TX-007610,CLI-01201,2025-10-06,Seguridad e indumentaria,2,92261.07,Web,transf.,Río Grande
TX-007624,CLI-00632,2025-10-06,Seguridad e indumentaria,6,223651.97,Web,Transferencia,Río Grande
TX-007648,CLI-00765,2025-10-07,Aberturas,1,92185.72,Web,Transferencia,Río Grande
TX-007646,CLI-00333,2025-10-07,Herramientas manuales,5,76109.86,App,Tarjeta de crédito,Ushuaia
TX-007645,CLI-01309,2025-10-07,Herramientas manuales,2,61087.95,Web,Transferencia,Río Grande
TX-007640,CLI-00274,2025-10-07,Ferretería general,16,198438.79,Telefónico,Cuenta corriente,Río Grande
TX-007639,CLI-00856,2025-10-07,Pinturas y revestimientos,2,93689.1,App,Cuenta corriente,USHUAIA
TX-007638,CLI-00032,2025-10-07,Cemento y áridos,28,296332.51,Web,Transferencia,río grande
TX-007628,CLI-01092,2025-10-07,Maderas y tableros,38,1634544.22,Telefónico,,Río Grande
TX-007629,CLI-00119,2025-10-07,Pinturas y revestimientos,4,143573.93,App,Tarjeta de débito,Tolhuin
TX-007630,CLI-00171,2025-10-07,Maderas y tableros,14,227791.39,App,Tarjeta de crédito,Ushuaia 
TX-007631,CLI-00515,2025-10-07,Pinturas y revestimientos,12,482127.12,Web,Cuenta corriente,Río Grande 
TX-007632,CLI-00170,2025-10-07,Sanitarios y grifería,7,313861.35,Web,Transferencia,Ushuaia
TX-007634,CLI-00879,2025-10-07,Plomería y caños,5,121829.19,Web,Tarjeta de crédito,Río Grande
TX-007635,CLI-00224,2025-10-07,Plomería y caños,8,67161.95,Telefónico,Efectivo en sucursal,Río Grande
TX-007636,CLI-00553,2025-10-07,Electricidad e iluminación,8,168273.56,Telefónico,Cuenta corriente,Río Grande
TX-007637,CLI-00999,2025-10-07,Electricidad e iluminación,6,71164.6,Web,Tarjeta de débito,Río Grande
TX-007642,CLI-00134,2025-10-07,Herramientas manuales,4,61650.8,Web,Tarjeta de crédito,Ushuaia
TX-007672,CLI-00411,2025-10-08,Electricidad e iluminación,1,12664.66,App,Tarjeta de débito,Río Grande
TX-007670,CLI-00598,2025-10-08,Maderas y tableros,9,362527.3,App,Cuenta corriente,Ushuaia
TX-007669,CLI-01035,2025-10-08,Sanitarios y grifería,4,224302.28,Web,Tarjeta de débito,RÍO GRANDE
TX-007668,CLI-01309,2025-10-08,Maderas y tableros,8,166418.01,Web,Tarjeta de débito,Río Grande
TX-007666,CLI-01201,2025-10-08,Pisos y cerámicos,3,56469.14,Web,Tarjeta de débito,RÍO GRANDE
TX-007664,CLI-00503,2025-10-08,Plomería y caños,7,75932.34,Web,Tarjeta de débito,Río Grande
TX-007663,CLI-00067,2025-10-08,Herramientas manuales,2,40900.23,Web,Tarjeta de crédito,Río Grande
TX-007661,CLI-01243,2025-10-08,Electricidad e iluminación,17,395114.44,Telefónico,Tarjeta de crédito,Río Grande
TX-007659,CLI-01038,2025-10-08,Herramientas eléctricas,2,295410.7,App,Tarjeta de crédito,Río Grande
TX-007658,CLI-01119,2025-10-08,Cemento y áridos,15,568807.92,App,Cuenta corriente,Ushuaia
TX-007657,CLI-01193,2025-10-08,Electricidad e iluminación,5,93034.75,App,Tarjeta de débito,Río Grande
TX-007656,CLI-00496,2025-10-08,Herramientas manuales,1,20289.0,Web,Tarjeta de débito,Río Grande
TX-007655,CLI-00157,2025-10-08,Cemento y áridos,14,298106.16,Web,Transferencia,Ushuaia
TX-007654,CLI-00267,2025-10-08,Sanitarios y grifería,4,274993.24,Web,Tarjeta de débito,Ushuaia
TX-007652,CLI-01165,2025-10-08,Maderas y tableros,27,1146671.33,Telefónico,Transferencia,Ushuaia
TX-007651,CLI-01017,2025-10-08,Herramientas eléctricas,4,1678389.2,App,Tarjeta de débito,
TX-007650,CLI-00448,2025-10-08,Sanitarios y grifería,2,186710.45,Web,Transferencia,río grande
TX-007649,CLI-01313,2025-10-08,Plomería y caños,3,52456.64,Telefónico,Transferencia,Río Grande
TX-007665,CLI-00248,2025-10-08,Ferretería general,4,16812.52,Web,Tarjeta de débito,Ushuaia
TX-007674,CLI-00991,2025-10-09,Ferretería general,2,6667.96,Web,Tarjeta de débito,Río Grande
TX-007687,CLI-00001,2025-10-09,Herramientas eléctricas,1,207252.25,Web,transf.,Río Grande
TX-007679,CLI-00431,2025-10-09,Sanitarios y grifería,3,174625.27,Web,Tarjeta de débito,Río Grande
TX-007685,CLI-00828,2025-10-09,Plomería y caños,4,67046.67,Telefónico,Transferencia,Ushuaia
TX-007673,CLI-00205,2025-10-09,Electricidad e iluminación,2,27084.92,App,Transferencia,Ushuaia
TX-007674,CLI-00991,2025-10-09,Ferretería general,2,6667.96,Web,Tarjeta de débito,Río Grande
TX-007675,CLI-00746,2025-10-09,Pisos y cerámicos,11,339818.33,Web,Cuenta corriente,Ushuaia
TX-007677,CLI-00016,2025-10-09,Sanitarios y grifería,4,413447.25,App,Cuenta corriente,Río Grande
TX-007678,CLI-00644,2025-10-09,Herramientas manuales,1,22919.82,App,Tarjeta de crédito,Ushuaia
TX-007676,CLI-01123,2025-10-09,Pinturas y revestimientos,3,111849.24,App,Transferencia,río grande
TX-007680,CLI-01076,2025-10-09,Herramientas manuales,2,37648.55,App,Tarjeta de crédito,Ushuaia
TX-007681,CLI-01347,2025-10-09,Plomería y caños,19,515769.45,App,Transferencia,Río Grande
TX-007682,CLI-00276,2025-10-09,Pisos y cerámicos,30,671309.06,Telefónico,Transferencia,Ushuaia
TX-007683,CLI-01217,2025-10-09,Electricidad e iluminación,7,183285.43,Web,Transferencia,Ushuaia
TX-007686,CLI-00028,2025-10-09,Maderas y tableros,9,287903.59,Telefónico,Cuenta corriente,Ushuaia
TX-007708,CLI-01264,2025-10-10,Plomería y caños,5,30794.74,Web,Transferencia,Río Grande
TX-007711,CLI-00100,2025-10-10,Pisos y cerámicos,12,313883.72,App,Transferencia,Ushuaia
TX-007710,CLI-00879,2025-10-10,Cemento y áridos,15,317108.18,App,Cuenta corriente,RÍO GRANDE
TX-007709,CLI-00458,2025-10-10,Electricidad e iluminación,1,10442.8,App,Tarjeta de crédito,Río Grande
TX-007706,CLI-00955,2025-10-10,Ferretería general,4,22023.88,App,Tarjeta de crédito,Río Grande
TX-007707,CLI-01042,2025-10-10,Sanitarios y grifería,9,,Telefónico,Tarjeta de crédito,Río Grande
TX-007694,CLI-00281,2025-10-10,Pisos y cerámicos,7,190068.76,App,Cuenta corriente,Ushuaia
TX-007689,CLI-00287,2025-10-10,Pinturas y revestimientos,4,92441.77,Web,Transferencia,Ushuaia
TX-007690,CLI-01034,2025-10-10,Herramientas eléctricas,2,396571.21,Web,Tarjeta de crédito,Ushuaia
TX-007691,CLI-01094,2025-10-10,Electricidad e iluminación,4,48717.15,App,Transferencia,Ushuaia
TX-007692,CLI-00947,2025-10-10,Electricidad e iluminación,2,33162.48,Web,Tarjeta de débito,Río Grande
TX-007693,CLI-00157,2025-10-10,Seguridad e indumentaria,3,231864.07,App,Cuenta corriente,Ushuaia
TX-007704,CLI-00793,2025-10-10,Cemento y áridos,14,293278.2,Telefónico,Cuenta corriente,Río Grande
TX-007688,CLI-00500,2025-10-10,Maderas y tableros,4,150905.35,Telefónico,Cuenta corriente,Ushuaia
TX-007695,CLI-00708,2025-10-10,Aberturas,5,1342704.19,App,Cuenta corriente,Río Grande
TX-007697,CLI-00813,2025-10-10,Sanitarios y grifería,1,197789.65,Telefónico,Transferencia,Río Grande
TX-007698,CLI-00016,2025-10-10,Herramientas manuales,17,731413.93,Telefónico,Transferencia,Río Grande
TX-007700,CLI-01117,2025-10-10,Electricidad e iluminación,6,68647.44,Web,Transferencia,Río Grande
TX-007701,CLI-01257,2025-10-10,Cemento y áridos,16,235295.84,Web,Tarjeta de crédito,Ushuaia
TX-007702,CLI-00170,2025-10-10,Pinturas y revestimientos,3,95389.72,App,Transferencia,Ushuaia
TX-007703,CLI-00627,2025-10-10,Electricidad e iluminación,5,136435.71,Telefónico,Transferencia,Ushuaia
TX-007696,CLI-00491,2025-10-10,Pinturas y revestimientos,5,155704.06,Web,Tarjeta de débito,Río Grande
TX-007734,CLI-00417,2025-10-11,Plomería y caños,3,20259.89,Web,Transferencia,Río Grande
TX-007731,CLI-00232,2025-10-11,Plomería y caños,20,352702.7,Telefónico,Cuenta corriente,Río Grande
TX-007735,CLI-00849,2025-10-11,Maderas y tableros,4,75889.82,Telefónico,Tarjeta de crédito,Río Grande
TX-007729,CLI-00357,2025-10-11,Electricidad e iluminación,7,268771.62,App,Cuenta corriente,Ushuaia
TX-007718,CLI-00883,2025-10-11,Cemento y áridos,20,607348.21,Telefónico,Tarjeta de débito,Río Grande
TX-007727,CLI-00879,2025-10-11,Cemento y áridos,14,373682.01,Telefónico,transf.,Río Grande
TX-007712,CLI-00898,2025-10-11,Pisos y cerámicos,7,138868.94,Telefónico,Tarjeta de débito,Ushuaia
TX-007713,CLI-00419,2025-10-11,Ferretería general,5,22415.32,Web,Tarjeta de débito,río grande
TX-007714,CLI-00496,2025-10-11,Seguridad e indumentaria,2,69872.74,Web,Transferencia,Río Grande 
TX-007715,CLI-00194,2025-10-11,Aberturas,4,1465472.69,Telefónico,Cuenta corriente,Río Grande
TX-007716,CLI-01204,2025-10-11,Pinturas y revestimientos,4,-122829.29,Web,Tarjeta de crédito,Ushuaia
TX-007717,CLI-01085,2025-10-11,Herramientas manuales,2,47237.17,Web,Tarjeta de débito,Río Grande
TX-007719,CLI-01257,2025-10-11,Herramientas manuales,2,44798.22,Web,Tarjeta de crédito,Ushuaia
TX-007720,CLI-00883,2025-10-11,Seguridad e indumentaria,6,534344.73,Web,Tarjeta de débito,Río Grande
TX-007721,CLI-01011,2025-10-11,Cemento y áridos,4,72836.03,Telefónico,Transferencia,USHUAIA
TX-007722,CLI-01064,2025-10-11,Seguridad e indumentaria,6,207668.55,Web,Tarjeta de débito,Río Grande
TX-007724,CLI-00360,2025-10-11,Electricidad e iluminación,7,149829.81,App,Cuenta corriente,río grande
TX-007725,CLI-00128,2025-10-11,Pinturas y revestimientos,9,384004.23,App,Efectivo en sucursal,Río Grande
TX-007726,CLI-01121,2025-10-11,Herramientas eléctricas,3,717942.67,Web,Transferencia,Río Grande
TX-007728,CLI-01193,2025-10-11,Plomería y caños,20,155199.69,Telefónico,Tarjeta de débito,Río Grande
TX-007740,CLI-01257,2025-10-12,Ferretería general,16,64411.59,Web,Transferencia,Ushuaia
TX-007739,CLI-01195,2025-10-12,Pisos y cerámicos,29,516428.4,Telefónico,Efectivo en sucursal,Río Grande
TX-007738,CLI-00709,2025-10-12,Pinturas y revestimientos,1,23257.36,Web,Transferencia,Ushuaia
TX-007736,CLI-00281,2025-10-12,Electricidad e iluminación,40,1026200.74,Telefónico,Transferencia,Ushuaia
TX-007761,CLI-00603,2025-10-13,Pisos y cerámicos,30,1227783.68,Telefónico,Efectivo en sucursal,Ushuaia
TX-007760,CLI-01284,2025-10-13,Pinturas y revestimientos,7,236857.22,Web,Transferencia,Ushuaia
TX-007762,CLI-00090,2025-10-13,Plomería y caños,123,2579658.6,Telefónico,Transferencia,Río Grande
TX-007759,CLI-00666,2025-10-13,Herramientas eléctricas,2,291490.62,Web,Tarjeta de débito,Río Grande
TX-007741,CLI-00444,2025-10-13,Pisos y cerámicos,29,968618.45,Web,Cuenta corriente,Ushuaia
TX-007757,CLI-01074,2025-10-13,Pisos y cerámicos,4,86609.24,Web,Transferencia,Río Grande
TX-007751,CLI-00344,2025-10-13,Sanitarios y grifería,1,104629.48,Telefónico,,Río Grande
TX-007750,CLI-01092,2025-10-13,Aberturas,5,829810.21,Web,Cuenta corriente,río grande
TX-007749,CLI-00483,2025-10-13,Pisos y cerámicos,33,1002759.93,Web,Tarjeta de crédito,Río Grande
TX-007748,CLI-01057,2025-10-13,Herramientas manuales,1,17442.95,Web,Transferencia,tolhuin
TX-007747,CLI-00304,2025-10-13,Electricidad e iluminación,6,144236.8,Telefónico,Cuenta corriente,Ushuaia
TX-007745,CLI-00701,2025-10-13,Ferretería general,4,45259.01,Web,Transferencia,Río Grande
TX-007746,CLI-00730,2025-10-13,Cemento y áridos,4,85776.4,Telefónico,transf.,Río Grande
TX-007743,CLI-00772,2025-10-13,Seguridad e indumentaria,13,,App,Transferencia,Río Grande
TX-007758,CLI-01038,2025-10-13,Maderas y tableros,13,230193.46,Telefónico,Tarjeta de crédito,río grande
TX-007742,CLI-01183,2025-10-13,Cemento y áridos,3,44398.94,Web,Tarjeta de crédito,Río Grande
TX-007752,CLI-00901,2025-10-13,Ferretería general,5,43749.83,App,Cuenta corriente,Ushuaia
TX-007753,CLI-00444,2025-10-13,Pinturas y revestimientos,4,166215.11,Telefónico,Cuenta corriente,Ushuaia
TX-007754,CLI-00085,2025-10-13,Herramientas manuales,1,21888.1,Web,Tarjeta de débito,Río Grande
TX-007744,CLI-00382,2025-10-13,Herramientas manuales,6,121768.4,Telefónico,Efectivo en sucursal,Río Grande
TX-007781,CLI-00289,2025-10-14,Pisos y cerámicos,29,875225.85,Telefónico,Cuenta corriente,Río Grande
TX-007784,CLI-00411,2025-10-14,Sanitarios y grifería,4,325357.77,Web,Tarjeta de crédito,Río Grande
TX-007783,CLI-00773,2025-10-14,Sanitarios y grifería,3,153088.6,Web,Tarjeta de crédito,Río Grande
TX-007782,CLI-00087,2025-10-14,Electricidad e iluminación,3,33692.54,App,Efectivo en sucursal,Ushuaia
TX-007780,CLI-00849,2025-10-14,Ferretería general,2,12538.22,Web,Tarjeta de débito,Río Grande
TX-007778,CLI-00344,2025-10-14,Maderas y tableros,52,1729545.8,App,Cuenta corriente,Río Grande
TX-007770,CLI-01258,2025-10-14,Sanitarios y grifería,3,174070.49,Web,Tarjeta de crédito,Río Grande
TX-007777,CLI-01078,2025-10-14,Sanitarios y grifería,4,172294.37,App,Tarjeta de crédito,Tolhuin
TX-007776,CLI-00078,2025-10-14,Maderas y tableros,12,431742.03,Telefónico,Cuenta corriente,Ushuaia
TX-007775,CLI-01092,2025-10-14,Herramientas manuales,3,123224.59,App,Cuenta corriente,Río Grande
TX-007774,CLI-00391,2025-10-14,Ferretería general,3,12020.73,App,Tarjeta de crédito,Ushuaia
TX-007773,CLI-01197,2025-10-14,Herramientas eléctricas,1,183301.47,Web,Tarjeta de débito,Río Grande 
TX-007772,CLI-00158,2025-10-14,Ferretería general,8,30748.91,Web,Transferencia,Río Grande
TX-007771,CLI-00468,2025-10-14,Sanitarios y grifería,5,379600.3,Telefónico,Cuenta corriente,Ushuaia
TX-007779,CLI-00996,2025-10-14,Maderas y tableros,7,365177.67,Telefónico,Cuenta corriente,Ushuaia
TX-007769,CLI-01333,2025-10-14,Electricidad e iluminación,5,79371.87,Web,Tarjeta de crédito,Ushuaia
TX-007768,CLI-00401,2025-10-14,Seguridad e indumentaria,7,287297.6,App,Tarjeta de crédito,Río Grande
TX-007767,CLI-00248,2025-10-14,Pinturas y revestimientos,2,51863.59,App,Transferencia,Ushuaia
TX-007765,CLI-00567,2025-10-14,Electricidad e iluminación,8,65787.53,Web,Tarjeta de débito,Río Grande
TX-007764,CLI-01174,2025-10-14,Pinturas y revestimientos,10,554640.15,Telefónico,Cuenta corriente,Río Grande
TX-007763,CLI-01295,2025-10-14,Pinturas y revestimientos,11,350899.19,Web,Tarjeta de débito,Río Grande
TX-007805,CLI-00503,2025-10-15,Maderas y tableros,17,501357.34,App,Tarjeta de débito,Río Grande
TX-007804,CLI-00371,2025-10-15,Herramientas manuales,2,38691.58,App,Tarjeta de débito,Ushuaia
TX-007794,CLI-00701,2025-10-15,Pisos y cerámicos,4,178960.41,App,Cuenta corriente,río grande
TX-007801,CLI-00841,2025-10-15,Pisos y cerámicos,18,578970.94,Telefónico,Cuenta corriente,Ushuaia
TX-007799,CLI-00041,2025-10-15,Plomería y caños,4,41220.7,App,Tarjeta de crédito,Tolhuin
TX-007785,CLI-01131,2025-10-15,Plomería y caños,3,20913.65,Web,Tarjeta de débito,Río Grande
TX-007786,CLI-00930,2025-10-15,Pinturas y revestimientos,12,473989.05,Web,Transferencia,Río Grande
TX-007787,CLI-01257,2025-10-15,Pinturas y revestimientos,3,85900.26,Web,Tarjeta de crédito,Ushuaia
TX-007788,CLI-00389,2025-10-15,Pisos y cerámicos,10,148600.33,Web,Tarjeta de crédito,Rio Grande
TX-007789,CLI-00895,2025-10-15,Pinturas y revestimientos,2,55007.33,App,Tarjeta de débito,Ushuaia
TX-007790,CLI-00469,2025-10-15,Sanitarios y grifería,2,106864.7,App,Transferencia,Río Grande
TX-007791,CLI-00730,2025-10-15,Cemento y áridos,16,252270.73,App,Cuenta corriente,Río Grande
TX-007792,CLI-01081,2025-10-15,Plomería y caños,9,93375.66,App,Tarjeta de crédito,Río Grande
TX-007793,CLI-00322,2025-10-15,Plomería y caños,12,214096.59,App,Transferencia,Río Grande 
TX-007796,CLI-00993,2025-10-15,Aberturas,2,453484.11,Telefónico,Cuenta corriente,Río Grande
TX-007802,CLI-00382,2025-10-15,Pinturas y revestimientos,3,81247.4,App,Tarjeta de débito,Río Grande
TX-007823,CLI-00730,2025-10-16,Cemento y áridos,12,327374.37,Telefónico,Tarjeta de crédito,Río Grande
TX-007822,CLI-01046,2025-10-16,Herramientas eléctricas,1,410497.51,App,Transferencia,Río Grande
TX-007821,CLI-00706,2025-10-16,Ferretería general,6,38814.01,App,Transferencia,Río Grande 
TX-007820,CLI-00170,2025-10-16,Herramientas manuales,4,,Telefónico,transf.,ushuaia
TX-007818,CLI-00106,2025-10-16,Herramientas manuales,5,87645.14,App,Tarjeta de crédito,Ushuaia
TX-007817,CLI-01216,2025-10-16,Cemento y áridos,4,55560.83,Telefónico,Transferencia,Ushuaia
TX-007816,CLI-00596,2025-10-16,Herramientas manuales,7,254139.8,App,Transferencia,Río Grande
TX-007815,CLI-00509,2025-10-16,Electricidad e iluminación,3,45297.56,Web,Tarjeta de débito,Río Grande
TX-007814,CLI-00895,2025-10-16,Ferretería general,4,15537.59,App,T. débito,Ushuaia
TX-007813,CLI-00334,2025-10-16,Ferretería general,4,18079.62,Web,Tarjeta de débito,Río Grande
TX-007811,CLI-00059,2025-10-16,Pinturas y revestimientos,3,102248.27,App,Tarjeta de débito,Río Grande
TX-007810,CLI-00127,2025-10-16,Plomería y caños,6,66108.42,App,Transferencia,Ushuaia
TX-007809,CLI-01014,2025-10-16,Maderas y tableros,16,653625.75,Web,Cuenta corriente,Río Grande
TX-007808,CLI-00705,2025-10-16,Sanitarios y grifería,2,145614.24,Web,Transferencia,Ushuaia 
TX-007807,CLI-00331,2025-10-16,Sanitarios y grifería,1,60378.46,Web,Tarjeta de débito,Ushuaia
TX-007806,CLI-00477,2025-10-16,Ferretería general,7,32642.44,App,Efectivo en sucursal,Tolhuin
TX-007819,CLI-00930,2025-10-16,Plomería y caños,10,131606.14,App,Cuenta corriente,Rio Grande
TX-007839,CLI-00535,2025-10-17,Cemento y áridos,31,632517.8,Web,Cuenta corriente,Ushuaia
TX-007828,CLI-01263,2025-10-17,Ferretería general,1,4754.39,Web,transf.,Ushuaia
TX-007837,CLI-00117,2025-10-17,Cemento y áridos,9,75368.18,App,Tarjeta de crédito,Río Grande
TX-007831,CLI-01053,2025-10-17,Electricidad e iluminación,6,124223.41,Telefónico,Cuenta corriente,Río Grande
TX-007830,CLI-00358,2025-10-17,Plomería y caños,3,,Telefónico,Cuenta corriente,Ushuaia
TX-007829,CLI-00849,2025-10-17,Herramientas manuales,2,42087.37,App,Transferencia,Río Grande
TX-007827,CLI-01067,2025-10-17,Pisos y cerámicos,8,141756.76,Telefónico,Tarjeta de crédito,Tolhuin
TX-007825,CLI-00897,2025-10-17,Pisos y cerámicos,37,883372.71,Web,Transferencia,Ushuaia
TX-007824,CLI-01067,2025-10-17,Herramientas manuales,2,36524.57,App,Tarjeta de crédito,Tolhuin
TX-007838,CLI-00944,2025-10-17,Maderas y tableros,17,543324.68,Web,Tarjeta de débito,Ushuaia
TX-007834,CLI-01130,2025-10-17,Ferretería general,7,31628.36,Web,Tarjeta de crédito,Tolhuin
TX-007835,CLI-00274,2025-10-17,Pinturas y revestimientos,4,295789.48,App,Transferencia,Río Grande
TX-007832,CLI-00496,2025-10-17,Herramientas manuales,2,56162.3,Web,Tarjeta de crédito,Río Grande
TX-007833,CLI-00100,2025-10-17,Aberturas,5,1018752.45,App,Efectivo en sucursal,Ushuaia
TX-007853,CLI-00068,2025-10-18,Herramientas manuales,15,623984.77,App,Cuenta corriente,río grande
TX-007857,CLI-00075,2025-10-18,Sanitarios y grifería,3,155045.4,Telefónico,Transferencia,Ushuaia
TX-007850,CLI-00294,2025-10-18,Aberturas,4,529930.49,Web,Tarjeta de crédito,Río Grande
TX-007849,CLI-01044,2025-10-18,Maderas y tableros,8,400500.09,Telefónico,Cuenta corriente,Río Grande
TX-007848,CLI-00716,2025-10-18,Aberturas,3,489559.04,App,Tarjeta de crédito,Río Grande
TX-007845,CLI-01217,2025-10-18,Seguridad e indumentaria,8,543605.37,App,Efectivo en sucursal,Ushuaia
TX-007844,CLI-00157,2025-10-18,Pisos y cerámicos,17,432250.94,Web,Cuenta corriente,Ushuaia
TX-007843,CLI-00726,2025-10-18,Ferretería general,5,19821.52,Web,Transferencia,Ushuaia
TX-007842,CLI-00321,2025-10-18,Ferretería general,5,65914.37,Telefónico,Cuenta corriente,Ushuaia
TX-007841,CLI-01084,2025-10-18,Sanitarios y grifería,1,125245.73,Telefónico,Tarjeta de débito,USHUAIA
TX-007840,CLI-01141,2025-10-18,Maderas y tableros,31,1187718.13,App,T. crédito,Ushuaia
TX-007855,CLI-01049,2025-10-18,Ferretería general,11,181331.15,App,Cuenta corriente,Río Grande
TX-007856,CLI-00273,2025-10-18,Herramientas eléctricas,3,1076235.26,Web,Cuenta corriente,Río Grande
TX-007861,CLI-00435,2025-10-19,Pinturas y revestimientos,8,243101.76,App,Tarjeta de débito,Río Grande
TX-007860,CLI-00078,2025-10-19,Ferretería general,18,165943.09,Web,Cuenta corriente,Ushuaia
TX-007858,CLI-00304,2025-10-19,Cemento y áridos,13,302769.11,Telefónico,Cuenta corriente,Ushuaia
TX-007885,CLI-01326,2025-10-20,Sanitarios y grifería,2,65980.2,Web,Tarjeta de débito,Río Grande
TX-007884,CLI-00993,2025-10-20,Herramientas manuales,3,69123.33,Web,Transferencia,río grande
TX-007883,CLI-01331,2025-10-20,Ferretería general,6,26815.34,Web,Tarjeta de crédito,Río Grande
TX-007882,CLI-00552,2025-10-20,Ferretería general,3,16402.95,App,Tarjeta de débito,Río Grande
TX-007881,CLI-00990,2025-10-20,Aberturas,10,2201098.27,App,Cuenta corriente,Ushuaia
TX-007871,CLI-00737,2025-10-20,Pinturas y revestimientos,2,39000.53,App,Tarjeta de débito,Río Grande
TX-007879,CLI-00170,2025-10-20,Plomería y caños,29,370617.46,Web,Transferencia,Ushuaia
TX-007863,CLI-00392,2025-10-20,Herramientas manuales,65,2513511.24,Web,Transferencia,Río Grande
TX-007864,CLI-00865,2025-10-20,Electricidad e iluminación,5,55444.01,App,Tarjeta de débito,río grande
TX-007865,CLI-01094,2025-10-20,Ferretería general,4,14591.15,App,Tarjeta de débito,USHUAIA
TX-007866,CLI-01069,2025-10-20,Herramientas manuales,6,108488.2,App,Tarjeta de débito,Río Grande
TX-007867,CLI-00321,2025-10-20,Aberturas,4,1448103.39,Telefónico,Cuenta corriente,Ushuaia
TX-007880,CLI-00333,2025-10-20,Herramientas manuales,4,87392.71,App,Tarjeta de crédito,Ushuaia
TX-007868,CLI-00843,2025-10-20,Electricidad e iluminación,1,11163.56,App,Tarjeta de crédito,Río Grande
TX-007870,CLI-00345,2025-10-20,Cemento y áridos,39,1198498.78,Telefónico,Transferencia,Río Grande
TX-007873,CLI-01259,2025-10-20,Pinturas y revestimientos,2,45906.29,App,Cuenta corriente,Río Grande
TX-007874,CLI-01181,2025-10-20,Pinturas y revestimientos,3,67898.07,Web,Transferencia,Río Grande
TX-007876,CLI-00129,2025-10-20,Seguridad e indumentaria,8,617146.17,Web,Cuenta corriente,Ushuaia
TX-007877,CLI-00032,2025-10-20,Cemento y áridos,7,80809.49,Web,Tarjeta de crédito,Río Grande
TX-007878,CLI-00523,2025-10-20,Cemento y áridos,40,,Telefónico,Cuenta corriente,Río Grande
TX-007869,CLI-01313,2025-10-20,Electricidad e iluminación,7,205005.65,Telefónico,Transferencia,Río Grande
TX-007909,CLI-00554,2025-10-21,Plomería y caños,3,23875.52,Web,Tarjeta de débito,Río Grande
TX-007910,CLI-00313,2025-10-21,Ferretería general,10,35287.05,Web,Efectivo en sucursal,Tolhuin
TX-007907,CLI-00254,2025-10-21,Seguridad e indumentaria,2,96854.85,Web,Tarjeta de débito,Río Grande
TX-007908,CLI-00552,2025-10-21,Plomería y caños,6,90069.69,Web,Transferencia,Río Grande
TX-007905,CLI-01093,2025-10-21,Aberturas,7,1661972.09,App,Transferencia,Ushuaia
TX-007906,CLI-00815,2025-10-21,Herramientas eléctricas,2,266686.9,App,Tarjeta de crédito,Ushuaia
TX-007900,CLI-01300,2025-10-21,Pisos y cerámicos,7,237798.12,Telefónico,Transferencia,Río Grande
TX-007899,CLI-00417,2025-10-21,Maderas y tableros,3,60199.33,Web,Transferencia,Río Grande
TX-007897,CLI-01018,2025-10-21,Seguridad e indumentaria,1,31921.91,Web,Cuenta corriente,Ushuaia
TX-007896,CLI-00101,2025-10-21,Pinturas y revestimientos,2,53779.09,App,Tarjeta de débito,Río Grande
TX-007894,CLI-00813,2025-10-21,Cemento y áridos,27,786595.32,Telefónico,Cuenta corriente,RÍO GRANDE
TX-007895,CLI-01240,2025-10-21,Pinturas y revestimientos,5,148722.08,Web,Tarjeta de crédito,Ushuaia
TX-007891,CLI-01017,2025-10-21,Sanitarios y grifería,3,350670.53,App,Cuenta corriente,Río Grande
TX-007888,CLI-00106,2025-10-21,Sanitarios y grifería,5,249156.3,Web,Transferencia,Ushuaia
TX-007887,CLI-00386,2025-10-21,Aberturas,5,1083669.81,Telefónico,Cuenta corriente,Río Grande
TX-007901,CLI-01137,2025-10-21,Cemento y áridos,110,3482829.32,Telefónico,Cuenta corriente,Río Grande
TX-007902,CLI-00723,2025-10-21,Sanitarios y grifería,1,83235.42,Web,Tarjeta de débito,Río Grande
TX-007886,CLI-01161,2025-10-21,Sanitarios y grifería,2,75088.05,App,Tarjeta de crédito,Ushuaia
TX-007893,CLI-00355,2025-10-21,Ferretería general,11,56932.73,Web,Tarjeta de débito,Río Grande
TX-007929,CLI-00009,2025-10-22,Pisos y cerámicos,7,240531.07,Web,Transferencia,Tolhuin
TX-007932,CLI-00832,2025-10-22,Pisos y cerámicos,5,71292.97,App,Efectivo en sucursal,Ushuaia
TX-007930,CLI-00300,2025-10-22,Plomería y caños,11,271006.3,Web,Transferencia,Ushuaia
TX-007928,CLI-01084,2025-10-22,Ferretería general,17,209455.39,Telefónico,Transferencia,Ushuaia
TX-007926,CLI-01013,2025-10-22,Ferretería general,26,279704.97,App,Cuenta corriente,Ushuaia
TX-007925,CLI-00305,2025-10-22,Herramientas manuales,1,29920.54,Telefónico,Cuenta corriente,Río Grande
TX-007911,CLI-00129,2025-10-22,Electricidad e iluminación,15,300297.29,Telefónico,Transferencia,Ushuaia
TX-007912,CLI-00129,2025-10-22,Ferretería general,43,291833.06,Web,Transferencia,Ushuaia
TX-007913,CLI-00165,2025-10-22,Herramientas manuales,3,46738.65,Telefónico,Tarjeta de débito,Ushuaia
TX-007914,CLI-00988,2025-10-22,Pinturas y revestimientos,2,45932.61,Web,Tarjeta de crédito,Río Grande
TX-007915,CLI-00787,2025-10-22,Cemento y áridos,31,424612.81,Web,Tarjeta de crédito,Ushuaia
TX-007917,CLI-00499,2025-10-22,Sanitarios y grifería,3,175033.06,App,Efectivo en sucursal,Río Grande
TX-007916,CLI-01081,2025-10-22,Herramientas manuales,2,71404.77,Telefónico,Transferencia,Río Grande
TX-007919,CLI-00723,2025-10-22,Cemento y áridos,92,913843.55,Web,T. débito,Río Grande
TX-007920,CLI-00232,2025-10-22,Plomería y caños,3,46138.45,Telefónico,Cuenta corriente,Río Grande
TX-007921,CLI-00482,2025-10-22,Cemento y áridos,77,1373510.22,Telefónico,Tarjeta de débito,Río Grande
TX-007923,CLI-01149,2025-10-22,Herramientas eléctricas,3,542660.35,Web,Tarjeta de débito,Ushuaia
TX-007924,CLI-01347,2025-10-22,Seguridad e indumentaria,2,236169.62,Web,Tarjeta de débito,Río Grande
TX-007918,CLI-01049,2025-10-22,Ferretería general,13,181551.82,Web,Cuenta corriente,Río Grande
TX-007956,CLI-01014,2025-10-23,Sanitarios y grifería,7,647594.3,Telefónico,Transferencia,Río Grande
TX-007958,CLI-00288,2025-10-23,Pinturas y revestimientos,2,43721.9,Web,Transferencia,Río Grande
TX-007957,CLI-01069,2025-10-23,Pisos y cerámicos,16,265449.52,Web,Tarjeta de débito,Río Grande
TX-007955,CLI-01347,2025-10-23,Ferretería general,16,167030.52,Telefónico,Transferencia,Río Grande
TX-007941,CLI-01000,2025-10-23,Electricidad e iluminación,3,49088.96,App,Cuenta corriente,Ushuaia
TX-007951,CLI-00901,2025-10-23,Sanitarios y grifería,3,,Telefónico,Transferencia,Ushuaia
TX-007933,CLI-00155,2025-10-23,Electricidad e iluminación,9,131835.47,Web,Tarjeta de crédito,Río Grande
TX-007935,CLI-00604,2025-10-23,Pisos y cerámicos,5,79356.91,App,Tarjeta de débito,ushuaia
TX-007936,CLI-00248,2025-10-23,Maderas y tableros,18,360755.8,App,Efectivo en sucursal,Ushuaia
TX-007938,CLI-00621,2025-10-23,Cemento y áridos,21,396162.94,Telefónico,Cuenta corriente,Río Grande
TX-007939,CLI-00113,2025-10-23,Aberturas,6,1382059.71,App,Tarjeta de crédito,Río Grande
TX-007953,CLI-00568,2025-10-23,Herramientas manuales,8,283765.87,Telefónico,Cuenta corriente,Río Grande
TX-007940,CLI-00990,2025-10-23,Pinturas y revestimientos,3,142595.25,Telefónico,Transferencia,Ushuaia
TX-007943,CLI-01284,2025-10-23,Pinturas y revestimientos,5,146235.67,Web,Tarjeta de débito,Ushuaia
TX-007944,CLI-01141,2025-10-23,Ferretería general,29,196631.76,App,Cuenta corriente,Ushuaia
TX-007945,CLI-00076,2025-10-23,Sanitarios y grifería,2,94115.9,Web,Tarjeta de crédito,Ushuaia
TX-007946,CLI-00598,2025-10-23,Pisos y cerámicos,24,903156.04,App,Transferencia,Ushuaia
TX-007947,CLI-00078,2025-10-23,Maderas y tableros,5,165923.83,Telefónico,Tarjeta de crédito,Ushuaia
TX-007949,CLI-01141,2025-10-23,Electricidad e iluminación,9,209287.7,App,Cuenta corriente,Ushuaia
TX-007942,CLI-01000,2025-10-23,Plomería y caños,11,166323.2,Telefónico,Cuenta corriente,Ushuaia
TX-007982,CLI-00113,2025-10-24,Cemento y áridos,109,2974213.06,Telefónico,Transferencia,RÍO GRANDE
TX-007986,CLI-00733,2025-10-24,,5,75072.4,Telefónico,Cuenta corriente,Río Grande
TX-007985,CLI-01326,2025-10-24,Electricidad e iluminación,5,50301.1,App,Tarjeta de crédito,Río Grande
TX-007983,CLI-00804,2025-10-24,Electricidad e iluminación,4,56110.28,Web,Tarjeta de débito,Río Grande
TX-007981,CLI-00256,2025-10-24,Electricidad e iluminación,34,868137.04,Web,Cuenta corriente,Río Grande
TX-007984,CLI-00276,2025-10-24,Cemento y áridos,76,1049974.0,Telefónico,Transferencia,Ushuaia
TX-007979,CLI-00080,2025-10-24,Ferretería general,6,25989.4,Web,Transferencia,Ushuaia
TX-007965,CLI-00759,2025-10-24,Plomería y caños,5,70651.18,Web,Cuenta corriente,Ushuaia 
TX-007964,CLI-01183,2025-10-24,Seguridad e indumentaria,2,71539.89,Web,Transferencia,Río Grande
TX-007963,CLI-00028,2025-10-24,Cemento y áridos,37,673337.97,Web,Cuenta corriente,Ushuaia
TX-007962,CLI-00750,2025-10-24,Plomería y caños,3,37457.25,Web,Transferencia,Ushuaia
TX-007960,CLI-00992,2025-10-24,Aberturas,6,1941400.52,Telefónico,,Río Grande
TX-007970,CLI-00806,2025-10-24,Ferretería general,30,485377.63,Telefónico,Tarjeta de crédito,Rio Grande
TX-007971,CLI-00828,2025-10-24,Maderas y tableros,9,359658.78,Web,Cuenta corriente,Ushuaia
TX-007972,CLI-00689,2025-10-24,Pisos y cerámicos,12,294264.51,Telefónico,Tarjeta de crédito,Río Grande
TX-007980,CLI-00629,2025-10-24,Seguridad e indumentaria,4,254788.09,Web,Tarjeta de crédito,Río Grande
TX-007966,CLI-01119,2025-10-24,Cemento y áridos,11,422824.65,Telefónico,Cuenta corriente,Ushuaia
TX-007967,CLI-00170,2025-10-24,Pisos y cerámicos,6,145186.16,Web,Transferencia,Ushuaia
TX-007973,CLI-01303,2025-10-24,Sanitarios y grifería,3,134263.78,App,Tarjeta de débito,Río Grande
TX-007974,CLI-00274,2025-10-24,Pinturas y revestimientos,1,78130.35,Telefónico,Tarjeta de crédito,Río Grande
TX-007975,CLI-00523,2025-10-24,Pisos y cerámicos,5,347515.31,App,Efectivo en sucursal,Río Grande
TX-007976,CLI-01084,2025-10-24,Herramientas eléctricas,5,2146141.68,App,Transferencia,Ushuaia
TX-007977,CLI-01216,2025-10-24,Plomería y caños,9,107353.22,Telefónico,Transferencia,Ushuaia
TX-007995,CLI-00951,2025-10-25,Ferretería general,1,3796.95,Web,Transferencia,Ushuaia
TX-007992,CLI-01063,2025-10-25,Herramientas manuales,3,39504.26,App,Tarjeta de crédito,río grande
TX-007999,CLI-01017,2025-10-25,Maderas y tableros,15,838523.15,App,Cuenta corriente,Río Grande
TX-008001,CLI-00067,2025-10-25,Pinturas y revestimientos,2,55079.89,Web,Efectivo en sucursal,Río Grande
TX-008002,CLI-00421,2025-10-25,Ferretería general,3,14775.56,Telefónico,Tarjeta de débito,Río Grande
TX-007990,CLI-00629,2025-10-25,Ferretería general,20,190138.06,Web,Cuenta corriente,Río Grande
TX-007989,CLI-00009,2025-10-25,Plomería y caños,8,131631.64,Web,Transferencia,TOLHUIN
TX-007988,CLI-00999,2025-10-25,Ferretería general,22,111031.79,Web,Tarjeta de crédito,Río Grande
TX-007987,CLI-01295,2025-10-25,Ferretería general,2,8342.64,Web,Tarjeta de crédito,Río Grande
TX-007994,CLI-00216,2025-10-25,Sanitarios y grifería,2,84010.8,Web,Tarjeta de crédito,Tolhuin
TX-007997,CLI-00359,2025-10-25,Cemento y áridos,55,709786.0,App,Tarjeta de crédito,Río Grande
TX-008008,CLI-00468,2025-10-26,Plomería y caños,19,336382.48,Telefónico,Cuenta corriente,Ushuaia
TX-008007,CLI-00708,2025-10-26,Sanitarios y grifería,5,530614.08,Telefónico,Tarjeta de débito,Río Grande
TX-008006,CLI-01148,2025-10-26,Electricidad e iluminación,3,49607.53,Web,T. crédito,Ushuaia
TX-008003,CLI-00613,2025-10-26,Sanitarios y grifería,8,707413.18,Telefónico,Cuenta corriente,Ushuaia
TX-008045,CLI-00500,2025-10-27,Electricidad e iluminación,31,1114016.34,Telefónico,Cuenta corriente,Ushuaia
TX-008044,CLI-01238,2025-10-27,Cemento y áridos,73,1417421.5,App,Tarjeta de crédito,Ushuaia
TX-008043,CLI-00128,2025-10-27,Cemento y áridos,9,229942.69,Telefónico,Transferencia,Río Grande
TX-008042,CLI-00948,2025-10-27,Maderas y tableros,9,260394.81,App,Transferencia,Río Grande
TX-008041,CLI-00813,2025-10-27,Maderas y tableros,8,498048.79,Telefónico,Cuenta corriente,Río Grande
TX-008040,CLI-00300,2025-10-27,Cemento y áridos,165,5329855.44,Telefónico,Transferencia,Ushuaia
TX-008036,CLI-01265,2025-10-27,Electricidad e iluminación,7,165971.73,App,Cuenta corriente,Tolhuin
TX-008035,CLI-00129,2025-10-27,Ferretería general,7,60614.82,Web,Cuenta corriente,Ushuaia
TX-008034,CLI-00089,2025-10-27,Ferretería general,13,58913.19,Web,Tarjeta de crédito,Río Grande
TX-008024,CLI-00113,2025-10-27,Maderas y tableros,92,4175897.39,Telefónico,Cuenta corriente,Río Grande
TX-008032,CLI-01300,2025-10-27,Aberturas,3,804271.18,Telefónico,Tarjeta de crédito,río grande
TX-008010,CLI-00943,2025-10-27,Plomería y caños,2,15559.55,Web,T. crédito,Ushuaia
TX-008011,CLI-00468,2025-10-27,Electricidad e iluminación,7,168685.89,Telefónico,Transferencia,Ushuaia
TX-008012,CLI-00499,2025-10-27,Electricidad e iluminación,1,13193.03,Web,Transferencia,Río Grande 
TX-008013,CLI-00523,2025-10-27,Cemento y áridos,6,186382.65,Telefónico,Transferencia,Río Grande
TX-008014,CLI-01276,2025-10-27,Plomería y caños,5,45509.15,App,Tarjeta de crédito,Ushuaia
TX-008033,CLI-00148,2025-10-27,Herramientas manuales,4,106166.37,App,Tarjeta de débito,Río Grande
TX-008018,CLI-01077,2025-10-27,Ferretería general,1,3613.79,App,Tarjeta de débito,Ushuaia
TX-008019,CLI-00828,2025-10-27,Sanitarios y grifería,2,209678.55,Web,Cuenta corriente,Ushuaia
TX-008015,CLI-00633,2025-10-27,Electricidad e iluminación,16,352660.85,App,Tarjeta de débito,Río Grande
TX-008021,CLI-01137,2025-10-27,Pinturas y revestimientos,27,2251538.98,Telefónico,Transferencia,Río Grande
TX-008022,CLI-00441,2025-10-27,Ferretería general,2,9177.69,Web,Tarjeta de crédito,Ushuaia
TX-008023,CLI-00161,2025-10-27,Ferretería general,2,7703.31,Telefónico,Transferencia,USHUAIA
TX-008025,CLI-00161,2025-10-27,Plomería y caños,7,84413.94,Web,Tarjeta de crédito,Ushuaia
TX-008026,CLI-00723,2025-10-27,Electricidad e iluminación,5,69877.11,Telefónico,Tarjeta de débito,Río Grande
TX-008027,CLI-00281,2025-10-27,Pinturas y revestimientos,4,239503.38,Telefónico,Efectivo en sucursal,Ushuaia
TX-008030,CLI-00701,2025-10-27,Aberturas,6,2535525.74,Web,Tarjeta de crédito,RÍO GRANDE
TX-008031,CLI-01238,2025-10-27,Ferretería general,10,97325.23,Telefónico,Transferencia,Ushuaia
TX-008020,CLI-00644,2025-10-27,Pisos y cerámicos,19,384851.05,Web,Transferencia,Ushuaia
TX-008076,CLI-00948,2025-10-28,Seguridad e indumentaria,2,90984.94,Web,Tarjeta de crédito,río grande
TX-008075,CLI-00322,2025-10-28,Electricidad e iluminación,120,2670123.77,Web,Cuenta corriente,Río Grande
TX-008074,CLI-00157,2025-10-28,Herramientas manuales,7,194985.11,App,Transferencia,Ushuaia
TX-008071,CLI-01055,2025-10-28,Pinturas y revestimientos,4,113622.85,Web,Tarjeta de crédito,Ushuaia
TX-008073,CLI-01137,2025-10-28,Sanitarios y grifería,2,,Telefónico,Cuenta corriente,Río Grande
TX-008072,CLI-00733,2025-10-28,Herramientas eléctricas,3,1015356.17,App,Cuenta corriente,Río Grande
TX-008070,CLI-01081,2025-10-28,Ferretería general,20,144442.54,App,Tarjeta de crédito,Río Grande
TX-008064,CLI-01211,2025-10-28,Electricidad e iluminación,2,30489.97,Telefónico,Tarjeta de débito,Río Grande
TX-008067,CLI-00419,2025-10-28,Sanitarios y grifería,3,229653.44,Web,Tarjeta de débito,Río Grande
TX-008046,CLI-00268,2025-10-28,Aberturas,2,257242.99,App,Tarjeta de débito,Río Grande
TX-008047,CLI-01006,2025-10-28,Ferretería general,51,520586.0,Web,Transferencia,Río Grande
TX-008051,CLI-01008,2025-10-28,Cemento y áridos,13,190884.76,Web,Tarjeta de crédito,Ushuaia
TX-008052,CLI-00125,2025-10-28,Plomería y caños,4,37658.8,Web,Tarjeta de crédito,Ushuaia
TX-008053,CLI-00112,2025-10-28,Cemento y áridos,54,1903104.96,App,Tarjeta de débito,Río Grande
TX-008054,CLI-01137,2025-10-28,Herramientas manuales,3,164507.35,Telefónico,Cuenta corriente,Río Grande
TX-008056,CLI-00260,2025-10-28,Electricidad e iluminación,7,120049.76,Web,,Rio Grande
TX-008055,CLI-00613,2025-10-28,Plomería y caños,4,85173.07,Telefónico,Tarjeta de débito,Ushuaia
TX-008057,CLI-00125,2025-10-28,Sanitarios y grifería,1,68870.31,Web,Tarjeta de crédito,Ushuaia
TX-008059,CLI-00672,2025-10-28,Sanitarios y grifería,1,60197.53,Web,Transferencia,Tolhuin
TX-008060,CLI-00695,2025-10-28,Pinturas y revestimientos,1,37205.18,Web,Transferencia,Río Grande
TX-008061,CLI-00280,2025-10-28,Sanitarios y grifería,1,64317.85,App,Tarjeta de crédito,río grande
TX-008063,CLI-00504,2025-10-28,Herramientas manuales,9,126004.83,Telefónico,Tarjeta de crédito,Ushuaia
TX-008065,CLI-01046,2025-10-28,Seguridad e indumentaria,3,175506.29,Telefónico,Transferencia,Río Grande
TX-008066,CLI-00274,2025-10-28,Electricidad e iluminación,16,544900.46,Telefónico,Cuenta corriente,Río Grande
TX-008068,CLI-00551,2025-10-28,Ferretería general,7,77810.12,Telefónico,Cuenta corriente,USHUAIA
TX-008099,CLI-00172,2025-10-29,Plomería y caños,9,359089.27,Telefónico,Cuenta corriente,Tolhuin 
TX-008103,CLI-00803,2025-10-29,Herramientas manuales,2,43100.75,Web,Transferencia,Ushuaia
TX-008102,CLI-00719,2025-10-29,Plomería y caños,8,137984.79,Telefónico,Transferencia,Ushuaia
TX-008100,CLI-00765,2025-10-29,Maderas y tableros,16,227758.95,Web,Transferencia,Río Grande
TX-008098,CLI-00162,2025-10-29,Maderas y tableros,3,107904.03,Telefónico,Cuenta corriente,Río Grande
TX-008095,CLI-00294,2025-10-29,Electricidad e iluminación,2,26867.61,Web,Tarjeta de crédito,Río Grande
TX-008096,CLI-01092,2025-10-29,Cemento y áridos,41,804696.96,Telefónico,Tarjeta de débito,Río Grande
TX-008077,CLI-00448,2025-10-29,Maderas y tableros,9,360937.53,Telefónico,Cuenta corriente,Río Grande
TX-008078,CLI-00354,2025-10-29,Cemento y áridos,42,513561.19,App,Transferencia,Río Grande
TX-008079,CLI-00943,2025-10-29,Aberturas,2,248876.69,Web,Tarjeta de débito,Ushuaia
TX-008080,CLI-00598,2025-10-29,Ferretería general,6,66313.99,Telefónico,Transferencia,ushuaia
TX-008081,CLI-00523,2025-10-29,Sanitarios y grifería,2,292878.56,Web,Cuenta corriente,Río Grande
TX-008082,CLI-01141,2025-10-29,Cemento y áridos,16,274710.08,Web,transf.,Ushuaia
TX-008097,CLI-01165,2025-10-29,Ferretería general,13,92335.84,Web,Cuenta corriente,Ushuaia
TX-008083,CLI-00613,2025-10-29,Plomería y caños,31,423690.13,Telefónico,Cuenta corriente,Ushuaia
TX-008085,CLI-00376,2025-10-29,Herramientas manuales,4,121691.86,Web,Cuenta corriente,ushuaia
TX-008086,CLI-00178,2025-10-29,Seguridad e indumentaria,5,333008.55,Web,Transferencia,Ushuaia
TX-008089,CLI-00900,2025-10-29,Ferretería general,2,9279.49,Web,Transferencia,Ushuaia
TX-008090,CLI-00358,2025-10-29,Ferretería general,8,48584.31,App,Cuenta corriente,ushuaia
TX-008092,CLI-00695,2025-10-29,Sanitarios y grifería,1,88248.51,Web,Tarjeta de débito,Río Grande
TX-008093,CLI-00441,2025-10-29,Electricidad e iluminación,2,26027.08,Web,Tarjeta de crédito,Ushuaia
TX-008084,CLI-00814,2025-10-29,Sanitarios y grifería,3,139908.4,App,Tarjeta de débito,Ushuaia
TX-008128,CLI-01119,2025-10-30,Maderas y tableros,12,689935.94,Web,Tarjeta de crédito,Ushuaia
TX-008129,CLI-00499,2025-10-30,Sanitarios y grifería,1,54925.68,Web,Tarjeta de débito,RÍO GRANDE
TX-008127,CLI-01074,2025-10-30,Seguridad e indumentaria,3,105132.14,Web,Tarjeta de débito,Río Grande
TX-008108,CLI-00883,2025-10-30,Sanitarios y grifería,3,599057.1,Web,Cuenta corriente,Río Grande
TX-008125,CLI-00129,2025-10-30,Electricidad e iluminación,3,68444.74,Web,Transferencia,Ushuaia
TX-008104,CLI-00313,2025-10-30,Aberturas,8,1218112.45,Web,,Tolhuin
TX-008106,CLI-00706,2025-10-30,Aberturas,2,362133.7,App,Tarjeta de crédito,Río Grande
TX-008107,CLI-00902,2025-10-30,Seguridad e indumentaria,9,344009.74,App,Transferencia,Río Grande
TX-008126,CLI-00826,2025-10-30,Pisos y cerámicos,5,94885.63,App,Efectivo en sucursal,Ushuaia
TX-008114,CLI-00245,2025-10-30,Plomería y caños,15,188566.72,Web,Tarjeta de débito,Río Grande
TX-008115,CLI-00338,2025-10-30,Ferretería general,14,59924.08,App,Transferencia,Río Grande
TX-008113,CLI-00205,2025-10-30,Ferretería general,9,50996.6,Web,Tarjeta de crédito,Ushuaia
TX-008119,CLI-01347,2025-10-30,Cemento y áridos,16,396774.02,Telefónico,Tarjeta de crédito,Río Grande
TX-008120,CLI-00344,2025-10-30,Cemento y áridos,5,81198.68,App,Tarjeta de débito,Río Grande
TX-008122,CLI-00128,2025-10-30,Plomería y caños,20,382831.51,Web,Tarjeta de crédito,Río Grande
TX-008123,CLI-01087,2025-10-30,Pisos y cerámicos,12,181303.83,Web,Tarjeta de crédito,Río Grande
TX-008124,CLI-00554,2025-10-30,Electricidad e iluminación,2,24123.85,Telefónico,Tarjeta de débito,Río Grande
TX-008116,CLI-00883,2025-10-30,Herramientas manuales,10,366887.37,App,Transferencia,Río Grande
TX-008152,CLI-01172,2025-10-31,Sanitarios y grifería,2,103071.38,Web,Tarjeta de crédito,Río Grande
TX-008158,CLI-01243,2025-10-31,Seguridad e indumentaria,3,270733.06,App,Efectivo en sucursal,Río Grande
TX-008157,CLI-00932,2025-10-31,Ferretería general,6,37078.19,App,Cuenta corriente,
TX-008155,CLI-00935,2025-10-31,Ferretería general,5,54254.65,Telefónico,Cuenta corriente,Río Grande
TX-008154,CLI-00252,2025-10-31,Ferretería general,56,335828.78,Telefónico,Tarjeta de débito,Río Grande
TX-008151,CLI-01006,2025-10-31,Cemento y áridos,28,487988.67,Web,Transferencia,Río Grande
TX-008153,CLI-00249,2025-10-31,Pinturas y revestimientos,8,356540.17,Telefónico,Transferencia,Río Grande
TX-008149,CLI-01347,2025-10-31,Electricidad e iluminación,6,223913.05,Web,Cuenta corriente,río grande
TX-008131,CLI-00772,2025-10-31,Aberturas,7,1973918.08,App,Cuenta corriente,Río Grande
TX-008132,CLI-00358,2025-10-31,Herramientas manuales,5,157576.22,App,Cuenta corriente,Ushuaia
TX-008150,CLI-01104,2025-10-31,Cemento y áridos,14,240351.1,App,Cuenta corriente,Río Grande
TX-008133,CLI-01221,2025-10-31,Pisos y cerámicos,13,179708.25,Web,Tarjeta de débito,Ushuaia
TX-008135,CLI-00883,2025-10-31,Herramientas manuales,4,230517.85,App,transf.,Río Grande
TX-008136,CLI-00858,2025-10-31,Sanitarios y grifería,1,42573.51,Web,Transferencia,Ushuaia
TX-008139,CLI-01064,2025-10-31,Pinturas y revestimientos,1,29160.83,Web,Tarjeta de crédito,Río Grande
TX-008138,CLI-00529,2025-10-31,Plomería y caños,4,48753.98,Web,Transferencia,Río Grande
TX-008142,CLI-00440,2025-10-31,Herramientas eléctricas,1,187779.54,Web,Transferencia,Río Grande
TX-008143,CLI-01165,2025-10-31,Seguridad e indumentaria,5,258236.03,App,Cuenta corriente,Ushuaia
TX-008144,CLI-00931,2025-10-31,,1,15383.78,Web,Tarjeta de crédito,Río Grande
TX-008146,CLI-00431,2025-10-31,Electricidad e iluminación,4,64662.59,App,Tarjeta de crédito,Río Grande
TX-008147,CLI-00022,2025-10-31,Ferretería general,2,7310.35,App,Tarjeta de débito,Río Grande
TX-008148,CLI-01201,2025-10-31,Pinturas y revestimientos,4,111707.95,Web,Tarjeta de débito,Río Grande
TX-008130,CLI-00705,2025-10-31,Cemento y áridos,11,115249.31,Web,Tarjeta de crédito,Ushuaia
TX-008141,CLI-00507,2025-10-31,Herramientas eléctricas,1,180499.44,Web,Transferencia,Rio Grande
TX-008185,CLI-00553,2025-11-01,Ferretería general,9,54749.56,App,Cuenta corriente,Río Grande
TX-008189,CLI-00090,2025-11-01,Seguridad e indumentaria,3,195440.71,Telefónico,Transferencia,Río Grande
TX-008187,CLI-00750,2025-11-01,Maderas y tableros,20,616623.43,Web,Tarjeta de crédito,Ushuaia
TX-008184,CLI-01037,2025-11-01,Maderas y tableros,22,916856.98,App,Tarjeta de débito,ushuaia
TX-008183,CLI-00469,2025-11-01,Ferretería general,3,17268.32,App,Tarjeta de crédito,Río Grande 
TX-008170,CLI-01347,2025-11-01,Ferretería general,48,601678.6,App,Transferencia,Río Grande
TX-008161,CLI-00684,2025-11-01,Electricidad e iluminación,2,38705.09,App,T. crédito,Río Grande
TX-008162,CLI-00016,2025-11-01,Maderas y tableros,4,178053.67,Telefónico,Transferencia,Río Grande
TX-008163,CLI-00158,2025-11-01,Ferretería general,6,29404.2,App,Cuenta corriente,Río Grande
TX-008164,CLI-01326,2025-11-01,Ferretería general,11,50881.17,Web,Tarjeta de débito,río grande
TX-008165,CLI-01017,2025-11-01,Herramientas eléctricas,4,1843226.26,Telefónico,Cuenta corriente,Río Grande
TX-008169,CLI-00075,2025-11-01,Ferretería general,9,35064.09,Telefónico,Tarjeta de crédito,Ushuaia
TX-008179,CLI-00145,2025-11-01,Herramientas manuales,4,79765.68,App,Transferencia,Ushuaia
TX-008171,CLI-00172,2025-11-01,Plomería y caños,5,120201.48,App,Cuenta corriente,Tolhuin
TX-008172,CLI-00588,2025-11-01,Ferretería general,5,32408.75,Web,Tarjeta de débito,Ushuaia
TX-008174,CLI-00793,2025-11-01,Maderas y tableros,4,162520.8,Telefónico,Tarjeta de crédito,Río Grande
TX-008176,CLI-00249,2025-11-01,Electricidad e iluminación,21,507288.7,App,Cuenta corriente,Río Grande
TX-008177,CLI-00880,2025-11-01,Ferretería general,4,13182.65,App,Tarjeta de crédito,Ushuaia
TX-008178,CLI-00090,2025-11-01,Maderas y tableros,20,588562.19,App,Cuenta corriente,Río Grande
TX-008160,CLI-00813,2025-11-01,Electricidad e iluminación,10,446935.02,Telefónico,Cuenta corriente,río grande
TX-008159,CLI-01276,2025-11-01,Plomería y caños,14,175728.91,Web,Tarjeta de crédito,Ushuaia
TX-008194,CLI-00470,2025-11-02,Plomería y caños,5,61689.3,Web,Transferencia,ushuaia
TX-008193,CLI-01149,2025-11-02,Pinturas y revestimientos,9,326357.9,App,Tarjeta de crédito,Ushuaia
TX-008192,CLI-00444,2025-11-02,Aberturas,5,1677174.56,Web,Tarjeta de crédito,Ushuaia
TX-008190,CLI-00500,2025-11-02,Electricidad e iluminación,9,256074.52,Telefónico,Cuenta corriente,ushuaia
TX-008211,CLI-00321,2025-11-03,Ferretería general,4,51978.73,Telefónico,Transferencia,Ushuaia
TX-008212,CLI-00585,2025-11-03,Sanitarios y grifería,2,111836.24,Web,Tarjeta de débito,USHUAIA
TX-008210,CLI-00553,2025-11-03,Seguridad e indumentaria,3,200258.81,Web,Cuenta corriente,Río Grande
TX-008197,CLI-00535,2025-11-03,Plomería y caños,21,351966.73,Telefónico,Cuenta corriente,Ushuaia
TX-008208,CLI-01130,2025-11-03,Cemento y áridos,19,159746.68,Web,Tarjeta de crédito,Tolhuin
TX-008195,CLI-00165,2025-11-03,Electricidad e iluminación,11,226375.77,App,Tarjeta de débito,Ushuaia
TX-008196,CLI-00358,2025-11-03,Aberturas,11,3110981.56,App,Cuenta corriente,Ushuaia
TX-008209,CLI-00856,2025-11-03,Ferretería general,14,126878.15,Telefónico,Cuenta corriente,Ushuaia
TX-008199,CLI-00535,2025-11-03,Herramientas eléctricas,2,596801.61,Telefónico,,Ushuaia
TX-008200,CLI-01104,2025-11-03,Ferretería general,19,156572.47,Telefónico,Cuenta corriente,RÍO GRANDE
TX-008201,CLI-00794,2025-11-03,Pinturas y revestimientos,2,56617.36,Web,Cuenta corriente,Río Grande
TX-008198,CLI-00993,2025-11-03,Ferretería general,27,253129.53,App,T. débito,Río Grande
TX-008203,CLI-00512,2025-11-03,Pinturas y revestimientos,1,25461.99,Web,Transferencia,Río Grande
TX-008204,CLI-00254,2025-11-03,Pisos y cerámicos,11,258408.05,App,Tarjeta de crédito,Río Grande
TX-008205,CLI-00781,2025-11-03,Pinturas y revestimientos,2,34161.0,Web,Tarjeta de crédito,Ushuaia
TX-008206,CLI-01093,2025-11-03,Maderas y tableros,10,414824.69,App,Transferencia,Ushuaia 
TX-008207,CLI-00338,2025-11-03,Plomería y caños,11,130338.44,Web,Transferencia,Río Grande
TX-008202,CLI-00629,2025-11-03,Cemento y áridos,25,381895.85,App,Cuenta corriente,RÍO GRANDE
TX-008238,CLI-00489,2025-11-04,Ferretería general,4,12715.93,Web,Tarjeta de débito,Río Grande
TX-008245,CLI-00872,2025-11-04,Seguridad e indumentaria,11,721381.75,Telefónico,Transferencia,Río Grande
TX-008244,CLI-01347,2025-11-04,Ferretería general,14,153481.99,App,Cuenta corriente,Río Grande
TX-008243,CLI-01137,2025-11-04,Plomería y caños,9,266870.9,App,Cuenta corriente,río grande
TX-008242,CLI-01270,2025-11-04,Pinturas y revestimientos,9,371816.48,Web,Transferencia,Ushuaia
TX-008241,CLI-01238,2025-11-04,Maderas y tableros,10,465687.45,Telefónico,Cuenta corriente,Ushuaia
TX-008240,CLI-01331,2025-11-04,Sanitarios y grifería,2,121692.53,Web,Transferencia,Río Grande
TX-008237,CLI-00199,2025-11-04,Maderas y tableros,23,805155.37,Telefónico,Transferencia,Río Grande
TX-008222,CLI-00672,2025-11-04,Plomería y caños,11,80807.47,Web,Transferencia,Tolhuin
TX-008235,CLI-00806,2025-11-04,Electricidad e iluminación,11,438370.04,Telefónico,Transferencia,Río Grande
TX-008226,CLI-00713,2025-11-04,Plomería y caños,7,67752.29,Web,Transferencia,Ushuaia
TX-008225,CLI-00113,2025-11-04,Pisos y cerámicos,14,581404.22,Telefónico,Cuenta corriente,Río Grande
TX-008236,CLI-00496,2025-11-04,Cemento y áridos,11,156356.67,Web,Tarjeta de débito,Río Grande
TX-008220,CLI-00142,2025-11-04,Cemento y áridos,45,939216.2,Telefónico,Cuenta corriente,Río Grande
TX-008219,CLI-00551,2025-11-04,Electricidad e iluminación,27,959717.11,Telefónico,Cuenta corriente,Ushuaia
TX-008218,CLI-00212,2025-11-04,Ferretería general,12,93590.94,Telefónico,Transferencia,Río Grande
TX-008217,CLI-00038,2025-11-04,Ferretería general,4,18864.3,Web,Tarjeta de crédito,RÍO GRANDE
TX-008216,CLI-00641,2025-11-04,Cemento y áridos,6,78020.46,App,Transferencia,Río Grande
TX-008215,CLI-01257,2025-11-04,Electricidad e iluminación,14,235538.45,Web,Tarjeta de débito,Ushuaia
TX-008213,CLI-00815,2025-11-04,Pinturas y revestimientos,8,176822.32,Web,Tarjeta de débito,Ushuaia
TX-008228,CLI-01313,2025-11-04,Pinturas y revestimientos,3,140703.84,Telefónico,Transferencia,Río Grande
TX-008229,CLI-00116,2025-11-04,Herramientas eléctricas,1,240665.88,Web,Tarjeta de débito,Río Grande
TX-008230,CLI-00142,2025-11-04,Herramientas manuales,6,227875.86,Telefónico,Transferencia,Río Grande
TX-008231,CLI-01184,2025-11-04,Herramientas eléctricas,3,392512.87,Web,Transferencia,RÍO GRANDE
TX-008232,CLI-00038,2025-11-04,Plomería y caños,2,23939.48,App,Transferencia,Rio Grande
TX-008233,CLI-01283,2025-11-04,Pinturas y revestimientos,2,37199.03,Web,Tarjeta de débito,Río Grande
TX-008234,CLI-00248,2025-11-04,Seguridad e indumentaria,10,455751.9,App,T. débito,Ushuaia 
TX-008214,CLI-00245,2025-11-04,Seguridad e indumentaria,9,443342.75,Web,Transferencia,río grande
TX-008267,CLI-00266,2025-11-05,Cemento y áridos,5,97823.41,Web,Transferencia,Ushuaia
TX-008268,CLI-00566,2025-11-05,Pinturas y revestimientos,1,53000.93,Web,Tarjeta de crédito,Río Grande
TX-008264,CLI-01276,2025-11-05,Herramientas manuales,3,56161.22,Telefónico,Tarjeta de débito,
TX-008261,CLI-00746,2025-11-05,Plomería y caños,18,-314760.09,Web,Transferencia,Ushuaia
TX-008262,CLI-00483,2025-11-05,Herramientas manuales,11,431700.38,App,Tarjeta de débito,Río Grande
TX-008260,CLI-00194,2025-11-05,Seguridad e indumentaria,5,599241.1,App,Cuenta corriente,Río Grande
TX-008259,CLI-00879,2025-11-05,Seguridad e indumentaria,17,1590370.3,App,Cuenta corriente,Río Grande
TX-008256,CLI-01050,2025-11-05,Seguridad e indumentaria,4,183005.65,Web,Tarjeta de débito,Río Grande
TX-008255,CLI-01193,2025-11-05,Herramientas manuales,1,26314.97,Web,Cuenta corriente,Río Grande
TX-008254,CLI-00879,2025-11-05,Maderas y tableros,22,1102462.94,App,Cuenta corriente,Río Grande
TX-008253,CLI-01223,2025-11-05,Herramientas eléctricas,2,407327.89,App,Tarjeta de crédito,Ushuaia
TX-008252,CLI-00832,2025-11-05,Pisos y cerámicos,9,142331.01,App,Tarjeta de crédito,Ushuaia
TX-008251,CLI-00327,2025-11-05,Plomería y caños,5,42645.46,Web,Transferencia,Río Grande
TX-008249,CLI-01183,2025-11-05,Maderas y tableros,2,53244.09,App,Efectivo en sucursal,Río Grande
TX-008248,CLI-00719,2025-11-05,Cemento y áridos,88,2605390.15,Web,Cuenta corriente,Ushuaia
TX-008247,CLI-01059,2025-11-05,Cemento y áridos,47,1865530.17,Telefónico,Cuenta corriente,Ushuaia
TX-008263,CLI-00733,2025-11-05,Plomería y caños,3,44650.52,App,Transferencia,Río Grande
TX-008291,CLI-00403,2025-11-06,Electricidad e iluminación,3,70953.78,Telefónico,Transferencia,USHUAIA
TX-008292,CLI-00218,2025-11-06,Cemento y áridos,9,174720.13,Telefónico,Transferencia,Río Grande
TX-008289,CLI-00266,2025-11-06,Pinturas y revestimientos,2,50198.07,Web,Transferencia,Ushuaia
TX-008272,CLI-01042,2025-11-06,Pisos y cerámicos,10,269352.52,App,Tarjeta de crédito,Río Grande
TX-008287,CLI-01211,2025-11-06,Sanitarios y grifería,2,132394.15,Web,transf.,Río Grande
TX-008286,CLI-00128,2025-11-06,Cemento y áridos,25,560406.0,Telefónico,Cuenta corriente,río grande
TX-008284,CLI-01165,2025-11-06,Electricidad e iluminación,17,507758.58,Telefónico,Cuenta corriente,Ushuaia
TX-008283,CLI-00765,2025-11-06,Seguridad e indumentaria,9,332921.56,Web,Tarjeta de crédito,río grande
TX-008281,CLI-01035,2025-11-06,Herramientas eléctricas,2,444118.19,Web,Tarjeta de débito,Río Grande
TX-008279,CLI-00174,2025-11-06,Herramientas eléctricas,4,607389.89,App,Efectivo en sucursal,Ushuaia
TX-008277,CLI-00553,2025-11-06,Plomería y caños,6,109569.76,Telefónico,Transferencia,Río Grande
TX-008276,CLI-01248,2025-11-06,Maderas y tableros,11,247392.87,App,Transferencia,Ushuaia
TX-008275,CLI-01313,2025-11-06,Cemento y áridos,71,1596178.09,Telefónico,Cuenta corriente,Río Grande
TX-008274,CLI-00178,2025-11-06,Pisos y cerámicos,8,314253.51,Telefónico,Tarjeta de crédito,Ushuaia
TX-008273,CLI-01137,2025-11-06,Plomería y caños,7,226289.03,Web,Cuenta corriente,Río Grande
TX-008270,CLI-00523,2025-11-06,Ferretería general,19,300692.04,Web,Cuenta corriente,Río Grande
TX-008269,CLI-00813,2025-11-06,Plomería y caños,9,279249.95,Telefónico,Transferencia,Río Grande
TX-008288,CLI-00145,2025-11-06,Cemento y áridos,11,191118.62,Web,Transferencia,Ushuaia
TX-008311,CLI-01017,2025-11-07,Maderas y tableros,12,997327.66,Telefónico,Efectivo en sucursal,Río Grande
TX-008310,CLI-00117,2025-11-07,Herramientas eléctricas,2,337056.66,Web,Transferencia,Río Grande
TX-008308,CLI-01173,2025-11-07,Sanitarios y grifería,2,72441.7,Web,Tarjeta de crédito,Río Grande
TX-008307,CLI-00753,2025-11-07,Electricidad e iluminación,5,68084.31,Web,Tarjeta de crédito,Río Grande
TX-008294,CLI-00551,2025-11-07,Cemento y áridos,110,4834817.72,Telefónico,Cuenta corriente,Ushuaia
TX-008293,CLI-01257,2025-11-07,Seguridad e indumentaria,5,-182622.83,Web,Tarjeta de débito,Ushuaia
TX-008298,CLI-00627,2025-11-07,Pisos y cerámicos,9,360200.56,Web,Cuenta corriente,Ushuaia
TX-008301,CLI-01141,2025-11-07,Aberturas,5,1365392.33,App,Cuenta corriente,Ushuaia
TX-008302,CLI-01042,2025-11-07,Cemento y áridos,17,213325.42,App,Efectivo en sucursal,RÍO GRANDE
TX-008303,CLI-00423,2025-11-07,Plomería y caños,6,66528.93,Web,Transferencia,Río Grande
TX-008305,CLI-00684,2025-11-07,Ferretería general,8,34079.62,Telefónico,Transferencia,Río Grande
TX-008309,CLI-01174,2025-11-07,Maderas y tableros,25,1418551.81,Telefónico,Cuenta corriente,Río Grande
TX-008296,CLI-01331,2025-11-07,Ferretería general,49,249878.5,Web,Transferencia,Río Grande
TX-008306,CLI-00258,2025-11-07,Herramientas manuales,4,77474.79,Web,T. crédito,Ushuaia
TX-008297,CLI-00733,2025-11-07,Seguridad e indumentaria,2,119921.47,Telefónico,Cuenta corriente,Río Grande
TX-008322,CLI-00680,2025-11-08,Ferretería general,12,50730.0,App,Transferencia,Ushuaia
TX-008320,CLI-01017,2025-11-08,Electricidad e iluminación,6,196855.69,Telefónico,Tarjeta de crédito,Río Grande
TX-008319,CLI-00705,2025-11-08,Electricidad e iluminación,3,44224.3,App,Efectivo en sucursal,Ushuaia
TX-008316,CLI-01006,2025-11-08,Sanitarios y grifería,2,,Telefónico,Cuenta corriente,Río Grande
TX-008315,CLI-01222,2025-11-08,Cemento y áridos,36,585162.47,App,Tarjeta de crédito,Ushuaia
TX-008314,CLI-00551,2025-11-08,Cemento y áridos,89,3675224.35,Telefónico,Cuenta corriente,Ushuaia
TX-008313,CLI-00646,2025-11-08,Ferretería general,17,95884.21,App,T. crédito,Ushuaia
TX-008312,CLI-00157,2025-11-08,Plomería y caños,7,149535.05,Web,Tarjeta de crédito,Ushuaia
TX-008323,CLI-00678,2025-11-08,Cemento y áridos,25,225441.71,Web,Tarjeta de débito,Río Grande
TX-008333,CLI-00040,2025-11-09,Seguridad e indumentaria,3,181599.4,Web,Tarjeta de crédito,Ushuaia
TX-008331,CLI-01092,2025-11-09,Plomería y caños,29,504982.42,Web,Cuenta corriente,Río Grande
TX-008330,CLI-00009,2025-11-09,Maderas y tableros,6,209325.41,Web,,Tolhuin
TX-008329,CLI-00205,2025-11-09,Cemento y áridos,8,122106.66,App,Tarjeta de débito,Ushuaia
TX-008327,CLI-00956,2025-11-09,Electricidad e iluminación,6,96795.12,App,Tarjeta de débito,Ushuaia
TX-008325,CLI-00392,2025-11-09,Cemento y áridos,99,-2078868.79,Web,Cuenta corriente,RÍO GRANDE
TX-008324,CLI-01011,2025-11-09,Plomería y caños,21,185717.26,App,Transferencia,Ushuaia
TX-008357,CLI-00902,2025-11-10,Electricidad e iluminación,11,146975.23,App,Tarjeta de débito,Río Grande
TX-008356,CLI-00129,2025-11-10,Maderas y tableros,3,106437.12,Telefónico,Tarjeta de débito,Ushuaia
TX-008355,CLI-01184,2025-11-10,Ferretería general,2,8721.71,Web,Tarjeta de débito,Río Grande
TX-008354,CLI-00178,2025-11-10,Electricidad e iluminación,3,72016.59,Telefónico,Transferencia,Ushuaia
TX-008353,CLI-00932,2025-11-10,Plomería y caños,2,30983.83,Telefónico,Cuenta corriente,Río Grande
TX-008343,CLI-00199,2025-11-10,Plomería y caños,16,294501.86,Telefónico,Cuenta corriente,Río Grande
TX-008351,CLI-00157,2025-11-10,Herramientas manuales,4,115700.31,App,Transferencia,Ushuaia
TX-008334,CLI-00009,2025-11-10,Ferretería general,39,299495.61,Telefónico,Transferencia,Tolhuin
TX-008335,CLI-00289,2025-11-10,Herramientas eléctricas,3,897215.98,App,Cuenta corriente,Río Grande
TX-008336,CLI-00448,2025-11-10,Ferretería general,24,238130.62,App,Cuenta corriente,Río Grande
TX-008337,CLI-00273,2025-11-10,Plomería y caños,8,154511.41,App,Tarjeta de crédito,Río Grande
TX-008352,CLI-00276,2025-11-10,Herramientas manuales,2,65900.13,Web,Cuenta corriente,Ushuaia
TX-008339,CLI-00733,2025-11-10,Cemento y áridos,16,398266.37,Telefónico,Cuenta corriente,Río Grande
TX-008338,CLI-01000,2025-11-10,Cemento y áridos,27,422501.69,Telefónico,,Ushuaia
TX-008341,CLI-01128,2025-11-10,Electricidad e iluminación,6,74064.43,App,T. crédito,Río Grande
TX-008342,CLI-00199,2025-11-10,Pisos y cerámicos,22,692695.03,Telefónico,Transferencia,Río Grande
TX-008345,CLI-00672,2025-11-10,Plomería y caños,3,26479.12,Web,Tarjeta de débito,Tolhuin
TX-008346,CLI-01076,2025-11-10,Ferretería general,12,44832.24,Web,Tarjeta de crédito,Ushuaia
TX-008349,CLI-00603,2025-11-10,Electricidad e iluminación,4,90745.1,Telefónico,Cuenta corriente,Ushuaia
TX-008350,CLI-01276,2025-11-10,Sanitarios y grifería,13,612527.55,App,Tarjeta de crédito,Ushuaia
TX-008340,CLI-00321,2025-11-10,Herramientas manuales,14,630563.21,Web,Cuenta corriente,Ushuaia
TX-008382,CLI-00523,2025-11-11,Cemento y áridos,56,-1648398.49,App,Efectivo en sucursal,Río Grande
TX-008384,CLI-00339,2025-11-11,Electricidad e iluminación,3,49773.2,Web,Tarjeta de crédito,Ushuaia
TX-008383,CLI-00032,2025-11-11,Maderas y tableros,9,266305.86,Web,Tarjeta de crédito,Río Grande
TX-008381,CLI-00883,2025-11-11,Pinturas y revestimientos,9,846119.76,Telefónico,Transferencia,Río Grande
TX-008372,CLI-01050,2025-11-11,Herramientas manuales,2,35398.43,Web,Transferencia,RÍO GRANDE
TX-008378,CLI-00719,2025-11-11,Plomería y caños,2,60333.72,Web,Transferencia,Ushuaia
TX-008358,CLI-00099,2025-11-11,Electricidad e iluminación,6,97080.5,Web,Transferencia,Ushuaia
TX-008359,CLI-00152,2025-11-11,Plomería y caños,2,16477.98,App,Transferencia,Tolhuin
TX-008361,CLI-00274,2025-11-11,Aberturas,9,3199453.08,Web,Transferencia,Río Grande
TX-008362,CLI-00300,2025-11-11,Pisos y cerámicos,13,710430.07,Web,Cuenta corriente,Ushuaia
TX-008363,CLI-00730,2025-11-11,Herramientas manuales,5,166599.66,Telefónico,Tarjeta de débito,Río Grande
TX-008365,CLI-00256,2025-11-11,Plomería y caños,16,353749.67,Web,Tarjeta de crédito,Río Grande
TX-008366,CLI-00600,2025-11-11,Electricidad e iluminación,2,38985.15,App,Efectivo en sucursal,Río Grande
TX-008370,CLI-01256,2025-11-11,Pinturas y revestimientos,1,18651.14,App,Tarjeta de débito,Río Grande
TX-008371,CLI-00226,2025-11-11,Herramientas eléctricas,3,528007.53,Telefónico,Tarjeta de débito,Río Grande
TX-008380,CLI-01332,2025-11-11,Sanitarios y grifería,4,371575.46,Web,Transferencia,Ushuaia
TX-008364,CLI-01201,2025-11-11,Ferretería general,4,-21670.22,App,Efectivo en sucursal,Río Grande
TX-008376,CLI-00345,2025-11-11,Electricidad e iluminación,4,121402.46,Telefónico,Efectivo en sucursal,Río Grande
TX-008374,CLI-00245,2025-11-11,Ferretería general,1,4712.4,Web,T. crédito,Río Grande
TX-008377,CLI-00665,2025-11-11,Ferretería general,6,33452.19,Web,Transferencia,Ushuaia
TX-008394,CLI-01077,2025-11-12,Herramientas manuales,3,62350.47,Web,Transferencia,Ushuaia
TX-008385,CLI-00672,2025-11-12,Plomería y caños,11,105535.75,Web,Tarjeta de débito,Tolhuin
TX-008386,CLI-00041,2025-11-12,Cemento y áridos,12,174654.66,Web,Transferencia,Tolhuin
TX-008387,CLI-00701,2025-11-12,Maderas y tableros,17,1290480.18,Web,Cuenta corriente,Río Grande
TX-008388,CLI-00068,2025-11-12,Maderas y tableros,7,385344.27,App,Transferencia,Río Grande
TX-008404,CLI-00028,2025-11-12,Seguridad e indumentaria,9,425161.12,Telefónico,Cuenta corriente,Ushuaia
TX-008389,CLI-01204,2025-11-12,Herramientas manuales,1,16142.52,Web,Tarjeta de crédito,Ushuaia
TX-008391,CLI-01238,2025-11-12,Cemento y áridos,34,899634.73,App,,Ushuaia
TX-008390,CLI-00793,2025-11-12,Herramientas manuales,7,200375.86,Telefónico,Transferencia,Río Grande
TX-008392,CLI-00481,2025-11-12,Ferretería general,9,67575.03,Telefónico,Cuenta corriente,RÍO GRANDE
TX-008415,CLI-00806,2025-11-12,Electricidad e iluminación,3,87516.05,App,Cuenta corriente,Río Grande
TX-008414,CLI-00075,2025-11-12,Herramientas manuales,3,45036.79,Web,Tarjeta de débito,Ushuaia
TX-008413,CLI-00709,2025-11-12,Ferretería general,3,16663.46,Telefónico,Tarjeta de crédito,Ushuaia
TX-008411,CLI-00274,2025-11-12,Maderas y tableros,18,1287356.71,Web,Tarjeta de crédito,Río Grande
TX-008410,CLI-01217,2025-11-12,Pisos y cerámicos,8,306058.23,Web,Tarjeta de crédito,Ushuaia
TX-008409,CLI-00730,2025-11-12,Sanitarios y grifería,7,576025.85,Web,Cuenta corriente,Río Grande
TX-008407,CLI-00813,2025-11-12,Seguridad e indumentaria,5,429555.54,App,Transferencia,Río Grande
TX-008405,CLI-01313,2025-11-12,Cemento y áridos,42,1048819.03,App,Cuenta corriente,Río Grande
TX-008404,CLI-00028,2025-11-12,Seguridad e indumentaria,9,425161.12,Telefónico,Cuenta corriente,Ushuaia
TX-008403,CLI-00992,2025-11-12,Sanitarios y grifería,5,652139.65,Telefónico,Transferencia,Río Grande
TX-008401,CLI-00598,2025-11-12,Seguridad e indumentaria,3,157672.27,App,Tarjeta de débito,USHUAIA
TX-008399,CLI-01183,2025-11-12,Herramientas manuales,4,108805.62,Web,Tarjeta de crédito,Río Grande
TX-008398,CLI-00814,2025-11-12,Ferretería general,15,86716.3,App,Transferencia,Ushuaia
TX-008397,CLI-01299,2025-11-12,Electricidad e iluminación,9,274759.69,App,Transferencia,Río Grande
TX-008396,CLI-00701,2025-11-12,Pinturas y revestimientos,1,76835.33,Telefónico,Tarjeta de crédito,Río Grande
TX-008395,CLI-00165,2025-11-12,Seguridad e indumentaria,3,114233.88,Web,Tarjeta de crédito,Ushuaia
TX-008412,CLI-00087,2025-11-12,Ferretería general,8,29796.8,Web,Tarjeta de débito,Ushuaia
TX-008431,CLI-00722,2025-11-13,Plomería y caños,1,9297.51,Web,Tarjeta de crédito,Ushuaia
TX-008424,CLI-00221,2025-11-13,Plomería y caños,7,60252.6,Web,Tarjeta de débito,Río Grande
TX-008428,CLI-00123,2025-11-13,Pisos y cerámicos,36,818515.53,Web,Transferencia,Río Grande
TX-008416,CLI-01344,2025-11-13,Herramientas manuales,2,28969.14,Web,Tarjeta de crédito,Río Grande
TX-008418,CLI-00879,2025-11-13,Cemento y áridos,8,220020.17,Telefónico,Cuenta corriente,Río Grande
TX-008430,CLI-00157,2025-11-13,Electricidad e iluminación,13,258677.09,App,Cuenta corriente,Ushuaia
TX-008420,CLI-00719,2025-11-13,Plomería y caños,5,138570.03,Telefónico,Tarjeta de crédito,Ushuaia
TX-008421,CLI-00059,2025-11-13,Pinturas y revestimientos,8,229503.74,Web,Tarjeta de débito,Río Grande
TX-008419,CLI-00386,2025-11-13,Pisos y cerámicos,11,376329.86,App,Cuenta corriente,Río Grande
TX-008423,CLI-01123,2025-11-13,Seguridad e indumentaria,2,101462.42,App,Tarjeta de crédito,Río Grande
TX-008425,CLI-00856,2025-11-13,Pinturas y revestimientos,19,660951.72,App,Transferencia,Ushuaia
TX-008426,CLI-00300,2025-11-13,Ferretería general,20,270037.71,Telefónico,Cuenta corriente,Ushuaia
TX-008427,CLI-00947,2025-11-13,Herramientas manuales,3,53966.06,Web,Transferencia,Río Grande
TX-008422,CLI-00535,2025-11-13,Cemento y áridos,21,442028.69,Telefónico,Tarjeta de débito,USHUAIA
TX-008460,CLI-00775,2025-11-14,Pisos y cerámicos,11,183215.79,Web,Tarjeta de crédito,Ushuaia
TX-008467,CLI-01183,2025-11-14,Maderas y tableros,16,383064.84,Web,Tarjeta de débito,Río Grande
TX-008466,CLI-00390,2025-11-14,Plomería y caños,12,130326.38,Telefónico,Tarjeta de crédito,Ushuaia
TX-008465,CLI-00403,2025-11-14,Plomería y caños,10,193185.69,Telefónico,Cuenta corriente,Ushuaia
TX-008464,CLI-01222,2025-11-14,Aberturas,3,-745430.89,Telefónico,Cuenta corriente,Ushuaia
TX-008462,CLI-00481,2025-11-14,Ferretería general,6,42830.12,Telefónico,Cuenta corriente,Río Grande
TX-008461,CLI-00598,2025-11-14,Cemento y áridos,102,2538580.27,Telefónico,Transferencia,USHUAIA
TX-008459,CLI-01017,2025-11-14,Cemento y áridos,70,3262000.91,Telefónico,Cuenta corriente,RÍO GRANDE
TX-008437,CLI-00858,2025-11-14,Herramientas manuales,5,119938.45,Web,Transferencia,Ushuaia
TX-008456,CLI-00129,2025-11-14,Seguridad e indumentaria,2,130379.81,App,Cuenta corriente,Ushuaia
TX-008432,CLI-00354,2025-11-14,Herramientas eléctricas,2,554406.5,Web,Transferencia,Río Grande
TX-008433,CLI-00056,2025-11-14,Maderas y tableros,6,109085.07,Web,Transferencia,Tolhuin
TX-008434,CLI-00212,2025-11-14,Ferretería general,32,226038.7,Telefónico,Transferencia,Río Grande
TX-008435,CLI-00009,2025-11-14,Aberturas,3,716738.02,Web,Cuenta corriente,Tolhuin
TX-008436,CLI-00403,2025-11-14,Cemento y áridos,184,3627453.77,App,Cuenta corriente,Ushuaia
TX-008438,CLI-00382,2025-11-14,Plomería y caños,1,9722.81,Web,Tarjeta de débito,Río Grande
TX-008439,CLI-00281,2025-11-14,Maderas y tableros,4,183138.47,Telefónico,Cuenta corriente,ushuaia
TX-008458,CLI-00232,2025-11-14,Herramientas eléctricas,4,1351916.68,Web,Transferencia,Río Grande
TX-008442,CLI-00830,2025-11-14,Ferretería general,8,34214.45,Web,Tarjeta de crédito,Río Grande
TX-008446,CLI-01128,2025-11-14,Herramientas manuales,1,16755.5,Web,,Río Grande
TX-008447,CLI-00523,2025-11-14,Cemento y áridos,32,922425.23,Telefónico,Cuenta corriente,Río Grande
TX-008448,CLI-00719,2025-11-14,Ferretería general,9,130525.64,Web,Transferencia,Ushuaia
TX-008449,CLI-00274,2025-11-14,Maderas y tableros,15,1090573.78,Web,Cuenta corriente,Río Grande
TX-008450,CLI-00716,2025-11-14,Electricidad e iluminación,2,32831.58,App,Tarjeta de crédito,Rio Grande
TX-008452,CLI-00382,2025-11-14,Plomería y caños,4,62901.52,Web,Tarjeta de crédito,Río Grande
TX-008453,CLI-00276,2025-11-14,Cemento y áridos,22,618310.89,Web,Cuenta corriente,ushuaia
TX-008454,CLI-01273,2025-11-14,Herramientas manuales,3,59993.9,Web,Tarjeta de crédito,Río Grande
TX-008445,CLI-00900,2025-11-14,Ferretería general,6,30639.27,Web,Tarjeta de crédito,Ushuaia
TX-008495,CLI-00068,2025-11-15,Maderas y tableros,6,356280.88,Telefónico,Cuenta corriente,río grande
TX-008496,CLI-00680,2025-11-15,Maderas y tableros,4,74227.6,App,Tarjeta de débito,Ushuaia
TX-008494,CLI-01221,2025-11-15,Electricidad e iluminación,5,68789.36,Web,Transferencia,Ushuaia
TX-008468,CLI-00172,2025-11-15,Ferretería general,16,197844.2,Telefónico,Cuenta corriente,Tolhuin
TX-008489,CLI-00705,2025-11-15,Cemento y áridos,7,84368.21,Web,Transferencia,Ushuaia
TX-008486,CLI-00842,2025-11-15,Ferretería general,9,73318.99,App,Cuenta corriente,Río Grande
TX-008484,CLI-00376,2025-11-15,Aberturas,2,483178.22,App,Cuenta corriente,Ushuaia
TX-008480,CLI-00503,2025-11-15,Plomería y caños,11,101950.38,Web,Tarjeta de débito,Río Grande
TX-008479,CLI-00403,2025-11-15,Cemento y áridos,6,154169.06,Telefónico,Transferencia,Ushuaia
TX-008478,CLI-00883,2025-11-15,Seguridad e indumentaria,2,200072.05,App,Transferencia,Río Grande
TX-008477,CLI-00804,2025-11-15,Pinturas y revestimientos,4,108643.19,Telefónico,Tarjeta de crédito,Río Grande
TX-008476,CLI-00421,2025-11-15,Plomería y caños,5,53155.52,Telefónico,Tarjeta de crédito,Río Grande
TX-008472,CLI-00386,2025-11-15,Pisos y cerámicos,16,559416.24,App,Transferencia,Río Grande
TX-008471,CLI-00134,2025-11-15,Electricidad e iluminación,8,108688.77,Web,Transferencia,Ushuaia
TX-008470,CLI-01119,2025-11-15,Cemento y áridos,24,871496.23,App,Cuenta corriente,Ushuaia
TX-008469,CLI-00281,2025-11-15,Ferretería general,4,28385.88,App,Tarjeta de débito,Ushuaia
TX-008487,CLI-00551,2025-11-15,Seguridad e indumentaria,8,975028.03,Web,Cuenta corriente,Ushuaia
TX-008488,CLI-00496,2025-11-15,Herramientas manuales,3,68679.88,Web,Tarjeta de débito,río grande
TX-008491,CLI-00588,2025-11-15,Seguridad e indumentaria,10,385930.56,Web,Transferencia,USHUAIA
TX-008502,CLI-00933,2025-11-16,Herramientas manuales,3,62646.41,Web,Tarjeta de débito,Ushuaia
TX-008501,CLI-01183,2025-11-16,Cemento y áridos,5,69884.89,App,Transferencia,Río Grande
TX-008500,CLI-00178,2025-11-16,Pinturas y revestimientos,15,540829.45,Web,Cuenta corriente,Ushuaia
TX-008498,CLI-00804,2025-11-16,Herramientas manuales,2,43379.5,App,Tarjeta de crédito,Río Grande
TX-008524,CLI-01092,2025-11-17,Sanitarios y grifería,3,334311.8,Telefónico,Cuenta corriente,Río Grande
TX-008526,CLI-00850,2025-11-17,Herramientas manuales,8,276216.48,Web,Cuenta corriente,Río Grande
TX-008522,CLI-00414,2025-11-17,Pinturas y revestimientos,2,77519.18,Web,Tarjeta de débito,Rio Grande
TX-008523,CLI-00020,2025-11-17,Aberturas,3,345903.47,Web,Tarjeta de crédito,Ushuaia
TX-008504,CLI-00737,2025-11-17,Aberturas,3,362188.53,Telefónico,Transferencia,RÍO GRANDE
TX-008506,CLI-01211,2025-11-17,Herramientas manuales,5,108247.73,Web,Transferencia,Río Grande
TX-008508,CLI-01265,2025-11-17,Pisos y cerámicos,16,551017.48,App,Cuenta corriente,Tolhuin
TX-008509,CLI-01248,2025-11-17,Ferretería general,19,92452.84,Web,Tarjeta de débito,Ushuaia
TX-008510,CLI-00142,2025-11-17,Sanitarios y grifería,3,355974.51,Telefónico,Cuenta corriente,Río Grande
TX-008503,CLI-00585,2025-11-17,Sanitarios y grifería,2,148100.14,Web,Tarjeta de crédito,Ushuaia
TX-008514,CLI-00290,2025-11-17,Aberturas,13,3120509.39,Telefónico,Tarjeta de crédito,Río Grande
TX-008515,CLI-00895,2025-11-17,Ferretería general,13,62567.65,App,Tarjeta de débito,Ushuaia
TX-008516,CLI-00773,2025-11-17,Electricidad e iluminación,6,69868.3,Web,Efectivo en sucursal,Río Grande
TX-008518,CLI-00339,2025-11-17,Herramientas manuales,2,35155.76,Web,Tarjeta de crédito,Ushuaia
TX-008521,CLI-00345,2025-11-17,Aberturas,2,442102.33,Web,Transferencia,RÍO GRANDE
TX-008512,CLI-00283,2025-11-17,Pinturas y revestimientos,3,73595.31,Web,Tarjeta de crédito,Ushuaia
TX-008554,CLI-01172,2025-11-18,Cemento y áridos,5,80867.73,Telefónico,Tarjeta de crédito,Río Grande
TX-008555,CLI-00339,2025-11-18,Sanitarios y grifería,8,391889.03,App,Efectivo en sucursal,Ushuaia
TX-008557,CLI-00642,2025-11-18,Maderas y tableros,14,252187.55,App,Efectivo en sucursal,Ushuaia
TX-008558,CLI-00481,2025-11-18,Maderas y tableros,5,201151.02,Web,Cuenta corriente,Río Grande
TX-008562,CLI-00414,2025-11-18,Electricidad e iluminación,2,25915.78,Web,Tarjeta de crédito,Río Grande 
TX-008561,CLI-00535,2025-11-18,Herramientas eléctricas,1,336230.58,App,Transferencia,ushuaia
TX-008563,CLI-00087,2025-11-18,Pinturas y revestimientos,5,133194.26,Web,Tarjeta de crédito,USHUAIA
TX-008564,CLI-01017,2025-11-18,Electricidad e iluminación,3,100449.5,Telefónico,Transferencia,Río Grande
TX-008553,CLI-00695,2025-11-18,Seguridad e indumentaria,3,131221.89,Telefónico,Tarjeta de débito,Río Grande
TX-008560,CLI-01017,2025-11-18,Pinturas y revestimientos,3,285432.63,Web,Cuenta corriente,Río Grande
TX-008552,CLI-00879,2025-11-18,Aberturas,4,2027373.85,Telefónico,Cuenta corriente,Río Grande
TX-008559,CLI-00947,2025-11-18,Plomería y caños,4,45510.04,App,Tarjeta de crédito,Río Grande
TX-008550,CLI-00407,2025-11-18,Ferretería general,28,116699.52,App,Tarjeta de débito,Ushuaia
TX-008551,CLI-01049,2025-11-18,Plomería y caños,5,96858.52,Telefónico,Cuenta corriente,Río Grande
TX-008540,CLI-00144,2025-11-18,Aberturas,11,1645782.34,Web,Tarjeta de crédito,Río Grande
TX-008539,CLI-01217,2025-11-18,Seguridad e indumentaria,11,715803.94,App,Cuenta corriente,Ushuaia
TX-008538,CLI-01141,2025-11-18,Ferretería general,12,83595.77,Telefónico,Cuenta corriente,Ushuaia
TX-008537,CLI-00494,2025-11-18,Herramientas manuales,3,58423.03,App,Tarjeta de crédito,Tolhuin
TX-008536,CLI-00249,2025-11-18,Sanitarios y grifería,5,462554.91,Web,Transferencia,Río Grande
TX-008535,CLI-00116,2025-11-18,Cemento y áridos,21,240131.64,Web,Transferencia,Río Grande
TX-008534,CLI-00888,2025-11-18,Herramientas manuales,2,41555.75,Web,Transferencia,Tolhuin
TX-008533,CLI-01222,2025-11-18,Herramientas eléctricas,2,486392.57,Web,Tarjeta de crédito,Ushuaia
TX-008532,CLI-00275,2025-11-18,Plomería y caños,5,56046.99,Web,Transferencia,Ushuaia
TX-008531,CLI-01310,2025-11-18,Seguridad e indumentaria,5,319924.89,Telefónico,Cuenta corriente,Río Grande
TX-008541,CLI-01153,2025-11-18,Seguridad e indumentaria,3,125178.9,Web,Transferencia,Río Grande
TX-008542,CLI-00879,2025-11-18,Pisos y cerámicos,14,791338.36,App,Cuenta corriente,Río Grande
TX-008543,CLI-00100,2025-11-18,Ferretería general,4,28113.72,Telefónico,Transferencia,Ushuaia
TX-008544,CLI-00357,2025-11-18,Seguridad e indumentaria,3,281902.43,Telefónico,Transferencia,Ushuaia
TX-008545,CLI-00900,2025-11-18,Herramientas manuales,5,120343.1,Web,Tarjeta de crédito,Ushuaia
TX-008528,CLI-00335,2025-11-18,Pisos y cerámicos,8,117124.55,Web,Tarjeta de débito,Ushuaia
TX-008546,CLI-00523,2025-11-18,Herramientas manuales,7,535732.35,Telefónico,Cuenta corriente,Río Grande
TX-008547,CLI-00371,2025-11-18,Electricidad e iluminación,2,24198.34,Web,Tarjeta de débito,Ushuaia
TX-008548,CLI-01265,2025-11-18,Electricidad e iluminación,4,84321.65,Telefónico,Tarjeta de crédito,tolhuin
TX-008549,CLI-00065,2025-11-18,Sanitarios y grifería,2,126591.31,Web,Tarjeta de débito,ushuaia
TX-008530,CLI-00290,2025-11-18,Ferretería general,10,94106.58,App,Transferencia,Río Grande
TX-008587,CLI-00935,2025-11-19,Pisos y cerámicos,35,1956365.19,Telefónico,Tarjeta de débito,Río Grande
TX-008589,CLI-00603,2025-11-19,Plomería y caños,5,75855.59,Telefónico,transf.,Ushuaia
TX-008586,CLI-01333,2025-11-19,Electricidad e iluminación,1,16905.81,App,Tarjeta de débito,Ushuaia
TX-008580,CLI-00354,2025-11-19,Cemento y áridos,14,197503.29,Web,Tarjeta de débito,Río Grande
TX-008582,CLI-00260,2025-11-19,Ferretería general,4,20025.99,App,,Río Grande
TX-008565,CLI-01017,2025-11-19,Pinturas y revestimientos,19,1548883.75,Telefónico,Cuenta corriente,Río Grande
TX-008567,CLI-00132,2025-11-19,Electricidad e iluminación,2,19764.94,Web,Transferencia,Río Grande
TX-008568,CLI-00523,2025-11-19,Seguridad e indumentaria,12,1534812.94,Web,Cuenta corriente,Río Grande
TX-008570,CLI-00935,2025-11-19,Cemento y áridos,17,615786.81,Web,Transferencia,RÍO GRANDE
TX-008584,CLI-00948,2025-11-19,Sanitarios y grifería,2,131558.79,Web,Tarjeta de débito,Río Grande
TX-008572,CLI-00158,2025-11-19,Herramientas manuales,9,161854.36,Web,Transferencia,Rio Grande
TX-008571,CLI-01024,2025-11-19,Sanitarios y grifería,2,90059.82,Web,Transferencia,Ushuaia
TX-008576,CLI-00300,2025-11-19,Ferretería general,49,598041.31,Web,Transferencia,Ushuaia
TX-008577,CLI-00411,2025-11-19,Ferretería general,16,70238.81,Web,Tarjeta de débito,RÍO GRANDE
TX-008578,CLI-00806,2025-11-19,Cemento y áridos,122,4589868.7,App,Cuenta corriente,Río Grande
TX-008579,CLI-01005,2025-11-19,Seguridad e indumentaria,2,89515.25,App,Efectivo en sucursal,Ushuaia
TX-008581,CLI-00016,2025-11-19,Maderas y tableros,7,256752.65,App,Transferencia,Río Grande
TX-008574,CLI-00165,2025-11-19,Ferretería general,7,39892.49,Web,,Ushuaia
TX-008617,CLI-00161,2025-11-20,Herramientas manuales,3,88805.43,Web,Transferencia,Ushuaia
TX-008620,CLI-00923,2025-11-20,Plomería y caños,6,68868.14,App,Tarjeta de débito,Río Grande
TX-008619,CLI-00994,2025-11-20,Ferretería general,18,97639.62,Web,Tarjeta de crédito,Río Grande
TX-008618,CLI-00134,2025-11-20,Sanitarios y grifería,2,137175.17,App,Tarjeta de crédito,Ushuaia
TX-008616,CLI-00935,2025-11-20,Pisos y cerámicos,19,820319.56,Telefónico,Transferencia,Río Grande
TX-008598,CLI-01347,2025-11-20,Plomería y caños,35,906487.67,App,Efectivo en sucursal,Río Grande
TX-008614,CLI-01120,2025-11-20,Plomería y caños,16,107604.42,App,Transferencia,RÍO GRANDE
TX-008593,CLI-00698,2025-11-20,Ferretería general,3,15511.22,Web,Transferencia,Río Grande
TX-008594,CLI-00090,2025-11-20,Pinturas y revestimientos,5,194486.37,Telefónico,Cuenta corriente,Río Grande
TX-008596,CLI-01038,2025-11-20,Pinturas y revestimientos,6,138497.72,Web,Efectivo en sucursal,Río Grande
TX-008597,CLI-00719,2025-11-20,Pisos y cerámicos,10,497841.83,Telefónico,Transferencia,Ushuaia
TX-008615,CLI-00009,2025-11-20,Sanitarios y grifería,22,1603098.27,Web,Transferencia,Tolhuin
TX-008600,CLI-01240,2025-11-20,Herramientas manuales,2,34380.36,Web,Transferencia,Ushuaia
TX-008592,CLI-00066,2025-11-20,Pisos y cerámicos,4,114055.21,Web,Transferencia,Rio Grande
TX-008601,CLI-00322,2025-11-20,Herramientas eléctricas,5,2041621.79,Telefónico,Transferencia,Río Grande
TX-008603,CLI-01006,2025-11-20,Cemento y áridos,10,276941.71,Web,Tarjeta de crédito,Río Grande
TX-008606,CLI-00698,2025-11-20,,10,302082.72,Web,Transferencia,Río Grande
TX-008609,CLI-00119,2025-11-20,Pinturas y revestimientos,3,104303.14,Web,Tarjeta de crédito,Tolhuin
TX-008610,CLI-01013,2025-11-20,Cemento y áridos,23,952301.36,Web,Cuenta corriente,Ushuaia
TX-008611,CLI-00933,2025-11-20,Ferretería general,5,23740.3,Telefónico,Tarjeta de crédito,USHUAIA
TX-008613,CLI-00222,2025-11-20,Sanitarios y grifería,1,-55438.11,Web,Tarjeta de débito,Río Grande
TX-008602,CLI-00546,2025-11-20,Electricidad e iluminación,5,91052.86,Web,Cuenta corriente,Río Grande
TX-008650,CLI-01201,2025-11-21,Ferretería general,7,41798.08,Web,Tarjeta de débito,Río Grande
TX-008648,CLI-01258,2025-11-21,Electricidad e iluminación,4,92249.9,Web,Transferencia,RÍO GRANDE
TX-008653,CLI-01084,2025-11-21,Pisos y cerámicos,3,157205.45,Telefónico,Transferencia,Ushuaia
TX-008656,CLI-00923,2025-11-21,Sanitarios y grifería,1,-53912.3,Web,Tarjeta de crédito,Río Grande
TX-008651,CLI-01044,2025-11-21,Plomería y caños,20,290364.47,Web,Cuenta corriente,Río Grande
TX-008647,CLI-00202,2025-11-21,Seguridad e indumentaria,5,311462.51,Telefónico,Cuenta corriente,Ushuaia
TX-008644,CLI-01195,2025-11-21,Electricidad e iluminación,19,382704.2,Web,Transferencia,Río Grande
TX-008645,CLI-00194,2025-11-21,Herramientas manuales,8,508783.87,Telefónico,Efectivo en sucursal,río grande
TX-008629,CLI-01006,2025-11-21,Cemento y áridos,18,311781.39,Telefónico,Cuenta corriente,Río Grande
TX-008628,CLI-00178,2025-11-21,Herramientas manuales,6,194276.41,App,Tarjeta de crédito,USHUAIA
TX-008625,CLI-00689,2025-11-21,Ferretería general,28,250783.67,Web,Cuenta corriente,Río Grande
TX-008624,CLI-00694,2025-11-21,Pisos y cerámicos,12,214129.9,Web,Tarjeta de débito,Rio Grande
TX-008623,CLI-00146,2025-11-21,Pisos y cerámicos,5,95055.19,Web,Tarjeta de débito,Río Grande
TX-008622,CLI-00112,2025-11-21,Cemento y áridos,12,507648.39,App,Transferencia,Río Grande
TX-008621,CLI-01059,2025-11-21,Cemento y áridos,21,925418.6,Telefónico,Transferencia,Ushuaia
TX-008633,CLI-00119,2025-11-21,Pisos y cerámicos,8,161046.39,App,Transferencia,Tolhuin
TX-008634,CLI-00806,2025-11-21,Cemento y áridos,63,2114074.45,Telefónico,Cuenta corriente,Río Grande
TX-008646,CLI-00326,2025-11-21,Maderas y tableros,24,582647.57,Web,Tarjeta de crédito,Río Grande
TX-008630,CLI-01017,2025-11-21,Sanitarios y grifería,6,998512.41,Web,Cuenta corriente,Río Grande
TX-008632,CLI-00178,2025-11-21,Electricidad e iluminación,18,510536.61,App,Tarjeta de crédito,Ushuaia
TX-008636,CLI-00419,2025-11-21,Cemento y áridos,16,190755.37,Web,Cuenta corriente,Río Grande
TX-008637,CLI-00836,2025-11-21,Electricidad e iluminación,8,116090.7,Web,Transferencia,Ushuaia
TX-008638,CLI-00813,2025-11-21,Pinturas y revestimientos,6,-439783.86,Telefónico,Cuenta corriente,Río Grande
TX-008639,CLI-01009,2025-11-21,Plomería y caños,2,19394.84,Web,Tarjeta de débito,Tolhuin
TX-008667,CLI-01222,2025-11-22,Aberturas,5,986282.39,Web,Cuenta corriente,Ushuaia
TX-008665,CLI-00804,2025-11-22,Sanitarios y grifería,1,64698.66,Web,Transferencia,Río Grande
TX-008670,CLI-00194,2025-11-22,Electricidad e iluminación,23,734893.51,App,Cuenta corriente,Río Grande
TX-008671,CLI-00538,2025-11-22,Herramientas manuales,2,42930.41,Web,Tarjeta de débito,Ushuaia
TX-008664,CLI-00719,2025-11-22,Pisos y cerámicos,22,880791.04,App,Cuenta corriente,Ushuaia
TX-008663,CLI-00326,2025-11-22,Pisos y cerámicos,4,78227.99,App,Efectivo en sucursal,Rio Grande
TX-008661,CLI-01053,2025-11-22,Seguridad e indumentaria,14,837715.93,Telefónico,Cuenta corriente,Río Grande
TX-008660,CLI-01181,2025-11-22,Pinturas y revestimientos,4,134070.09,Web,transf.,Río Grande
TX-008659,CLI-00322,2025-11-22,Pinturas y revestimientos,15,678495.66,App,Tarjeta de débito,Río Grande
TX-008658,CLI-00051,2025-11-22,Ferretería general,39,420019.64,Telefónico,Cuenta corriente,Ushuaia
TX-008666,CLI-00500,2025-11-22,Seguridad e indumentaria,4,315155.66,App,Cuenta corriente,Ushuaia
TX-008668,CLI-00883,2025-11-22,Cemento y áridos,20,779267.84,App,,Rio Grande
TX-008674,CLI-01126,2025-11-23,Herramientas manuales,3,49645.52,Web,Tarjeta de débito,Río Grande
TX-008672,CLI-01116,2025-11-23,Pinturas y revestimientos,8,260798.99,Web,Transferencia,Ushuaia
TX-008675,CLI-00938,2025-11-23,Pisos y cerámicos,15,1603925.3,Web,Transferencia,Río Grande
TX-008701,CLI-01221,2025-11-24,Plomería y caños,2,19180.82,Web,Tarjeta de débito,Ushuaia
TX-008705,CLI-01006,2025-11-24,Maderas y tableros,5,,Telefónico,Cuenta corriente,Río Grande
TX-008704,CLI-00613,2025-11-24,Ferretería general,2,14757.22,Telefónico,Transferencia,Ushuaia
TX-008703,CLI-00080,2025-11-24,Ferretería general,24,98779.15,Web,Tarjeta de crédito,USHUAIA
TX-008700,CLI-00288,2025-11-24,Pisos y cerámicos,9,122722.03,Web,Tarjeta de crédito,RÍO GRANDE
TX-008690,CLI-00028,2025-11-24,Plomería y caños,10,124361.81,Telefónico,Transferencia,Ushuaia
TX-008698,CLI-00051,2025-11-24,Sanitarios y grifería,4,404498.83,App,Transferencia,Ushuaia
TX-008676,CLI-01136,2025-11-24,Pisos y cerámicos,5,89762.38,Web,Tarjeta de crédito,Río Grande
TX-008677,CLI-00705,2025-11-24,Pinturas y revestimientos,3,105909.69,Web,Transferencia,Ushuaia
TX-008678,CLI-01286,2025-11-24,Herramientas manuales,5,134229.21,App,Tarjeta de débito,Tolhuin
TX-008699,CLI-00938,2025-11-24,Sanitarios y grifería,2,132858.07,App,Efectivo en sucursal,río grande
TX-008680,CLI-01265,2025-11-24,Pisos y cerámicos,20,588660.53,Telefónico,Transferencia,Tolhuin
TX-008681,CLI-00165,2025-11-24,Cemento y áridos,1,12625.75,Telefónico,Efectivo en sucursal,Ushuaia
TX-008684,CLI-00804,2025-11-24,Sanitarios y grifería,1,39062.89,Web,Tarjeta de crédito,RÍO GRANDE
TX-008679,CLI-00360,2025-11-24,Cemento y áridos,10,227208.75,App,Cuenta corriente,río grande
TX-008686,CLI-01204,2025-11-24,Sanitarios y grifería,4,275294.59,Web,Tarjeta de débito,Ushuaia
TX-008688,CLI-00879,2025-11-24,Ferretería general,9,144678.39,App,Transferencia,Río Grande
TX-008689,CLI-01137,2025-11-24,Cemento y áridos,9,302753.52,Telefónico,Cuenta corriente,Río Grande
TX-008691,CLI-00403,2025-11-24,Sanitarios y grifería,2,151000.74,App,Cuenta corriente,Ushuaia
TX-008694,CLI-00020,2025-11-24,Sanitarios y grifería,1,70667.34,App,Tarjeta de débito,Ushuaia
TX-008696,CLI-00832,2025-11-24,Cemento y áridos,36,362415.65,App,Tarjeta de débito,Ushuaia
TX-008697,CLI-00681,2025-11-24,Electricidad e iluminación,4,47510.74,Web,Transferencia,Río Grande
TX-008685,CLI-01243,2025-11-24,Herramientas eléctricas,1,329920.53,App,Cuenta corriente,Río Grande
TX-008735,CLI-01046,2025-11-25,Plomería y caños,24,317455.17,App,,Río Grande
TX-008736,CLI-01021,2025-11-25,Plomería y caños,34,242747.75,App,Efectivo en sucursal,Río Grande
TX-008737,CLI-00993,2025-11-25,Ferretería general,10,87321.32,App,Efectivo en sucursal,Río Grande
TX-008741,CLI-01017,2025-11-25,Cemento y áridos,52,2567083.37,App,Tarjeta de crédito,Río Grande
TX-008739,CLI-01000,2025-11-25,Maderas y tableros,16,513879.7,Telefónico,Cuenta corriente,Ushuaia
TX-008740,CLI-01307,2025-11-25,Seguridad e indumentaria,3,108812.61,Web,Transferencia,Ushuaia
TX-008732,CLI-00221,2025-11-25,Herramientas manuales,4,87386.34,Web,Tarjeta de crédito,Río Grande
TX-008738,CLI-00708,2025-11-25,Herramientas eléctricas,2,622298.19,App,Cuenta corriente,Río Grande
TX-008731,CLI-01178,2025-11-25,Ferretería general,10,47711.4,Web,Tarjeta de débito,Río Grande
TX-008725,CLI-00248,2025-11-25,Plomería y caños,4,55823.24,Web,Transferencia,Ushuaia
TX-008729,CLI-00523,2025-11-25,Plomería y caños,18,435217.52,App,Cuenta corriente,Río Grande
TX-008707,CLI-00535,2025-11-25,Ferretería general,14,87804.58,Telefónico,Cuenta corriente,Ushuaia
TX-008708,CLI-00996,2025-11-25,Plomería y caños,32,427908.72,App,Cuenta corriente,USHUAIA
TX-008710,CLI-00141,2025-11-25,Herramientas manuales,2,33293.92,Web,Transferencia,Río Grande
TX-008711,CLI-00162,2025-11-25,Pinturas y revestimientos,10,577985.34,Telefónico,Transferencia,Río Grande
TX-008713,CLI-00615,2025-11-25,Ferretería general,13,62924.62,Web,Cuenta corriente,Río Grande
TX-008715,CLI-00804,2025-11-25,Ferretería general,6,35350.28,Telefónico,Tarjeta de crédito,Río Grande
TX-008716,CLI-00071,2025-11-25,Seguridad e indumentaria,4,148546.07,App,Tarjeta de crédito,Río Grande
TX-008717,CLI-01184,2025-11-25,Pisos y cerámicos,5,110216.12,Web,transf.,Río Grande
TX-008719,CLI-01011,2025-11-25,Pisos y cerámicos,12,221269.73,Web,Tarjeta de débito,Ushuaia
TX-008718,CLI-00708,2025-11-25,Plomería y caños,6,134058.74,Telefónico,Cuenta corriente,Río Grande
TX-008721,CLI-00503,2025-11-25,Plomería y caños,13,140265.27,Web,Tarjeta de crédito,Río Grande
TX-008722,CLI-00119,2025-11-25,Maderas y tableros,3,82594.22,Web,Tarjeta de crédito,Tolhuin
TX-008723,CLI-00734,2025-11-25,Electricidad e iluminación,5,66004.36,Web,Tarjeta de crédito,Río Grande
TX-008724,CLI-01092,2025-11-25,Herramientas manuales,17,573542.85,Telefónico,Transferencia,Río Grande
TX-008706,CLI-00951,2025-11-25,Electricidad e iluminación,3,31800.15,Web,Tarjeta de débito,Ushuaia
TX-008726,CLI-00806,2025-11-25,Maderas y tableros,7,451770.28,Telefónico,Transferencia,Río Grande
TX-008727,CLI-01059,2025-11-25,Electricidad e iluminación,16,598887.71,Telefónico,Cuenta corriente,Ushuaia
TX-008728,CLI-00719,2025-11-25,Electricidad e iluminación,18,477330.14,Web,Cuenta corriente,Ushuaia 
TX-008730,CLI-01037,2025-11-25,Plomería y caños,21,323986.62,Web,Cuenta corriente,Ushuaia
TX-008763,CLI-01053,2025-11-26,Electricidad e iluminación,18,338694.97,App,Transferencia,Río Grande
TX-008764,CLI-01181,2025-11-26,Plomería y caños,3,26428.89,App,T. débito,Río Grande
TX-008761,CLI-00403,2025-11-26,Pisos y cerámicos,24,583178.09,Telefónico,Cuenta corriente,Ushuaia
TX-008757,CLI-01034,2025-11-26,Seguridad e indumentaria,1,41468.16,Web,Transferencia,ushuaia
TX-008758,CLI-00161,2025-11-26,Ferretería general,4,,Web,T. crédito,ushuaia
TX-008743,CLI-00733,2025-11-26,Electricidad e iluminación,6,160680.23,Telefónico,Transferencia,Río Grande
TX-008744,CLI-00746,2025-11-26,Maderas y tableros,7,350845.86,Telefónico,Cuenta corriente,ushuaia
TX-008745,CLI-01119,2025-11-26,Sanitarios y grifería,4,540307.07,Telefónico,Transferencia,Ushuaia
TX-008746,CLI-00772,2025-11-26,Seguridad e indumentaria,1,67020.1,Telefónico,Transferencia,Río Grande
TX-008747,CLI-01220,2025-11-26,Sanitarios y grifería,3,164745.65,Web,Tarjeta de crédito,Ushuaia
TX-008759,CLI-01076,2025-11-26,Pisos y cerámicos,6,101433.85,App,Efectivo en sucursal,Ushuaia
TX-008748,CLI-00345,2025-11-26,Plomería y caños,4,93004.55,Telefónico,Cuenta corriente,Río Grande
TX-008750,CLI-00353,2025-11-26,Pinturas y revestimientos,4,124309.9,Web,Transferencia,Ushuaia
TX-008751,CLI-00112,2025-11-26,Pisos y cerámicos,12,552735.19,Telefónico,Transferencia,Río Grande
TX-008752,CLI-00313,2025-11-26,Ferretería general,16,58949.64,Web,Tarjeta de crédito,Tolhuin
TX-008755,CLI-00129,2025-11-26,Pinturas y revestimientos,3,149132.73,Telefónico,Cuenta corriente,Ushuaia
TX-008756,CLI-01078,2025-11-26,Sanitarios y grifería,3,163051.41,Web,Efectivo en sucursal,Tolhuin
TX-008749,CLI-00681,2025-11-26,Sanitarios y grifería,3,152819.47,App,Transferencia,Río Grande
TX-008786,CLI-00066,2025-11-27,Plomería y caños,12,146634.48,Telefónico,Cuenta corriente,Rio Grande
TX-008787,CLI-00038,2025-11-27,Plomería y caños,3,29611.88,App,Transferencia,Río Grande
TX-008785,CLI-00414,2025-11-27,Herramientas manuales,9,167273.45,App,Transferencia,Río Grande
TX-008769,CLI-00202,2025-11-27,Sanitarios y grifería,5,464434.34,App,Transferencia,Ushuaia
TX-008783,CLI-01262,2025-11-27,Herramientas manuales,6,76225.67,Web,Efectivo en sucursal,Ushuaia
TX-008765,CLI-01044,2025-11-27,Plomería y caños,22,476055.82,Web,Cuenta corriente,río grande
TX-008766,CLI-00403,2025-11-27,Plomería y caños,4,,Telefónico,Cuenta corriente,Ushuaia
TX-008767,CLI-00708,2025-11-27,Herramientas manuales,5,157278.29,Telefónico,Tarjeta de débito,Río Grande
TX-008768,CLI-01017,2025-11-27,Cemento y áridos,8,311597.25,App,Cuenta corriente,Río Grande
TX-008784,CLI-00951,2025-11-27,Sanitarios y grifería,3,192443.9,Web,transf.,Ushuaia
TX-008772,CLI-00157,2025-11-27,Ferretería general,9,69290.87,App,Cuenta corriente,Ushuaia 
TX-008770,CLI-00600,2025-11-27,Seguridad e indumentaria,2,-63838.53,Web,Transferencia,Río Grande
TX-008775,CLI-00032,2025-11-27,Ferretería general,5,23249.35,Web,Tarjeta de débito,Río Grande
TX-008777,CLI-00830,2025-11-27,Ferretería general,1,3499.61,Web,,Río Grande
TX-008779,CLI-01313,2025-11-27,Electricidad e iluminación,2,68922.73,Telefónico,Efectivo en sucursal,Río Grande
TX-008780,CLI-01258,2025-11-27,Seguridad e indumentaria,6,252944.96,Telefónico,Transferencia,Río Grande
TX-008781,CLI-01017,2025-11-27,Cemento y áridos,166,8244821.31,Web,Cuenta corriente,Río Grande
TX-008782,CLI-00194,2025-11-27,Pinturas y revestimientos,2,150033.39,Telefónico,Transferencia,río grande
TX-008773,CLI-00301,2025-11-27,Electricidad e iluminación,3,52236.1,App,Tarjeta de débito,río grande
TX-008810,CLI-00051,2025-11-28,Ferretería general,8,45115.23,App,Cuenta corriente,Ushuaia
TX-008815,CLI-00538,2025-11-28,Cemento y áridos,15,249413.95,App,Transferencia,Ushuaia
TX-008811,CLI-00874,2025-11-28,Electricidad e iluminación,3,42205.1,App,Tarjeta de débito,Río Grande
TX-008809,CLI-00813,2025-11-28,Herramientas eléctricas,6,3639305.03,Web,,río grande
TX-008812,CLI-00698,2025-11-28,Pinturas y revestimientos,5,117345.87,Web,Tarjeta de crédito,Río Grande
TX-008807,CLI-00951,2025-11-28,Maderas y tableros,2,37537.05,App,Transferencia,Ushuaia
TX-008793,CLI-00102,2025-11-28,Aberturas,2,393686.88,Web,Transferencia,Ushuaia
TX-008792,CLI-00300,2025-11-28,Cemento y áridos,37,1600359.82,Telefónico,Transferencia,Ushuaia
TX-008790,CLI-01021,2025-11-28,Herramientas manuales,15,230853.86,Web,Tarjeta de crédito,Río Grande
TX-008797,CLI-00161,2025-11-28,Pinturas y revestimientos,2,37548.15,Web,Tarjeta de débito,Ushuaia
TX-008798,CLI-00112,2025-11-28,Cemento y áridos,29,1135136.35,Telefónico,Tarjeta de crédito,Río Grande
TX-008799,CLI-00706,2025-11-28,Herramientas manuales,5,102386.85,Web,Tarjeta de débito,
TX-008800,CLI-00898,2025-11-28,Seguridad e indumentaria,2,93353.12,Web,Transferencia,ushuaia
TX-008801,CLI-00401,2025-11-28,Seguridad e indumentaria,2,71719.55,Web,Tarjeta de débito,Río Grande
TX-008808,CLI-00224,2025-11-28,Herramientas manuales,10,266382.76,Web,Tarjeta de débito,Río Grande
TX-008803,CLI-00266,2025-11-28,Pinturas y revestimientos,3,102434.09,Web,Tarjeta de crédito,Ushuaia
TX-008794,CLI-00356,2025-11-28,Pinturas y revestimientos,4,224542.7,Telefónico,Cuenta corriente,Río Grande
TX-008796,CLI-01087,2025-11-28,,3,117340.76,App,Tarjeta de crédito,Río Grande
TX-008804,CLI-00321,2025-11-28,Plomería y caños,5,142122.21,Telefónico,Transferencia,Ushuaia
TX-008788,CLI-00146,2025-11-28,Sanitarios y grifería,6,290956.66,App,Efectivo en sucursal,Río Grande
TX-008805,CLI-00923,2025-11-28,Pinturas y revestimientos,3,68869.45,Web,Tarjeta de crédito,Río Grande
TX-008825,CLI-00289,2025-11-29,Herramientas eléctricas,3,1161582.91,App,Transferencia,Río Grande
TX-008830,CLI-00721,2025-11-29,Sanitarios y grifería,2,97835.46,Web,Tarjeta de débito,Río Grande
TX-008831,CLI-00719,2025-11-29,Electricidad e iluminación,3,125287.49,App,Cuenta corriente,Ushuaia
TX-008824,CLI-00450,2025-11-29,Pisos y cerámicos,11,416993.34,Telefónico,transf.,Ushuaia
TX-008823,CLI-01276,2025-11-29,Pisos y cerámicos,6,147176.37,Web,Tarjeta de débito,Ushuaia
TX-008822,CLI-01137,2025-11-29,Electricidad e iluminación,5,198732.59,Web,Transferencia,Río Grande
TX-008821,CLI-00073,2025-11-29,Herramientas manuales,3,53928.78,Web,T. débito,Ushuaia
TX-008820,CLI-00012,2025-11-29,Seguridad e indumentaria,4,200889.36,Web,Tarjeta de crédito,Río Grande
TX-008817,CLI-00959,2025-11-29,Sanitarios y grifería,1,59655.41,App,Efectivo en sucursal,Ushuaia
TX-008816,CLI-01207,2025-11-29,Ferretería general,6,52344.06,Telefónico,Cuenta corriente,Ushuaia
TX-008826,CLI-00129,2025-11-29,Maderas y tableros,17,791847.48,Telefónico,Cuenta corriente,Ushuaia
TX-008827,CLI-00485,2025-11-29,Seguridad e indumentaria,1,30436.81,Web,Transferencia,Río Grande
TX-008840,CLI-00806,2025-11-30,Plomería y caños,3,65370.17,Telefónico,Cuenta corriente,Río Grande
TX-008841,CLI-00868,2025-11-30,Seguridad e indumentaria,9,228139.36,Web,Transferencia,Ushuaia
TX-008838,CLI-00935,2025-11-30,Pinturas y revestimientos,2,136249.48,Telefónico,Cuenta corriente,Río Grande
TX-008837,CLI-01116,2025-11-30,Ferretería general,9,39614.1,Telefónico,Tarjeta de crédito,Ushuaia
TX-008834,CLI-00947,2025-11-30,Cemento y áridos,51,759283.06,Web,transf.,Rio Grande
TX-008833,CLI-00529,2025-11-30,Plomería y caños,21,277686.49,App,Transferencia,Río Grande
TX-008842,CLI-00856,2025-11-30,Pisos y cerámicos,9,359401.12,App,Cuenta corriente,Ushuaia
TX-008876,CLI-00523,2025-12-01,Electricidad e iluminación,3,95995.2,Telefónico,Cuenta corriente,Río Grande
TX-008881,CLI-01207,2025-12-01,Maderas y tableros,5,243041.15,Web,Tarjeta de crédito,Ushuaia
TX-008880,CLI-00415,2025-12-01,Ferretería general,14,54677.71,Web,Tarjeta de débito,Río Grande
TX-008879,CLI-00059,2025-12-01,Herramientas manuales,5,118337.46,App,Efectivo en sucursal,Río Grande
TX-008878,CLI-00470,2025-12-01,Ferretería general,5,23194.17,Web,Transferencia,Ushuaia
TX-008877,CLI-00993,2025-12-01,Aberturas,2,497704.91,Web,Cuenta corriente,Río Grande
TX-008875,CLI-00894,2025-12-01,Aberturas,2,286126.36,Web,Transferencia,Ushuaia
TX-008859,CLI-01173,2025-12-01,Maderas y tableros,7,136472.09,Web,Tarjeta de débito,Río Grande
TX-008873,CLI-00730,2025-12-01,Electricidad e iluminación,1,19164.09,Telefónico,Cuenta corriente,RÍO GRANDE
TX-008844,CLI-00041,2025-12-01,Herramientas manuales,10,169863.68,Web,Tarjeta de débito,Tolhuin
TX-008845,CLI-00111,2025-12-01,Maderas y tableros,13,-390907.07,Web,Tarjeta de débito,Río Grande
TX-008848,CLI-00165,2025-12-01,Electricidad e iluminación,17,275130.58,Web,Transferencia,USHUAIA
TX-008849,CLI-01238,2025-12-01,Seguridad e indumentaria,5,247426.99,App,Transferencia,Ushuaia
TX-008851,CLI-00358,2025-12-01,Cemento y áridos,16,347735.9,Telefónico,Cuenta corriente,Ushuaia 
TX-008853,CLI-00714,2025-12-01,Plomería y caños,1,12131.08,App,Efectivo en sucursal,Tolhuin
TX-008874,CLI-01055,2025-12-01,Herramientas eléctricas,2,403358.62,App,Efectivo en sucursal,Ushuaia
TX-008855,CLI-01207,2025-12-01,Cemento y áridos,35,484921.06,App,Transferencia,USHUAIA
TX-008854,CLI-01049,2025-12-01,Cemento y áridos,17,638627.07,Web,Tarjeta de débito,Río Grande
TX-008858,CLI-00100,2025-12-01,Sanitarios y grifería,10,1175983.34,App,Tarjeta de crédito,Ushuaia
TX-008862,CLI-00301,2025-12-01,Pinturas y revestimientos,1,22973.62,Web,Transferencia,Río Grande
TX-008864,CLI-00523,2025-12-01,Herramientas eléctricas,2,1031277.47,Telefónico,Cuenta corriente,Río Grande
TX-008865,CLI-00274,2025-12-01,Pisos y cerámicos,11,455918.21,Telefónico,Efectivo en sucursal,Río Grande
TX-008867,CLI-00140,2025-12-01,Ferretería general,12,64212.81,Web,Transferencia,Río Grande
TX-008869,CLI-01207,2025-12-01,Maderas y tableros,63,1958442.61,Telefónico,Cuenta corriente,Ushuaia
TX-008870,CLI-00085,2025-12-01,Seguridad e indumentaria,2,69460.14,Web,Transferencia,Río Grande
TX-008871,CLI-00059,2025-12-01,Ferretería general,5,33459.9,Web,Transferencia,Río Grande
TX-008857,CLI-01308,2025-12-01,Sanitarios y grifería,16,1166926.42,App,Tarjeta de crédito,Tolhuin
TX-008904,CLI-00392,2025-12-02,Cemento y áridos,7,171691.25,Web,Cuenta corriente,Río Grande
TX-008907,CLI-00127,2025-12-02,Herramientas manuales,5,135557.78,Web,Tarjeta de débito,Ushuaia
TX-008906,CLI-00125,2025-12-02,Plomería y caños,37,482863.79,Web,Transferencia,Ushuaia
TX-008905,CLI-00691,2025-12-02,Electricidad e iluminación,9,242173.55,App,Cuenta corriente,Ushuaia
TX-008903,CLI-01064,2025-12-02,Herramientas eléctricas,2,513340.32,App,Transferencia,Río Grande
TX-008894,CLI-00996,2025-12-02,Pisos y cerámicos,19,899906.78,App,Cuenta corriente,Ushuaia
TX-008901,CLI-01332,2025-12-02,Sanitarios y grifería,2,167153.35,Web,Transferencia,ushuaia
TX-008895,CLI-00113,2025-12-02,Pinturas y revestimientos,2,106984.56,App,Cuenta corriente,Río Grande
TX-008892,CLI-00996,2025-12-02,Cemento y áridos,24,362884.92,App,Transferencia,ushuaia
TX-008891,CLI-00482,2025-12-02,Ferretería general,29,197790.79,Web,Cuenta corriente,río grande
TX-008890,CLI-00481,2025-12-02,Pisos y cerámicos,20,797860.36,Telefónico,Cuenta corriente,Río Grande
TX-008889,CLI-00850,2025-12-02,Electricidad e iluminación,28,590206.62,Telefónico,Cuenta corriente,Río Grande
TX-008888,CLI-00142,2025-12-02,Cemento y áridos,10,162107.21,Web,Cuenta corriente,Río Grande
TX-008887,CLI-00773,2025-12-02,Herramientas eléctricas,1,175808.22,Telefónico,Tarjeta de débito,río grande
TX-008885,CLI-01119,2025-12-02,Plomería y caños,3,81752.72,Telefónico,Cuenta corriente,Ushuaia
TX-008884,CLI-01223,2025-12-02,Electricidad e iluminación,10,210305.47,Web,Transferencia,Ushuaia
TX-008883,CLI-00290,2025-12-02,Pinturas y revestimientos,13,808449.08,App,Cuenta corriente,Río Grande
TX-008882,CLI-00523,2025-12-02,Ferretería general,34,519814.92,App,Tarjeta de débito,Río Grande
TX-008902,CLI-00615,2025-12-02,Ferretería general,10,54831.53,Web,Tarjeta de débito,Río Grande
TX-008899,CLI-00662,2025-12-02,Plomería y caños,5,28240.55,Web,Transferencia,Ushuaia
TX-008896,CLI-00441,2025-12-02,Herramientas manuales,6,151389.53,App,Tarjeta de crédito,Ushuaia
TX-008898,CLI-01307,2025-12-02,Sanitarios y grifería,5,240034.96,Web,Tarjeta de débito,Ushuaia
TX-008900,CLI-00663,2025-12-02,Cemento y áridos,7,81185.83,Web,Transferencia,Río Grande
TX-008914,CLI-00515,2025-12-03,Electricidad e iluminación,2,59926.66,App,Tarjeta de débito,Rio Grande
TX-008915,CLI-00482,2025-12-03,Pinturas y revestimientos,3,128720.03,App,Cuenta corriente,Río Grande
TX-008913,CLI-00672,2025-12-03,Ferretería general,2,8529.55,Web,Tarjeta de crédito,Tolhuin
TX-008912,CLI-00444,2025-12-03,Electricidad e iluminación,18,414234.38,Telefónico,Transferencia,Ushuaia
TX-008911,CLI-00529,2025-12-03,Ferretería general,8,41588.9,App,Efectivo en sucursal,Río Grande
TX-008910,CLI-00705,2025-12-03,Herramientas manuales,13,403424.84,Web,Tarjeta de crédito,Ushuaia
TX-008909,CLI-00333,2025-12-03,Seguridad e indumentaria,4,138028.8,App,Tarjeta de crédito,Ushuaia
TX-008908,CLI-00274,2025-12-03,Seguridad e indumentaria,9,598384.04,App,Cuenta corriente,Río Grande
TX-008916,CLI-00088,2025-12-03,Pisos y cerámicos,3,48124.7,App,Efectivo en sucursal,Río Grande
TX-008928,CLI-01137,2025-12-03,Seguridad e indumentaria,24,,Telefónico,Transferencia,Río Grande
TX-008927,CLI-00627,2025-12-03,Aberturas,3,1173704.21,App,Cuenta corriente,USHUAIA
TX-008926,CLI-01243,2025-12-03,Pinturas y revestimientos,2,91175.89,Telefónico,Cuenta corriente,Río Grande
TX-008925,CLI-00066,2025-12-03,Pisos y cerámicos,20,561680.33,App,Transferencia,Río Grande
TX-008924,CLI-01059,2025-12-03,Ferretería general,20,285210.33,Telefónico,Cuenta corriente,Ushuaia
TX-008922,CLI-01120,2025-12-03,Herramientas manuales,1,15645.0,App,Tarjeta de crédito,Río Grande
TX-008921,CLI-01146,2025-12-03,Pisos y cerámicos,5,163184.4,Telefónico,Cuenta corriente,Río Grande
TX-008920,CLI-00719,2025-12-03,Cemento y áridos,31,882794.46,Telefónico,Transferencia,
TX-008918,CLI-01217,2025-12-03,Sanitarios y grifería,16,1320206.45,Telefónico,Cuenta corriente,Ushuaia
TX-008917,CLI-01121,2025-12-03,Sanitarios y grifería,3,155070.28,Web,Transferencia,Río Grande
TX-008929,CLI-01181,2025-12-03,Plomería y caños,20,206642.43,App,Tarjeta de crédito,Río Grande
TX-008950,CLI-00101,2025-12-04,Sanitarios y grifería,2,87472.24,Web,Transferencia,río grande
TX-008951,CLI-00301,2025-12-04,Pinturas y revestimientos,4,78592.45,Web,Transferencia,Río Grande
TX-008948,CLI-00856,2025-12-04,Seguridad e indumentaria,3,173311.81,App,Cuenta corriente,Ushuaia
TX-008942,CLI-01046,2025-12-04,Pinturas y revestimientos,5,204215.14,App,Efectivo en sucursal,Río Grande
TX-008946,CLI-00331,2025-12-04,Herramientas eléctricas,1,164706.61,Web,Tarjeta de crédito,Ushuaia
TX-008931,CLI-00523,2025-12-04,Sanitarios y grifería,3,514671.28,App,Tarjeta de crédito,Río Grande
TX-008932,CLI-01172,2025-12-04,Maderas y tableros,8,207050.81,App,Tarjeta de débito,Río Grande
TX-008933,CLI-00902,2025-12-04,Pisos y cerámicos,5,110129.24,Web,Tarjeta de débito,Río Grande
TX-008935,CLI-01183,2025-12-04,Electricidad e iluminación,2,25896.23,Web,Tarjeta de débito,Río Grande
TX-008947,CLI-00417,2025-12-04,Seguridad e indumentaria,3,153512.87,Web,Tarjeta de crédito,Río Grande
TX-008938,CLI-01210,2025-12-04,Pinturas y revestimientos,1,25678.56,Web,Tarjeta de crédito,RÍO GRANDE
TX-008937,CLI-00874,2025-12-04,Ferretería general,2,7333.94,App,Tarjeta de débito,Río Grande
TX-008940,CLI-01260,2025-12-04,Herramientas manuales,5,112336.64,Web,Tarjeta de débito,Río Grande
TX-008941,CLI-01243,2025-12-04,Herramientas manuales,9,380348.07,Telefónico,Cuenta corriente,Río Grande
TX-008943,CLI-01144,2025-12-04,Seguridad e indumentaria,3,120686.94,App,Tarjeta de débito,Río Grande
TX-008944,CLI-00112,2025-12-04,Pisos y cerámicos,71,4697256.83,Telefónico,Cuenta corriente,Río Grande
TX-008945,CLI-00935,2025-12-04,Ferretería general,8,106901.76,Web,,Río Grande
TX-008939,CLI-00161,2025-12-04,Seguridad e indumentaria,5,281951.79,Web,Transferencia,Ushuaia
TX-008934,CLI-00856,2025-12-04,Plomería y caños,13,201739.15,Web,Cuenta corriente,USHUAIA
TX-008972,CLI-00846,2025-12-05,Plomería y caños,4,30499.97,Web,Transferencia,Río Grande
TX-008973,CLI-00698,2025-12-05,Electricidad e iluminación,4,80171.05,Web,Tarjeta de débito,río grande
TX-008970,CLI-00551,2025-12-05,Cemento y áridos,14,488683.71,Telefónico,Cuenta corriente,Ushuaia
TX-008967,CLI-00721,2025-12-05,Ferretería general,8,28849.22,Web,Tarjeta de crédito,Rio Grande
TX-008958,CLI-00135,2025-12-05,Sanitarios y grifería,2,99698.13,Web,Transferencia,Río Grande
TX-008956,CLI-01263,2025-12-05,Aberturas,2,294996.69,Web,T. débito,Ushuaia
TX-008955,CLI-00289,2025-12-05,Cemento y áridos,96,2204149.08,Web,Cuenta corriente,Río Grande
TX-008954,CLI-00734,2025-12-05,Electricidad e iluminación,11,150541.36,Web,Tarjeta de crédito,Río Grande
TX-008952,CLI-00338,2025-12-05,Herramientas eléctricas,2,412859.54,App,Tarjeta de débito,Río Grande
TX-008968,CLI-00403,2025-12-05,Maderas y tableros,7,350486.5,App,Cuenta corriente,Ushuaia
TX-008961,CLI-01137,2025-12-05,Plomería y caños,52,1617590.42,App,Cuenta corriente,Río Grande
TX-008962,CLI-00339,2025-12-05,Ferretería general,7,51892.3,Web,Tarjeta de crédito,Ushuaia
TX-008964,CLI-01020,2025-12-05,Electricidad e iluminación,19,321976.03,Web,Transferencia,RÍO GRANDE
TX-008965,CLI-00483,2025-12-05,Seguridad e indumentaria,3,197392.57,App,Cuenta corriente,Río Grande
TX-008959,CLI-00199,2025-12-05,Maderas y tableros,19,721903.7,Telefónico,transf.,Río Grande
TX-008960,CLI-00059,2025-12-05,Maderas y tableros,17,400443.97,App,Transferencia,Río Grande
TX-008985,CLI-01183,2025-12-06,Ferretería general,2,10923.04,App,Transferencia,Río Grande
TX-008988,CLI-01144,2025-12-06,Electricidad e iluminación,1,13000.36,Web,Tarjeta de crédito,Rio Grande
TX-008984,CLI-00482,2025-12-06,Cemento y áridos,25,636895.03,Telefónico,Transferencia,Río Grande
TX-008983,CLI-00450,2025-12-06,Electricidad e iluminación,6,130843.57,App,Efectivo en sucursal,Ushuaia
TX-008982,CLI-01195,2025-12-06,Herramientas eléctricas,3,582192.38,Telefónico,Efectivo en sucursal,Río Grande
TX-008980,CLI-01265,2025-12-06,Cemento y áridos,10,222790.05,Telefónico,Cuenta corriente,Tolhuin
TX-008979,CLI-00199,2025-12-06,Cemento y áridos,188,3596874.52,App,Transferencia,río grande
TX-008978,CLI-00066,2025-12-06,Pinturas y revestimientos,19,887796.79,Telefónico,Tarjeta de crédito,Río Grande
TX-008977,CLI-00938,2025-12-06,Cemento y áridos,16,232861.5,Web,,Río Grande
TX-008976,CLI-01146,2025-12-06,Plomería y caños,27,548563.75,App,Transferencia,río grande
TX-008975,CLI-01170,2025-12-06,Plomería y caños,3,54860.18,App,transf.,Tolhuin
TX-008974,CLI-00503,2025-12-06,,13,230910.22,App,Tarjeta de débito,Río Grande
TX-008986,CLI-00482,2025-12-06,Herramientas manuales,2,65433.3,Telefónico,Transferencia,Río Grande
TX-008987,CLI-01310,2025-12-06,Pinturas y revestimientos,9,439453.87,Telefónico,T. crédito,Río Grande
TX-008992,CLI-00274,2025-12-07,Pinturas y revestimientos,10,874026.85,Telefónico,Transferencia,Río Grande
TX-008994,CLI-01308,2025-12-07,Ferretería general,10,41519.07,App,Tarjeta de crédito,Tohluin
TX-008993,CLI-00360,2025-12-07,Herramientas manuales,7,1453417.26,Web,Tarjeta de crédito,Río Grande
TX-008991,CLI-00959,2025-12-07,Seguridad e indumentaria,8,253312.17,Web,Tarjeta de crédito,USHUAIA
TX-008995,CLI-00586,2025-12-07,Sanitarios y grifería,2,101785.36,Web,Transferencia,Río Grande
TX-009018,CLI-00274,2025-12-08,Herramientas manuales,3,216358.16,App,Cuenta corriente,río grande
TX-009014,CLI-00431,2025-12-08,Sanitarios y grifería,2,108658.25,Web,Tarjeta de crédito,Río Grande
TX-009004,CLI-00089,2025-12-08,Herramientas manuales,5,106066.2,Web,Tarjeta de débito,Río Grande
TX-009011,CLI-00706,2025-12-08,Herramientas manuales,2,64739.1,Telefónico,Tarjeta de crédito,Río Grande
TX-008996,CLI-00938,2025-12-08,Herramientas manuales,1,22391.49,App,Efectivo en sucursal,Río Grande
TX-008997,CLI-00142,2025-12-08,Ferretería general,18,144062.81,Telefónico,Cuenta corriente,Río Grande
TX-009012,CLI-00632,2025-12-08,Seguridad e indumentaria,2,82726.95,Web,transf.,Río Grande
TX-008999,CLI-01344,2025-12-08,Herramientas eléctricas,1,175796.84,App,Tarjeta de crédito,Río Grande
TX-009000,CLI-00353,2025-12-08,Ferretería general,3,13562.79,Web,Transferencia,Ushuaia
TX-009001,CLI-00331,2025-12-08,Ferretería general,13,50425.11,App,Transferencia,Ushuaia
TX-008998,CLI-00523,2025-12-08,Ferretería general,155,1958942.01,Telefónico,Cuenta corriente,Río Grande
TX-009006,CLI-00691,2025-12-08,Ferretería general,2,17569.24,Telefónico,Cuenta corriente,Ushuaia
TX-009007,CLI-01144,2025-12-08,Plomería y caños,12,103227.55,Web,Tarjeta de débito,Río Grande
TX-009008,CLI-00258,2025-12-08,Electricidad e iluminación,9,110247.32,App,Tarjeta de débito,USHUAIA
TX-009009,CLI-01002,2025-12-08,Sanitarios y grifería,2,214596.97,Web,Tarjeta de crédito,río grande
TX-009010,CLI-00147,2025-12-08,Electricidad e iluminación,2,28034.73,Web,Transferencia,Río Grande
TX-009002,CLI-00475,2025-12-08,Sanitarios y grifería,3,144438.62,Web,Cuenta corriente,Río Grande
TX-009046,CLI-00112,2025-12-09,Pinturas y revestimientos,1,99801.82,App,Transferencia,Río Grande
TX-009045,CLI-00128,2025-12-09,Maderas y tableros,13,-587440.55,App,Cuenta corriente,Río Grande
TX-009044,CLI-00338,2025-12-09,Ferretería general,6,32150.93,Web,Tarjeta de débito,Río Grande
TX-009043,CLI-00916,2025-12-09,Electricidad e iluminación,22,266402.49,Web,Transferencia,río grande
TX-009041,CLI-00874,2025-12-09,Herramientas eléctricas,2,480570.76,Web,Transferencia,RÍO GRANDE
TX-009042,CLI-00390,2025-12-09,Sanitarios y grifería,9,844436.8,Telefónico,Cuenta corriente,Ushuaia
TX-009040,CLI-00100,2025-12-09,Plomería y caños,20,358509.33,App,Transferencia,Ushuaia
TX-009036,CLI-00535,2025-12-09,Cemento y áridos,15,270097.33,Telefónico,Cuenta corriente,Ushuaia
TX-009038,CLI-00040,2025-12-09,Sanitarios y grifería,15,1057226.51,Telefónico,Cuenta corriente,Ushuaia
TX-009019,CLI-00733,2025-12-09,Pisos y cerámicos,11,340845.87,Telefónico,Cuenta corriente,Río Grande
TX-009020,CLI-01017,2025-12-09,Pisos y cerámicos,23,1228622.66,Telefónico,Transferencia,Río Grande
TX-009021,CLI-00157,2025-12-09,Ferretería general,9,71137.9,App,Transferencia,Ushuaia
TX-009022,CLI-01252,2025-12-09,Sanitarios y grifería,2,133386.13,Web,Tarjeta de débito,Río Grande
TX-009023,CLI-01021,2025-12-09,Ferretería general,4,19842.16,Web,T. débito,Río Grande
TX-009025,CLI-00811,2025-12-09,Ferretería general,12,57749.0,Telefónico,Efectivo en sucursal,Ushuaia
TX-009026,CLI-00894,2025-12-09,Herramientas manuales,7,133493.74,App,Cuenta corriente,Ushuaia
TX-009027,CLI-00441,2025-12-09,Ferretería general,3,,App,Transferencia,Ushuaia
TX-009029,CLI-00357,2025-12-09,Maderas y tableros,11,854587.0,App,Tarjeta de débito,Ushuaia
TX-009031,CLI-00266,2025-12-09,Pisos y cerámicos,20,442834.73,App,Cuenta corriente,USHUAIA
TX-009039,CLI-00040,2025-12-09,Cemento y áridos,4,121192.0,Telefónico,Cuenta corriente,Ushuaia
TX-009030,CLI-00551,2025-12-09,Pinturas y revestimientos,1,57111.67,Telefónico,Cuenta corriente,Ushuaia
TX-009032,CLI-00051,2025-12-09,Aberturas,4,1010011.57,Telefónico,Cuenta corriente,Ushuaia
TX-009033,CLI-00414,2025-12-09,Electricidad e iluminación,3,34036.04,Web,Tarjeta de débito,Rio Grande
TX-009034,CLI-00689,2025-12-09,Pisos y cerámicos,6,160638.35,Web,Transferencia,Río Grande
TX-009035,CLI-00112,2025-12-09,Electricidad e iluminación,40,1486425.48,Telefónico,Cuenta corriente,Rio Grande
TX-009037,CLI-00203,2025-12-09,Herramientas eléctricas,2,244916.62,Web,Tarjeta de crédito,Río Grande
TX-009054,CLI-00804,2025-12-10,Sanitarios y grifería,2,159121.54,Web,Tarjeta de débito,Río Grande
TX-009050,CLI-00546,2025-12-10,Herramientas manuales,15,502219.78,Telefónico,Tarjeta de crédito,RÍO GRANDE
TX-009049,CLI-00106,2025-12-10,Pisos y cerámicos,5,72219.08,Web,Tarjeta de débito,Ushuaia
TX-009048,CLI-01057,2025-12-10,Electricidad e iluminación,7,99185.83,App,Transferencia,Tolhuin 
TX-009047,CLI-00691,2025-12-10,Electricidad e iluminación,11,212113.2,Telefónico,Transferencia,Ushuaia
TX-009052,CLI-00615,2025-12-10,Pinturas y revestimientos,2,57357.42,Web,Tarjeta de débito,Río Grande
TX-009053,CLI-00202,2025-12-10,Pinturas y revestimientos,5,229896.18,Telefónico,Cuenta corriente,Ushuaia
TX-009075,CLI-00305,2025-12-10,Cemento y áridos,20,481416.42,App,Transferencia,Río Grande
TX-009072,CLI-01013,2025-12-10,Cemento y áridos,11,416913.95,App,Transferencia,Ushuaia
TX-009071,CLI-00635,2025-12-10,Seguridad e indumentaria,2,55237.85,Web,Tarjeta de débito,Ushuaia
TX-009051,CLI-00990,2025-12-10,Maderas y tableros,5,185487.45,Telefónico,Cuenta corriente,Ushuaia
TX-009069,CLI-00440,2025-12-10,Sanitarios y grifería,2,113036.53,Web,Tarjeta de débito,Río Grande
TX-009070,CLI-01008,2025-12-10,Aberturas,3,401115.79,Web,Tarjeta de crédito,Ushuaia
TX-009065,CLI-00794,2025-12-10,Cemento y áridos,15,143541.4,Web,Transferencia,Río Grande
TX-009064,CLI-01195,2025-12-10,Electricidad e iluminación,3,48225.32,Web,Tarjeta de débito,RÍO GRANDE
TX-009063,CLI-00403,2025-12-10,Plomería y caños,8,159721.9,App,Transferencia,Ushuaia
TX-009062,CLI-00959,2025-12-10,Aberturas,2,274784.28,Web,Transferencia,USHUAIA
TX-009060,CLI-00832,2025-12-10,Ferretería general,8,23592.31,Web,Tarjeta de débito,Ushuaia
TX-009061,CLI-01029,2025-12-10,Ferretería general,6,30493.57,Web,Tarjeta de débito,Río Grande
TX-009058,CLI-00129,2025-12-10,Aberturas,2,536591.61,App,Cuenta corriente,USHUAIA
TX-009057,CLI-00515,2025-12-10,Plomería y caños,27,532818.36,App,Cuenta corriente,Rio Grande
TX-009055,CLI-00218,2025-12-10,Pisos y cerámicos,6,169892.49,Telefónico,Transferencia,Río Grande
TX-009067,CLI-00403,2025-12-10,Pisos y cerámicos,21,757462.97,Web,Cuenta corriente,USHUAIA
TX-009068,CLI-01059,2025-12-10,Seguridad e indumentaria,3,316686.21,App,Transferencia,Ushuaia
TX-009059,CLI-00202,2025-12-10,Aberturas,5,1354370.18,Web,Cuenta corriente,Ushuaia
TX-009066,CLI-00491,2025-12-10,Sanitarios y grifería,7,355256.4,Web,Transferencia,río grande
TX-009096,CLI-00721,2025-12-11,Sanitarios y grifería,3,119878.63,Web,Transferencia,
TX-009098,CLI-01059,2025-12-11,Ferretería general,9,138522.96,Telefónico,Tarjeta de crédito,USHUAIA
TX-009097,CLI-00226,2025-12-11,Sanitarios y grifería,2,120213.86,App,Tarjeta de crédito,Río Grande
TX-009095,CLI-00051,2025-12-11,Cemento y áridos,17,320389.13,Telefónico,Cuenta corriente,Ushuaia
TX-009093,CLI-01313,2025-12-11,Cemento y áridos,11,137669.92,Telefónico,Transferencia,río grande
TX-009089,CLI-00172,2025-12-11,Electricidad e iluminación,2,61470.91,App,Transferencia,Tolhuin
TX-009088,CLI-00040,2025-12-11,Ferretería general,4,-35867.53,App,Cuenta corriente,Ushuaia
TX-009087,CLI-01172,2025-12-11,Maderas y tableros,16,427573.21,App,Tarjeta de crédito,Río Grande
TX-009086,CLI-01084,2025-12-11,Cemento y áridos,78,3088309.99,Telefónico,Cuenta corriente,ushuaia
TX-009084,CLI-00620,2025-12-11,Sanitarios y grifería,3,116179.29,Web,Transferencia,Rio Grande
TX-009085,CLI-01299,2025-12-11,Seguridad e indumentaria,5,426683.18,App,Tarjeta de crédito,RÍO GRANDE
TX-009082,CLI-01207,2025-12-11,Pisos y cerámicos,29,789336.11,App,Efectivo en sucursal,Ushuaia
TX-009081,CLI-00100,2025-12-11,Cemento y áridos,6,153724.77,App,Efectivo en sucursal,Ushuaia
TX-009079,CLI-00858,2025-12-11,Pisos y cerámicos,4,96745.16,Web,Tarjeta de crédito,Ushuaia
TX-009077,CLI-01137,2025-12-11,Electricidad e iluminación,6,245254.39,Web,Transferencia,Río Grande
TX-009092,CLI-00722,2025-12-11,Pinturas y revestimientos,6,167687.47,Web,Tarjeta de débito,Ushuaia
TX-009091,CLI-00360,2025-12-11,Pisos y cerámicos,15,474645.83,Web,Cuenta corriente,Río Grande
TX-009094,CLI-00284,2025-12-11,Herramientas manuales,2,24566.58,Telefónico,Transferencia,Río Grande
TX-009125,CLI-00044,2025-12-12,Cemento y áridos,42,507092.35,Web,Transferencia,Ushuaia
TX-009127,CLI-00627,2025-12-12,Maderas y tableros,30,1174586.78,Telefónico,Cuenta corriente,Ushuaia
TX-009126,CLI-00360,2025-12-12,Plomería y caños,85,1207859.97,App,Cuenta corriente,Río Grande
TX-009123,CLI-01017,2025-12-12,Plomería y caños,8,188827.22,App,Cuenta corriente,Río Grande
TX-009122,CLI-01006,2025-12-12,Seguridad e indumentaria,3,165168.01,App,Cuenta corriente,Río Grande
TX-009120,CLI-00746,2025-12-12,Ferretería general,8,56451.44,Telefónico,Transferencia,Ushuaia
TX-009118,CLI-00356,2025-12-12,Plomería y caños,15,233976.57,Telefónico,Tarjeta de crédito,Río Grande
TX-009117,CLI-01310,2025-12-12,Electricidad e iluminación,16,306517.82,Telefónico,Cuenta corriente,Río Grande
TX-009115,CLI-00102,2025-12-12,Ferretería general,7,25253.18,App,Transferencia,Ushuaia
TX-009112,CLI-00733,2025-12-12,Sanitarios y grifería,5,526126.24,Web,Tarjeta de débito,Rio Grande
TX-009109,CLI-00719,2025-12-12,Pinturas y revestimientos,5,313287.2,Telefónico,Cuenta corriente,Ushuaia
TX-009105,CLI-00627,2025-12-12,Seguridad e indumentaria,4,243264.3,Telefónico,Cuenta corriente,Ushuaia
TX-009104,CLI-00813,2025-12-12,Seguridad e indumentaria,1,104810.93,Telefónico,Cuenta corriente,Río Grande
TX-009102,CLI-01170,2025-12-12,Pinturas y revestimientos,17,770080.64,Web,Cuenta corriente,Tolhuin
TX-009101,CLI-01092,2025-12-12,Pisos y cerámicos,9,306422.64,App,Transferencia,Río Grande
TX-009100,CLI-01174,2025-12-12,Ferretería general,23,315175.99,Telefónico,Tarjeta de crédito,Río Grande
TX-009099,CLI-00719,2025-12-12,Seguridad e indumentaria,3,313322.78,App,Cuenta corriente,Ushuaia
TX-009124,CLI-00551,2025-12-12,Cemento y áridos,11,366019.13,App,transf.,ushuaia
TX-009103,CLI-00678,2025-12-12,Sanitarios y grifería,2,95333.75,Web,Transferencia,Río Grande
TX-009140,CLI-00252,2025-12-13,Herramientas manuales,1,30615.45,App,Tarjeta de crédito,Río Grande
TX-009133,CLI-00689,2025-12-13,Pisos y cerámicos,12,320485.12,App,Cuenta corriente,Río Grande
TX-009139,CLI-01322,2025-12-13,Pisos y cerámicos,4,96728.54,Web,Tarjeta de débito,RÍO GRANDE
TX-009138,CLI-00523,2025-12-13,Ferretería general,4,69363.32,App,Cuenta corriente,Río Grande
TX-009137,CLI-00856,2025-12-13,Cemento y áridos,71,1330294.6,Telefónico,Cuenta corriente,USHUAIA
TX-009135,CLI-01076,2025-12-13,Herramientas manuales,4,71199.32,App,Transferencia,ushuaia
TX-009134,CLI-01243,2025-12-13,Electricidad e iluminación,6,170906.09,Telefónico,Cuenta corriente,Río Grande
TX-009132,CLI-01149,2025-12-13,Herramientas eléctricas,1,156636.67,Telefónico,Transferencia,Ushuaia
TX-009130,CLI-00794,2025-12-13,Pinturas y revestimientos,3,107706.89,Web,Tarjeta de crédito,Río Grande
TX-009129,CLI-00066,2025-12-13,Plomería y caños,7,110966.06,App,Cuenta corriente,Río Grande
TX-009128,CLI-00504,2025-12-13,Seguridad e indumentaria,4,164489.98,App,Transferencia,USHUAIA
TX-009141,CLI-00448,2025-12-14,Pisos y cerámicos,5,178579.59,Telefónico,Tarjeta de crédito,Río Grande
TX-009142,CLI-00067,2025-12-14,Sanitarios y grifería,8,422612.08,App,Transferencia,Río Grande
TX-009167,CLI-01332,2025-12-15,Pisos y cerámicos,13,433990.48,App,Cuenta corriente,Ushuaia
TX-009143,CLI-00068,2025-12-15,Ferretería general,36,392068.27,Telefónico,Cuenta corriente,Río Grande
TX-009166,CLI-00538,2025-12-15,Ferretería general,14,78062.97,Web,Tarjeta de débito,Ushuaia
TX-009168,CLI-01136,2025-12-15,Herramientas manuales,4,61814.81,Web,Transferencia,Río Grande
TX-009163,CLI-01299,2025-12-15,Plomería y caños,52,951229.59,App,Cuenta corriente,Río Grande
TX-009164,CLI-00063,2025-12-15,Electricidad e iluminación,3,46646.15,Web,Transferencia,Ushuaia 
TX-009151,CLI-00705,2025-12-15,Herramientas manuales,2,54670.2,App,Tarjeta de débito,ushuaia
TX-009145,CLI-00248,2025-12-15,Electricidad e iluminación,4,61443.2,App,Tarjeta de débito,Ushuaia
TX-009147,CLI-01017,2025-12-15,Pinturas y revestimientos,4,271742.29,Telefónico,Transferencia,Río Grande
TX-009148,CLI-01332,2025-12-15,Pisos y cerámicos,24,1023146.33,Telefónico,Tarjeta de crédito,Ushuaia
TX-009149,CLI-00134,2025-12-15,Herramientas manuales,2,57368.76,Web,Tarjeta de crédito,Ushuaia
TX-009150,CLI-01207,2025-12-15,Maderas y tableros,12,556585.62,Telefónico,Transferencia,Ushuaia
TX-009162,CLI-00733,2025-12-15,Pisos y cerámicos,10,462868.45,Telefónico,Cuenta corriente,Río Grande
TX-009144,CLI-01137,2025-12-15,Cemento y áridos,40,1264001.38,Web,Cuenta corriente,Río Grande
TX-009153,CLI-01183,2025-12-15,Herramientas manuales,6,157021.65,Web,Tarjeta de débito,Río Grande 
TX-009155,CLI-01021,2025-12-15,Aberturas,1,95437.21,Telefónico,Tarjeta de crédito,Río Grande
TX-009156,CLI-00157,2025-12-15,Seguridad e indumentaria,3,151630.2,Telefónico,Cuenta corriente,Ushuaia
TX-009157,CLI-00172,2025-12-15,Electricidad e iluminación,5,168381.67,App,Cuenta corriente,Tolhuin
TX-009159,CLI-00448,2025-12-15,Seguridad e indumentaria,4,242706.32,Telefónico,Cuenta corriente,Río Grande
TX-009160,CLI-00356,2025-12-15,Maderas y tableros,3,110600.02,Telefónico,Transferencia,Río Grande
TX-009161,CLI-00721,2025-12-15,Sanitarios y grifería,2,109765.19,App,Tarjeta de débito,Río Grande
TX-009154,CLI-00266,2025-12-15,Herramientas manuales,4,96314.93,Web,Transferencia,Ushuaia
TX-009192,CLI-01310,2025-12-16,Pisos y cerámicos,34,988358.04,Telefónico,transf.,Río Grande
TX-009191,CLI-00357,2025-12-16,Pinturas y revestimientos,20,2082140.5,Web,Cuenta corriente,Ushuaia
TX-009193,CLI-00613,2025-12-16,Herramientas eléctricas,4,1932213.35,Telefónico,Cuenta corriente,Ushuaia
TX-009190,CLI-00281,2025-12-16,Aberturas,10,2879684.46,Web,Transferencia,Ushuaia
TX-009182,CLI-01238,2025-12-16,Pisos y cerámicos,5,197696.05,Telefónico,Cuenta corriente,Ushuaia
TX-009188,CLI-00112,2025-12-16,Cemento y áridos,54,2169892.29,App,Cuenta corriente,Río Grande
TX-009169,CLI-00841,2025-12-16,Pisos y cerámicos,13,331565.14,App,Cuenta corriente,Ushuaia
TX-009171,CLI-01020,2025-12-16,Ferretería general,23,106767.37,Web,Tarjeta de débito,Río Grande
TX-009174,CLI-00959,2025-12-16,Sanitarios y grifería,6,-357264.35,Web,Tarjeta de crédito,Ushuaia
TX-009189,CLI-00554,2025-12-16,Ferretería general,3,9210.69,Web,Transferencia,Río Grande
TX-009177,CLI-00868,2025-12-16,Pinturas y revestimientos,1,22185.67,Web,Transferencia,Ushuaia
TX-009178,CLI-00879,2025-12-16,Plomería y caños,25,838277.43,Telefónico,Transferencia,Río Grande
TX-009179,CLI-00163,2025-12-16,Cemento y áridos,14,258177.25,App,Transferencia,Río Grande
TX-009176,CLI-01258,2025-12-16,Plomería y caños,3,41082.03,Web,Tarjeta de débito,Río Grande
TX-009181,CLI-00498,2025-12-16,Ferretería general,2,9290.28,App,Tarjeta de débito,Río Grande
TX-009183,CLI-00523,2025-12-16,Sanitarios y grifería,6,746482.02,App,Transferencia,Río Grande
TX-009184,CLI-00895,2025-12-16,Pisos y cerámicos,6,102935.43,Web,Tarjeta de débito,Ushuaia
TX-009185,CLI-00194,2025-12-16,Pisos y cerámicos,29,1896769.91,App,Cuenta corriente,Río Grande
TX-009186,CLI-00842,2025-12-16,Pinturas y revestimientos,5,201581.25,App,Cuenta corriente,Río Grande
TX-009187,CLI-01034,2025-12-16,Plomería y caños,10,77361.43,Telefónico,Tarjeta de débito,Ushuaia
TX-009180,CLI-01170,2025-12-16,Pisos y cerámicos,12,372577.88,App,Tarjeta de crédito,TOLHUIN
TX-009223,CLI-00990,2025-12-17,Pinturas y revestimientos,2,121269.9,App,Transferencia,Ushuaia
TX-009230,CLI-00113,2025-12-17,Maderas y tableros,16,697378.53,App,Cuenta corriente,Río Grande
TX-009229,CLI-01322,2025-12-17,Ferretería general,3,14715.54,App,Transferencia,Río Grande
TX-009228,CLI-00194,2025-12-17,Plomería y caños,9,249301.56,App,Transferencia,Río Grande
TX-009227,CLI-00665,2025-12-17,Aberturas,2,364623.49,Web,Tarjeta de crédito,Ushuaia
TX-009226,CLI-00804,2025-12-17,Ferretería general,3,17194.18,Web,Tarjeta de crédito,Río Grande
TX-009225,CLI-00102,2025-12-17,Herramientas manuales,5,126959.35,Web,Tarjeta de débito,
TX-009224,CLI-00935,2025-12-17,Herramientas manuales,12,664433.85,Web,,Río Grande
TX-009222,CLI-00450,2025-12-17,Electricidad e iluminación,7,194881.81,Telefónico,Tarjeta de crédito,Ushuaia
TX-009210,CLI-01186,2025-12-17,Herramientas eléctricas,2,296172.13,Web,Tarjeta de débito,Río Grande
TX-009219,CLI-00863,2025-12-17,Seguridad e indumentaria,4,140097.32,Web,Transferencia,Río Grande
TX-009209,CLI-01049,2025-12-17,Sanitarios y grifería,2,375505.94,Telefónico,Transferencia,Río Grande
TX-009208,CLI-01263,2025-12-17,Plomería y caños,1,14032.0,Web,Transferencia,Ushuaia
TX-009221,CLI-01131,2025-12-17,Herramientas eléctricas,1,175890.28,Web,Efectivo en sucursal,RÍO GRANDE
TX-009207,CLI-01300,2025-12-17,Plomería y caños,14,237800.1,App,Transferencia,Río Grande
TX-009206,CLI-00382,2025-12-17,Electricidad e iluminación,3,42146.6,App,Tarjeta de crédito,Río Grande
TX-009205,CLI-00483,2025-12-17,Herramientas manuales,4,137058.02,Web,Transferencia,Río Grande
TX-009203,CLI-01174,2025-12-17,Aberturas,4,1332564.91,Telefónico,Cuenta corriente,Río Grande
TX-009201,CLI-00087,2025-12-17,Pisos y cerámicos,26,414116.15,Web,Tarjeta de débito,Ushuaia
TX-009200,CLI-00793,2025-12-17,Herramientas eléctricas,6,2705589.3,Telefónico,Cuenta corriente,Río Grande
TX-009202,CLI-01153,2025-12-17,Plomería y caños,2,25474.03,Web,T. débito,Río Grande 
TX-009197,CLI-01201,2025-12-17,Sanitarios y grifería,3,210373.83,App,Tarjeta de crédito,Río Grande
TX-009194,CLI-01006,2025-12-17,Aberturas,4,825514.17,Web,Cuenta corriente,Río Grande
TX-009211,CLI-01186,2025-12-17,Aberturas,2,246451.9,App,Tarjeta de crédito,Río Grande
TX-009212,CLI-00803,2025-12-17,Pinturas y revestimientos,2,-64772.64,Web,Tarjeta de débito,Ushuaia
TX-009214,CLI-01046,2025-12-17,Ferretería general,18,-166664.05,Telefónico,Transferencia,Río Grande
TX-009215,CLI-00162,2025-12-17,Ferretería general,8,56914.28,Telefónico,Transferencia,Río Grande
TX-009216,CLI-00162,2025-12-17,Sanitarios y grifería,2,192720.41,Telefónico,Cuenta corriente,RÍO GRANDE
TX-009218,CLI-00403,2025-12-17,Cemento y áridos,35,819658.56,App,Transferencia,Ushuaia
TX-009199,CLI-00321,2025-12-17,Electricidad e iluminación,3,79965.6,Telefónico,Tarjeta de débito,Ushuaia
TX-009253,CLI-00719,2025-12-18,Cemento y áridos,26,1262846.05,Telefónico,Cuenta corriente,Ushuaia
TX-009257,CLI-00172,2025-12-18,Sanitarios y grifería,9,1551860.17,Web,Cuenta corriente,Tolhuin
TX-009255,CLI-00288,2025-12-18,Pisos y cerámicos,3,53098.12,Web,Tarjeta de débito,RÍO GRANDE
TX-009254,CLI-00886,2025-12-18,Sanitarios y grifería,2,98330.07,Web,Tarjeta de crédito,USHUAIA
TX-009252,CLI-00603,2025-12-18,Pinturas y revestimientos,16,782914.3,App,Cuenta corriente,ushuaia
TX-009248,CLI-00551,2025-12-18,Cemento y áridos,21,894075.53,Telefónico,Cuenta corriente,ushuaia
TX-009249,CLI-00112,2025-12-18,Aberturas,7,2954139.89,Web,Tarjeta de crédito,Río Grande
TX-009232,CLI-01331,2025-12-18,Cemento y áridos,31,442642.23,Telefónico,Tarjeta de crédito,Río Grande
TX-009233,CLI-01192,2025-12-18,Sanitarios y grifería,3,175171.6,Web,Tarjeta de crédito,Río Grande
TX-009234,CLI-01009,2025-12-18,Seguridad e indumentaria,6,219307.76,Web,Transferencia,tolhuin
TX-009236,CLI-01174,2025-12-18,Pinturas y revestimientos,4,374616.31,Telefónico,Cuenta corriente,RÍO GRANDE
TX-009238,CLI-00284,2025-12-18,Plomería y caños,2,16407.74,App,Transferencia,río grande
TX-009239,CLI-00051,2025-12-18,Sanitarios y grifería,3,247288.06,App,Cuenta corriente,Ushuaia
TX-009251,CLI-00665,2025-12-18,Plomería y caños,4,51169.85,Web,Tarjeta de crédito,Ushuaia
TX-009240,CLI-00125,2025-12-18,Herramientas manuales,3,93820.13,Web,Tarjeta de débito,Ushuaia
TX-009242,CLI-01238,2025-12-18,Electricidad e iluminación,27,692588.8,Telefónico,Tarjeta de crédito,Ushuaia
TX-009243,CLI-00360,2025-12-18,Pinturas y revestimientos,3,118019.4,App,Transferencia,Río Grande
TX-009244,CLI-01146,2025-12-18,Sanitarios y grifería,2,2244393.06,App,Cuenta corriente,Río Grande
TX-009245,CLI-00100,2025-12-18,Maderas y tableros,41,2042125.37,App,Tarjeta de crédito,Ushuaia
TX-009246,CLI-01038,2025-12-18,Sanitarios y grifería,5,297372.31,App,Transferencia,Río Grande
TX-009247,CLI-00134,2025-12-18,Ferretería general,7,38434.67,Web,Transferencia,Ushuaia
TX-009241,CLI-01207,2025-12-18,Herramientas manuales,2,63659.72,App,Transferencia,Ushuaia
TX-009275,CLI-00214,2025-12-19,Seguridad e indumentaria,3,91773.21,Web,Transferencia,Ushuaia
TX-009277,CLI-01000,2025-12-19,Cemento y áridos,122,4615633.01,Web,Tarjeta de débito,USHUAIA
TX-009274,CLI-01174,2025-12-19,Pisos y cerámicos,13,781229.24,App,Transferencia,Río Grande
TX-009258,CLI-00301,2025-12-19,Pinturas y revestimientos,5,115966.13,Telefónico,Tarjeta de débito,Río Grande
TX-009272,CLI-00706,2025-12-19,Herramientas manuales,3,45480.89,Web,Transferencia,RÍO GRANDE
TX-009271,CLI-00066,2025-12-19,Electricidad e iluminación,9,232043.25,App,Tarjeta de crédito,Río Grande
TX-009270,CLI-00053,2025-12-19,Plomería y caños,2,17741.21,App,Transferencia,Río Grande
TX-009269,CLI-01181,2025-12-19,Seguridad e indumentaria,2,90154.58,Web,Transferencia,río grande
TX-009268,CLI-00849,2025-12-19,Ferretería general,3,9611.74,Web,Tarjeta de débito,Río Grande
TX-009266,CLI-01137,2025-12-19,Ferretería general,7,104256.83,Web,Tarjeta de crédito,Río Grande
TX-009265,CLI-01009,2025-12-19,Cemento y áridos,4,55699.01,Web,Transferencia,Tolhuin
TX-009264,CLI-00221,2025-12-19,Sanitarios y grifería,4,212996.47,Web,Tarjeta de crédito,Río Grande
TX-009263,CLI-01149,2025-12-19,Electricidad e iluminación,3,57724.97,Web,Transferencia,Ushuaia
TX-009262,CLI-00112,2025-12-19,Cemento y áridos,23,962375.55,App,Tarjeta de débito,Río Grande
TX-009261,CLI-00868,2025-12-19,Electricidad e iluminación,3,24780.0,Web,Tarjeta de crédito,Ushuaia
TX-009260,CLI-00165,2025-12-19,Pinturas y revestimientos,1,33460.09,Telefónico,Tarjeta de crédito,Ushuaia
TX-009259,CLI-01227,2025-12-19,Pinturas y revestimientos,8,233359.26,Web,Cuenta corriente,USHUAIA
TX-009273,CLI-01146,2025-12-19,Ferretería general,7,42186.53,App,Transferencia,Río Grande
TX-009295,CLI-01084,2025-12-20,Pinturas y revestimientos,2,160033.64,App,Transferencia,USHUAIA
TX-009294,CLI-01322,2025-12-20,Pinturas y revestimientos,13,430259.13,Web,Tarjeta de débito,Río Grande
TX-009287,CLI-00090,2025-12-20,Pisos y cerámicos,16,508202.66,Telefónico,Cuenta corriente,río grande
TX-009292,CLI-00842,2025-12-20,Maderas y tableros,7,273261.69,App,Tarjeta de débito,Rio Grande
TX-009290,CLI-01104,2025-12-20,Plomería y caños,12,220430.66,Web,Cuenta corriente,Río Grande
TX-009289,CLI-00719,2025-12-20,Ferretería general,13,159482.3,Web,Tarjeta de crédito,ushuaia
TX-009286,CLI-01038,2025-12-20,Ferretería general,19,98180.88,App,Tarjeta de débito,Río Grande
TX-009293,CLI-00662,2025-12-20,Pinturas y revestimientos,4,117507.04,Web,Tarjeta de débito,Ushuaia 
TX-009284,CLI-01034,2025-12-20,Plomería y caños,51,544101.28,Web,Tarjeta de crédito,Ushuaia
TX-009283,CLI-00476,2025-12-20,Electricidad e iluminación,2,25964.66,App,Tarjeta de débito,Río Grande
TX-009282,CLI-00719,2025-12-20,Aberturas,3,1547647.02,Telefónico,Cuenta corriente,Ushuaia
TX-009285,CLI-00993,2025-12-20,Herramientas eléctricas,4,1400910.37,Web,Cuenta corriente,Río Grande
TX-009280,CLI-00793,2025-12-20,Electricidad e iluminación,19,429879.01,Telefónico,Cuenta corriente,Río Grande
TX-009279,CLI-01055,2025-12-20,Ferretería general,5,33924.51,App,Tarjeta de débito,Ushuaia
TX-009278,CLI-01153,2025-12-20,Pinturas y revestimientos,3,99207.1,Web,Tarjeta de crédito,Río Grande
TX-009291,CLI-01331,2025-12-20,Pinturas y revestimientos,2,409207.81,Web,Efectivo en sucursal,Río Grande
TX-009281,CLI-01050,2025-12-20,Herramientas eléctricas,2,530928.91,Web,transf.,Rio Grande
TX-009298,CLI-00321,2025-12-21,Sanitarios y grifería,4,593393.83,Telefónico,Transferencia,Ushuaia
TX-009297,CLI-01005,2025-12-21,Pisos y cerámicos,3,57020.1,App,,Ushuaia
TX-009296,CLI-01332,2025-12-21,Pisos y cerámicos,6,222058.38,App,Efectivo en sucursal,Ushuaia
TX-009336,CLI-00009,2025-12-22,Electricidad e iluminación,5,194795.57,Web,Cuenta corriente,TOLHUIN
TX-009335,CLI-00205,2025-12-22,Cemento y áridos,14,183606.11,App,Tarjeta de débito,ushuaia
TX-009334,CLI-00248,2025-12-22,Pinturas y revestimientos,12,353614.08,App,Transferencia,Ushuaia
TX-009333,CLI-01144,2025-12-22,Herramientas manuales,3,67857.6,Web,Transferencia,Río Grande
TX-009332,CLI-00290,2025-12-22,Cemento y áridos,35,639138.43,App,Cuenta corriente,Río Grande
TX-009331,CLI-01258,2025-12-22,Pisos y cerámicos,2,44834.41,Web,Tarjeta de débito,Río Grande
TX-009329,CLI-01137,2025-12-22,Pinturas y revestimientos,5,416878.62,Telefónico,Cuenta corriente,río grande
TX-009327,CLI-01299,2025-12-22,Herramientas manuales,7,234421.79,Telefónico,Cuenta corriente,Río Grande
TX-009328,CLI-00051,2025-12-22,Plomería y caños,51,820158.37,App,Tarjeta de crédito,Ushuaia
TX-009325,CLI-00733,2025-12-22,Plomería y caños,14,228550.92,Web,Cuenta corriente,Río Grande
TX-009299,CLI-00868,2025-12-22,Ferretería general,3,11847.44,Telefónico,Tarjeta de débito,Ushuaia
TX-009300,CLI-00753,2025-12-22,Seguridad e indumentaria,2,102747.46,Web,Transferencia,Río Grande
TX-009303,CLI-00194,2025-12-22,Pinturas y revestimientos,5,368177.34,App,Cuenta corriente,Río Grande
TX-009304,CLI-01039,2025-12-22,Ferretería general,5,19883.12,Web,Transferencia,ushuaia
TX-009306,CLI-00947,2025-12-22,Electricidad e iluminación,4,56704.82,Web,transf.,Río Grande
TX-009326,CLI-01144,2025-12-22,Pinturas y revestimientos,1,24379.67,Web,,Río Grande
TX-009309,CLI-01313,2025-12-22,Aberturas,3,733353.4,App,Cuenta corriente,Río Grande
TX-009310,CLI-00040,2025-12-22,Electricidad e iluminación,6,140381.75,Telefónico,Transferencia,ushuaia
TX-009311,CLI-00935,2025-12-22,Herramientas manuales,4,245933.59,App,Tarjeta de crédito,Río Grande
TX-009308,CLI-00714,2025-12-22,Pinturas y revestimientos,6,160871.6,Web,Tarjeta de crédito,Tolhuin
TX-009314,CLI-01038,2025-12-22,Ferretería general,20,109529.23,Web,Transferencia,Río Grande
TX-009315,CLI-00938,2025-12-22,Ferretería general,2,11485.02,Web,Transferencia,Río Grande
TX-009317,CLI-00603,2025-12-22,Pisos y cerámicos,51,1739194.26,App,Cuenta corriente,Ushuaia
TX-009318,CLI-00719,2025-12-22,Pinturas y revestimientos,3,194614.97,Telefónico,Cuenta corriente,Ushuaia
TX-009319,CLI-00125,2025-12-22,Cemento y áridos,27,411531.06,App,Efectivo en sucursal,Ushuaia
TX-009322,CLI-00274,2025-12-22,Cemento y áridos,35,1228142.31,Telefónico,Cuenta corriente,Río Grande
TX-009323,CLI-01084,2025-12-22,Aberturas,3,1350453.59,App,Transferencia,Ushuaia
TX-009324,CLI-01173,2025-12-22,Plomería y caños,4,32764.63,Web,Tarjeta de crédito,Río Grande
TX-009312,CLI-00041,2025-12-22,Cemento y áridos,38,577847.93,App,Tarjeta de débito,Tolhuin
TX-009363,CLI-01273,2025-12-23,Pisos y cerámicos,7,163037.46,Web,Transferencia,Río Grande
TX-009369,CLI-01248,2025-12-23,Maderas y tableros,8,191408.24,App,Tarjeta de crédito,Ushuaia
TX-009368,CLI-01029,2025-12-23,Sanitarios y grifería,5,230153.61,Telefónico,Transferencia,Río Grande
TX-009366,CLI-01344,2025-12-23,Herramientas manuales,2,31858.02,Web,Transferencia,RÍO GRANDE
TX-009365,CLI-01077,2025-12-23,Electricidad e iluminación,3,48039.17,Web,Tarjeta de crédito,Ushuaia
TX-009364,CLI-01263,2025-12-23,Aberturas,2,279584.1,Web,Transferencia,Ushuaia
TX-009362,CLI-00122,2025-12-23,Plomería y caños,3,24551.36,App,Efectivo en sucursal,Río Grande
TX-009351,CLI-00999,2025-12-23,Sanitarios y grifería,4,300069.84,Web,Transferencia,Río Grande
TX-009360,CLI-00733,2025-12-23,Plomería y caños,4,54627.29,Telefónico,Cuenta corriente,Río Grande
TX-009337,CLI-00956,2025-12-23,Ferretería general,8,54184.71,Web,Tarjeta de débito,
TX-009338,CLI-01217,2025-12-23,Ferretería general,6,51936.08,Telefónico,Cuenta corriente,Ushuaia
TX-009340,CLI-00719,2025-12-23,Herramientas manuales,10,453994.18,Telefónico,transf.,Ushuaia
TX-009343,CLI-00357,2025-12-23,Plomería y caños,7,280006.91,Telefónico,Cuenta corriente,Ushuaia
TX-009345,CLI-01263,2025-12-23,Herramientas manuales,1,20847.85,Web,Tarjeta de crédito,ushuaia
TX-009346,CLI-00100,2025-12-23,Electricidad e iluminación,20,437665.36,Web,Cuenta corriente,Ushuaia
TX-009347,CLI-00719,2025-12-23,Maderas y tableros,51,3330553.96,Telefónico,Cuenta corriente,Ushuaia
TX-009348,CLI-00141,2025-12-23,Cemento y áridos,10,134360.33,Web,Tarjeta de débito,Río Grande
TX-009350,CLI-01059,2025-12-23,Plomería y caños,14,366224.78,Telefónico,Cuenta corriente,Ushuaia
TX-009352,CLI-01013,2025-12-23,Pinturas y revestimientos,6,496762.38,App,Cuenta corriente,Ushuaia
TX-009361,CLI-00354,2025-12-23,Herramientas manuales,1,21878.2,Web,Efectivo en sucursal,Río Grande
TX-009341,CLI-00273,2025-12-23,Pisos y cerámicos,8,295946.54,Telefónico,Transferencia,Río Grande
TX-009357,CLI-00358,2025-12-23,Electricidad e iluminación,2,40305.38,Telefónico,Cuenta corriente,Ushuaia
TX-009353,CLI-00678,2025-12-23,Pisos y cerámicos,12,183675.62,Web,Transferencia,río grande
TX-009354,CLI-00563,2025-12-23,Seguridad e indumentaria,10,547154.08,Telefónico,Efectivo en sucursal,Río Grande
TX-009356,CLI-00357,2025-12-23,Aberturas,3,,Telefónico,Transferencia,Ushuaia
TX-009358,CLI-01204,2025-12-23,Maderas y tableros,4,147792.64,App,Tarjeta de débito,Ushuaia
TX-009359,CLI-01051,2025-12-23,Herramientas eléctricas,3,961832.28,Telefónico,Cuenta corriente,Río Grande
TX-009374,CLI-00503,2025-12-24,Herramientas eléctricas,1,187082.88,Web,Transferencia,RÍO GRANDE
TX-009375,CLI-00803,2025-12-24,Herramientas manuales,5,98838.86,Web,T. crédito,Ushuaia
TX-009373,CLI-01174,2025-12-24,Electricidad e iluminación,15,633370.14,Web,Cuenta corriente,Río Grande
TX-009372,CLI-00776,2025-12-24,Plomería y caños,6,64994.73,App,Efectivo en sucursal,Río Grande
TX-009371,CLI-01331,2025-12-24,Electricidad e iluminación,4,75300.88,App,Transferencia,Río Grande
TX-009370,CLI-00563,2025-12-24,Plomería y caños,9,180671.6,Web,Cuenta corriente,Río Grande
TX-009376,CLI-00947,2025-12-24,Herramientas manuales,1,23821.72,Web,Tarjeta de crédito,Río Grande
TX-009388,CLI-00248,2025-12-24,Ferretería general,14,104225.36,Web,Tarjeta de débito,Ushuaia
TX-009377,CLI-01174,2025-12-24,Pisos y cerámicos,3,208134.63,Web,Cuenta corriente,Río Grande
TX-009379,CLI-01265,2025-12-24,Electricidad e iluminación,42,1022421.28,App,Efectivo en sucursal,Tolhuin
TX-009390,CLI-00249,2025-12-24,Herramientas manuales,4,132631.73,App,Cuenta corriente,Río Grande
TX-009381,CLI-01137,2025-12-24,Herramientas manuales,4,255584.54,App,Cuenta corriente,Río Grande
TX-009382,CLI-00245,2025-12-24,Aberturas,6,1211213.89,Web,Transferencia,Río Grande
TX-009380,CLI-00665,2025-12-24,Ferretería general,3,12078.06,Web,Transferencia,Ushuaia
TX-009384,CLI-00956,2025-12-24,Herramientas manuales,5,93372.87,Telefónico,Tarjeta de crédito,Ushuaia
TX-009385,CLI-00274,2025-12-24,Sanitarios y grifería,1,143927.19,Web,Cuenta corriente,Rio Grande
TX-009386,CLI-00441,2025-12-24,Plomería y caños,2,25969.84,Web,Transferencia,Ushuaia
TX-009387,CLI-00248,2025-12-24,Cemento y áridos,13,127584.7,Web,T. débito,Ushuaia
TX-009383,CLI-01178,2025-12-24,Herramientas manuales,1,29196.51,Web,Tarjeta de crédito,Río Grande
TX-009415,CLI-01265,2025-12-25,Electricidad e iluminación,14,431783.78,App,Cuenta corriente,Tolhuin
TX-009421,CLI-00959,2025-12-25,Cemento y áridos,14,208056.3,Web,Cuenta corriente,Ushuaia 
TX-009420,CLI-00990,2025-12-25,Seguridad e indumentaria,5,426222.83,App,Tarjeta de crédito,Ushuaia
TX-009419,CLI-01270,2025-12-25,Plomería y caños,4,44289.61,Web,Tarjeta de crédito,ushuaia
TX-009418,CLI-00012,2025-12-25,Pinturas y revestimientos,2,34088.88,Web,Tarjeta de débito,Río Grande
TX-009416,CLI-00708,2025-12-25,Ferretería general,5,42995.43,App,Transferencia,Río Grande
TX-009414,CLI-00142,2025-12-25,Sanitarios y grifería,2,159837.38,Web,Tarjeta de débito,Río Grande
TX-009410,CLI-00568,2025-12-25,Seguridad e indumentaria,7,368567.03,Web,Cuenta corriente,Río Grande
TX-009412,CLI-00128,2025-12-25,Maderas y tableros,5,206399.64,App,Cuenta corriente,Río Grande
TX-009391,CLI-01002,2025-12-25,Maderas y tableros,9,451405.02,App,Tarjeta de crédito,Río Grande
TX-009392,CLI-00067,2025-12-25,Ferretería general,6,32109.62,Web,Efectivo en sucursal,Río Grande
TX-009393,CLI-01059,2025-12-25,Seguridad e indumentaria,5,647334.53,App,Transferencia,Ushuaia
TX-009394,CLI-00376,2025-12-25,Plomería y caños,11,163951.35,Telefónico,Cuenta corriente,Ushuaia
TX-009395,CLI-00546,2025-12-25,Maderas y tableros,15,425459.15,Web,Cuenta corriente,Rio Grande
TX-009413,CLI-00772,2025-12-25,Ferretería general,9,54089.07,Web,Transferencia,Río Grande
TX-009397,CLI-01008,2025-12-25,Plomería y caños,18,239023.09,Web,Tarjeta de crédito,Ushuaia
TX-009398,CLI-00134,2025-12-25,Herramientas manuales,5,1231565.71,Web,transf.,USHUAIA
TX-009401,CLI-01055,2025-12-25,Ferretería general,5,22952.6,App,Tarjeta de débito,Ushuaia
TX-009396,CLI-01307,2025-12-25,Pisos y cerámicos,5,83376.83,Web,Tarjeta de débito,Ushuaia
TX-009404,CLI-00806,2025-12-25,Pisos y cerámicos,35,1823772.33,Telefónico,Cuenta corriente,Río Grande
TX-009405,CLI-00759,2025-12-25,Sanitarios y grifería,7,865601.52,Telefónico,Cuenta corriente,Ushuaia
TX-009406,CLI-00245,2025-12-25,Plomería y caños,5,52969.69,App,Tarjeta de crédito,Río Grande
TX-009407,CLI-00773,2025-12-25,Pinturas y revestimientos,1,37894.19,Web,Tarjeta de crédito,RÍO GRANDE
TX-009408,CLI-01119,2025-12-25,Cemento y áridos,29,1054875.24,Telefónico,Cuenta corriente,Ushuaia
TX-009409,CLI-00386,2025-12-25,Herramientas manuales,9,444534.19,Telefónico,Cuenta corriente,Río Grande
TX-009411,CLI-00026,2025-12-25,Sanitarios y grifería,13,613829.86,Web,Transferencia,Río Grande
TX-009402,CLI-00813,2025-12-25,Electricidad e iluminación,7,227714.65,Telefónico,Transferencia,Río Grande
TX-009445,CLI-00585,2025-12-26,Aberturas,2,290254.75,Web,Tarjeta de crédito,Ushuaia
TX-009455,CLI-00038,2025-12-26,Maderas y tableros,9,225575.42,App,Tarjeta de crédito,Río Grande
TX-009454,CLI-01017,2025-12-26,Ferretería general,4,55757.88,App,Efectivo en sucursal,Río Grande
TX-009452,CLI-00696,2025-12-26,Pisos y cerámicos,26,392260.8,App,Tarjeta de crédito,río grande
TX-009451,CLI-00099,2025-12-26,Herramientas eléctricas,1,245049.0,Telefónico,Efectivo en sucursal,Ushuaia
TX-009449,CLI-00719,2025-12-26,Ferretería general,4,31534.24,Web,Cuenta corriente,Ushuaia
TX-009446,CLI-01131,2025-12-26,Electricidad e iluminación,7,62314.7,Web,Tarjeta de crédito,Río Grande
TX-009444,CLI-01216,2025-12-26,Cemento y áridos,10,146036.26,Web,Tarjeta de débito,Ushuaia
TX-009432,CLI-00568,2025-12-26,Seguridad e indumentaria,2,142501.88,App,Transferencia,Rio Grande
TX-009442,CLI-01174,2025-12-26,Plomería y caños,7,193169.14,Telefónico,Cuenta corriente,Río Grande
TX-009426,CLI-01258,2025-12-26,Ferretería general,2,14638.98,Web,Transferencia,Río Grande
TX-009427,CLI-00734,2025-12-26,Ferretería general,30,65990.37,App,Tarjeta de crédito,Río Grande
TX-009428,CLI-01137,2025-12-26,Pinturas y revestimientos,3,249798.86,App,Cuenta corriente,río grande
TX-009430,CLI-00588,2025-12-26,Seguridad e indumentaria,5,214958.41,Web,Tarjeta de crédito,Ushuaia
TX-009423,CLI-00313,2025-12-26,Cemento y áridos,14,167733.17,Web,Tarjeta de crédito,Tolhuin
TX-009433,CLI-01165,2025-12-26,Electricidad e iluminación,2,41908.74,Web,Cuenta corriente,Ushuaia
TX-009434,CLI-00633,2025-12-26,Ferretería general,8,31524.19,App,Tarjeta de crédito,Río Grande
TX-009435,CLI-00772,2025-12-26,Maderas y tableros,26,1136103.41,Telefónico,Cuenta corriente,Río Grande
TX-009422,CLI-00535,2025-12-26,Seguridad e indumentaria,3,170171.08,Telefónico,Tarjeta de débito,Ushuaia
TX-009443,CLI-01014,2025-12-26,Seguridad e indumentaria,4,236742.72,Telefónico,Cuenta corriente,Río Grande
TX-009425,CLI-00199,2025-12-26,Cemento y áridos,48,1471017.28,App,Cuenta corriente,río grande
TX-009424,CLI-00444,2025-12-26,Aberturas,9,2763028.96,Telefónico,Transferencia,Ushuaia
TX-009441,CLI-01017,2025-12-26,Aberturas,3,1393531.68,Telefónico,Cuenta corriente,Río Grande
TX-009440,CLI-00538,2025-12-26,Plomería y caños,19,162956.66,Web,T. débito,Ushuaia
TX-009439,CLI-00290,2025-12-26,Seguridad e indumentaria,5,305333.02,Telefónico,Cuenta corriente,Río Grande
TX-009438,CLI-00288,2025-12-26,Plomería y caños,2,20731.75,App,Tarjeta de débito,Río Grande
TX-009437,CLI-00509,2025-12-26,Pinturas y revestimientos,2,64031.28,Web,Transferencia,Río Grande
TX-009436,CLI-01029,2025-12-26,Plomería y caños,3,31011.95,Telefónico,Tarjeta de débito,río grande
TX-009462,CLI-00119,2025-12-27,Electricidad e iluminación,5,91839.01,Web,Transferencia,Tolhuin
TX-009461,CLI-00119,2025-12-27,Pisos y cerámicos,6,138754.76,App,Tarjeta de débito,Tolhuin
TX-009456,CLI-00252,2025-12-27,Herramientas manuales,5,87625.52,App,Transferencia,Río Grande
TX-009458,CLI-00194,2025-12-27,Maderas y tableros,8,426664.74,App,Tarjeta de crédito,Río Grande
TX-009459,CLI-00283,2025-12-27,Ferretería general,9,35702.74,Web,transf.,Ushuaia
TX-009467,CLI-00600,2025-12-27,Ferretería general,6,21563.28,App,Transferencia,Río Grande
TX-009465,CLI-00127,2025-12-27,Plomería y caños,4,31597.88,App,Tarjeta de débito,Ushuaia
TX-009464,CLI-00872,2025-12-27,Herramientas manuales,3,126877.4,Telefónico,Transferencia,Río Grande
TX-009460,CLI-00134,2025-12-27,Ferretería general,10,68751.04,Web,Tarjeta de crédito,Ushuaia
TX-009457,CLI-00458,2025-12-27,Plomería y caños,4,22441.44,Web,Tarjeta de débito,Río Grande
TX-009463,CLI-00509,2025-12-27,Ferretería general,2,10127.64,App,Tarjeta de crédito,Río Grande
TX-009468,CLI-00258,2025-12-28,Herramientas manuales,6,123333.65,Web,Cuenta corriente,ushuaia
TX-009469,CLI-01146,2025-12-28,Plomería y caños,9,149681.58,App,Transferencia,Río Grande
TX-009498,CLI-00266,2025-12-29,Cemento y áridos,8,104431.22,Web,Tarjeta de débito,Ushuaia
TX-009497,CLI-00836,2025-12-29,Electricidad e iluminación,2,52163.79,Web,Transferencia,Ushuaia
TX-009495,CLI-00358,2025-12-29,Pinturas y revestimientos,2,78799.56,App,Cuenta corriente,ushuaia
TX-009494,CLI-00813,2025-12-29,Pinturas y revestimientos,10,866952.71,Telefónico,Cuenta corriente,Río Grande
TX-009493,CLI-00813,2025-12-29,Herramientas manuales,17,1376105.39,App,Tarjeta de crédito,Río Grande
TX-009496,CLI-00560,2025-12-29,Cemento y áridos,115,1670060.91,App,Tarjeta de débito,Río Grande
TX-009491,CLI-00450,2025-12-29,Herramientas manuales,1,30866.12,App,Cuenta corriente,ushuaia
TX-009492,CLI-00273,2025-12-29,Ferretería general,7,56663.32,App,Cuenta corriente,Rio Grande
TX-009484,CLI-00932,2025-12-29,Pisos y cerámicos,9,244619.5,App,Cuenta corriente,Río Grande
TX-009483,CLI-00382,2025-12-29,Ferretería general,1,4538.09,Web,Tarjeta de débito,Río Grande
TX-009482,CLI-00635,2025-12-29,Sanitarios y grifería,2,89925.66,Web,Transferencia,Ushuaia
TX-009481,CLI-00613,2025-12-29,Cemento y áridos,18,606886.85,Telefónico,Cuenta corriente,Ushuaia
TX-009477,CLI-00681,2025-12-29,Sanitarios y grifería,2,105883.84,Web,Transferencia,Río Grande
TX-009476,CLI-00194,2025-12-29,Ferretería general,15,,Telefónico,Tarjeta de crédito,río grande
TX-009485,CLI-01013,2025-12-29,Pisos y cerámicos,8,515967.43,Web,Cuenta corriente,Ushuaia
TX-009475,CLI-01258,2025-12-29,Ferretería general,2,10429.75,App,Tarjeta de débito,Río Grande
TX-009474,CLI-00226,2025-12-29,Ferretería general,3,14567.19,App,Transferencia,Río Grande
TX-009473,CLI-00356,2025-12-29,Pinturas y revestimientos,3,169889.31,App,Cuenta corriente,río grande
TX-009470,CLI-01299,2025-12-29,Maderas y tableros,22,1180973.32,App,Transferencia,Río Grande
TX-009486,CLI-00274,2025-12-29,Cemento y áridos,37,1515511.36,App,Cuenta corriente,Río Grande
TX-009487,CLI-01146,2025-12-29,Sanitarios y grifería,2,225861.39,Web,Transferencia,Río Grande
TX-009488,CLI-00284,2025-12-29,Maderas y tableros,2,42267.37,Web,Tarjeta de crédito,Río Grande
TX-009489,CLI-00140,2025-12-29,Electricidad e iluminación,5,64076.85,Web,Transferencia,Río Grande
TX-009490,CLI-01170,2025-12-29,Electricidad e iluminación,6,142497.75,App,Transferencia,Tolhuin
TX-009516,CLI-00750,2025-12-30,Electricidad e iluminación,3,53943.97,Telefónico,Efectivo en sucursal,Ushuaia
TX-009515,CLI-00290,2025-12-30,Pinturas y revestimientos,2,97427.16,Web,Transferencia,Río Grande
TX-009504,CLI-01174,2025-12-30,Seguridad e indumentaria,5,597581.15,Telefónico,Cuenta corriente,Río Grande
TX-009513,CLI-00496,2025-12-30,Maderas y tableros,2,44501.08,App,,Río Grande
TX-009514,CLI-01322,2025-12-30,Herramientas manuales,5,83069.44,App,Efectivo en sucursal,Río Grande
TX-009499,CLI-00344,2025-12-30,Maderas y tableros,12,419480.32,Telefónico,Tarjeta de crédito,Río Grande
TX-009500,CLI-01029,2025-12-30,Herramientas manuales,1,22294.58,Web,Transferencia,RÍO GRANDE
TX-009503,CLI-00051,2025-12-30,Pisos y cerámicos,17,643504.69,Telefónico,Transferencia,Ushuaia
TX-009505,CLI-00231,2025-12-30,Cemento y áridos,7,94737.91,Web,T. crédito,Ushuaia
TX-009501,CLI-00161,2025-12-30,Pinturas y revestimientos,2,58368.48,Web,Transferencia,Ushuaia
TX-009507,CLI-01284,2025-12-30,Sanitarios y grifería,1,71557.81,Web,Tarjeta de débito,Ushuaia
TX-009508,CLI-01053,2025-12-30,Cemento y áridos,10,230807.28,Telefónico,Tarjeta de crédito,Río Grande
TX-009509,CLI-00280,2025-12-30,Electricidad e iluminación,11,126508.27,App,Transferencia,Río Grande
TX-009512,CLI-01038,2025-12-30,Ferretería general,14,65433.77,App,Tarjeta de débito,Río Grande
TX-009510,CLI-00503,2025-12-30,Herramientas manuales,3,64868.85,App,Tarjeta de débito,Río Grande
TX-009506,CLI-00862,2025-12-30,Electricidad e iluminación,4,106131.06,App,Tarjeta de débito,Ushuaia
TX-009542,CLI-01119,2025-12-31,Electricidad e iluminación,4,189906.37,App,Cuenta corriente,Ushuaia
TX-009550,CLI-01055,2025-12-31,Ferretería general,18,60900.19,Web,Tarjeta de crédito,Ushuaia
TX-009547,CLI-00841,2025-12-31,Plomería y caños,4,68853.8,Telefónico,Cuenta corriente,Ushuaia
TX-009546,CLI-00737,2025-12-31,Herramientas manuales,3,38360.66,App,Tarjeta de crédito,Río Grande
TX-009544,CLI-00500,2025-12-31,Plomería y caños,6,82436.3,Telefónico,Cuenta corriente,ushuaia
TX-009543,CLI-00274,2025-12-31,Maderas y tableros,4,264565.64,App,Cuenta corriente,Río Grande
TX-009541,CLI-00068,2025-12-31,Herramientas eléctricas,3,1547714.83,Web,Tarjeta de crédito,Rio Grande
TX-009545,CLI-00733,2025-12-31,Ferretería general,2,19798.48,Telefónico,Cuenta corriente,río grande
TX-009538,CLI-00357,2025-12-31,Sanitarios y grifería,3,409411.51,Telefónico,Transferencia,Ushuaia
TX-009517,CLI-01260,2025-12-31,Ferretería general,2,6854.73,Web,Transferencia,río grande
TX-009518,CLI-01170,2025-12-31,Maderas y tableros,9,,Telefónico,Cuenta corriente,Tolhuin
TX-009519,CLI-00292,2025-12-31,Electricidad e iluminación,5,112683.08,Web,Transferencia,Ushuaia
TX-009521,CLI-01017,2025-12-31,Aberturas,6,2940454.31,Telefónico,Cuenta corriente,Río Grande
TX-009540,CLI-01120,2025-12-31,Cemento y áridos,11,140811.12,Web,Tarjeta de débito,Río Grande
TX-009523,CLI-00990,2025-12-31,Electricidad e iluminación,8,190252.34,Telefónico,Cuenta corriente,Ushuaia
TX-009524,CLI-00258,2025-12-31,Ferretería general,30,185202.36,Web,Transferencia,Ushuaia
TX-009525,CLI-00112,2025-12-31,Ferretería general,3,42354.22,App,Cuenta corriente,Rio Grande
TX-009526,CLI-00358,2025-12-31,Cemento y áridos,9,244400.8,App,Tarjeta de crédito,Ushuaia
TX-009522,CLI-01046,2025-12-31,Electricidad e iluminación,41,1360591.57,Telefónico,Cuenta corriente,Río Grande
TX-009529,CLI-00218,2025-12-31,Pisos y cerámicos,30,-1189851.3,Telefónico,Cuenta corriente,Rio Grande
TX-009531,CLI-00028,2025-12-31,Pisos y cerámicos,7,265811.51,Web,Transferencia,Ushuaia
TX-009532,CLI-00750,2025-12-31,Seguridad e indumentaria,4,160070.35,Web,Cuenta corriente,Ushuaia
TX-009533,CLI-00078,2025-12-31,Plomería y caños,5,,Telefónico,Cuenta corriente,Ushuaia 
TX-009534,CLI-01050,2025-12-31,Herramientas manuales,5,111386.3,App,Efectivo en sucursal,Río Grande
TX-009535,CLI-00162,2025-12-31,Seguridad e indumentaria,7,573730.13,App,Tarjeta de crédito,Río Grande
TX-009536,CLI-00111,2025-12-31,Cemento y áridos,29,332984.23,Web,Tarjeta de débito,Río Grande
TX-009537,CLI-00468,2025-12-31,Electricidad e iluminación,6,158037.38,Web,Cuenta corriente,Ushuaia
TX-009528,CLI-00199,2025-12-31,Herramientas manuales,3,114595.88,Telefónico,Cuenta corriente,Río Grande
TX-009578,CLI-00147,2026-01-01,Pisos y cerámicos,13,220946.63,Web,Tarjeta de crédito,Río Grande
TX-009579,CLI-01013,2026-01-01,Plomería y caños,13,418613.51,Telefónico,Cuenta corriente,Ushuaia
TX-009580,CLI-01269,2026-01-01,Ferretería general,4,28059.05,App,Transferencia,ushuaia
TX-009583,CLI-00281,2026-01-01,Ferretería general,8,63803.17,App,Transferencia,Ushuaia
TX-009588,CLI-00089,2026-01-01,Pisos y cerámicos,9,165800.09,Web,Cuenta corriente,Río Grande
TX-009586,CLI-00813,2026-01-01,Pisos y cerámicos,5,295400.81,Web,Cuenta corriente,Río Grande
TX-009587,CLI-00805,2026-01-01,Ferretería general,9,56301.61,Web,Transferencia,Ushuaia
TX-009590,CLI-00248,2026-01-01,Plomería y caños,3,38908.72,Web,Tarjeta de crédito,USHUAIA
TX-009585,CLI-00420,2026-01-01,Ferretería general,2,10098.38,Web,Tarjeta de crédito,Ushuaia
TX-009577,CLI-00416,2026-01-01,Ferretería general,8,42170.35,Web,Transferencia,Tolhuin
TX-009574,CLI-00152,2026-01-01,Herramientas eléctricas,2,446503.67,App,Tarjeta de débito,Tolhuin
TX-009575,CLI-00300,2026-01-01,Pinturas y revestimientos,3,248011.19,Web,Transferencia,Ushuaia
TX-009551,CLI-00621,2026-01-01,Cemento y áridos,20,455051.58,App,Tarjeta de crédito,Río Grande
TX-009552,CLI-00948,2026-01-01,Ferretería general,5,24081.59,App,Efectivo en sucursal,Río Grande
TX-009553,CLI-00289,2026-01-01,Herramientas eléctricas,2,713498.47,App,Tarjeta de crédito,Río Grande
TX-009554,CLI-01136,2026-01-01,Ferretería general,4,17210.52,App,Tarjeta de crédito,Río Grande
TX-009555,CLI-00794,2026-01-01,Pisos y cerámicos,15,295458.68,Web,Tarjeta de crédito,Río Grande
TX-009556,CLI-01137,2026-01-01,Cemento y áridos,7,189608.78,Telefónico,Cuenta corriente,Río Grande
TX-009557,CLI-00068,2026-01-01,Plomería y caños,15,362038.3,App,Cuenta corriente,Río Grande
TX-009558,CLI-01201,2026-01-01,Aberturas,3,508543.06,App,Tarjeta de crédito,río grande
TX-009560,CLI-00202,2026-01-01,Plomería y caños,29,444169.1,Telefónico,Cuenta corriente,Ushuaia
TX-009562,CLI-00633,2026-01-01,Electricidad e iluminación,7,103161.15,App,Tarjeta de crédito,Río Grande
TX-009576,CLI-00274,2026-01-01,Maderas y tableros,9,804211.19,Telefónico,Efectivo en sucursal,Río Grande
TX-009561,CLI-00612,2026-01-01,Pinturas y revestimientos,6,179658.5,App,Tarjeta de crédito,Río Grande
TX-009573,CLI-00806,2026-01-01,Electricidad e iluminación,1,42827.83,App,Cuenta corriente,río grande
TX-009572,CLI-01029,2026-01-01,Electricidad e iluminación,2,24198.38,Web,Tarjeta de débito,río grande
TX-009571,CLI-00665,2026-01-01,Maderas y tableros,3,84475.11,Web,Transferencia,ushuaia
TX-009570,CLI-00691,2026-01-01,Ferretería general,24,205340.86,Telefónico,Tarjeta de crédito,Ushuaia
TX-009569,CLI-01199,2026-01-01,Herramientas manuales,12,541049.08,Web,Cuenta corriente,RÍO GRANDE
TX-009567,CLI-00990,2026-01-01,Ferretería general,3,26288.03,Telefónico,Cuenta corriente,Ushuaia
TX-009565,CLI-00850,2026-01-01,Plomería y caños,14,213250.03,Web,Cuenta corriente,Río Grande
TX-009564,CLI-01199,2026-01-01,Pisos y cerámicos,9,266874.09,App,Transferencia,Río Grande
TX-009563,CLI-00100,2026-01-01,Electricidad e iluminación,6,136519.36,Telefónico,Transferencia,Ushuaia
TX-009596,CLI-00274,2026-01-02,Pinturas y revestimientos,3,282513.94,Telefónico,Cuenta corriente,Río Grande
TX-009591,CLI-00294,2026-01-02,Electricidad e iluminación,3,43054.01,Web,Transferencia,Río Grande
TX-009595,CLI-00888,2026-01-02,Herramientas manuales,16,309000.88,Web,Tarjeta de crédito,Tolhuin
TX-009612,CLI-00417,2026-01-02,Pinturas y revestimientos,4,112256.54,App,Transferencia,Río Grande
TX-009609,CLI-00806,2026-01-02,Pinturas y revestimientos,10,703132.63,Telefónico,Cuenta corriente,Río Grande
TX-009608,CLI-00691,2026-01-02,Cemento y áridos,5,88486.96,Telefónico,Tarjeta de crédito,Ushuaia
TX-009597,CLI-00470,2026-01-02,Pinturas y revestimientos,3,90176.31,App,Tarjeta de débito,Ushuaia
TX-009610,CLI-00938,2026-01-02,Ferretería general,4,,Web,Tarjeta de crédito,Río Grande
TX-009599,CLI-00585,2026-01-02,Maderas y tableros,12,306801.1,Web,Tarjeta de débito,Ushuaia
TX-009600,CLI-00408,2026-01-02,Electricidad e iluminación,2,33669.85,Web,Tarjeta de crédito,Tolhuin
TX-009602,CLI-00895,2026-01-02,Herramientas manuales,6,90761.04,App,Tarjeta de débito,Ushuaia
TX-009603,CLI-00386,2026-01-02,Cemento y áridos,94,2450157.93,App,Cuenta corriente,Río Grande
TX-009604,CLI-01074,2026-01-02,Ferretería general,11,65496.68,App,Transferencia,Río Grande
TX-009592,CLI-01201,2026-01-02,Pinturas y revestimientos,3,97433.57,Web,Tarjeta de débito,Río Grande
TX-009611,CLI-00849,2026-01-02,Maderas y tableros,2,36313.35,Web,Transferencia,RÍO GRANDE
TX-009606,CLI-01170,2026-01-02,Maderas y tableros,3,155533.74,Telefónico,Cuenta corriente,Tolhuin
TX-009605,CLI-00627,2026-01-02,Cemento y áridos,12,238448.86,App,Cuenta corriente,Ushuaia
TX-009613,CLI-00813,2026-01-03,Seguridad e indumentaria,2,271880.0,Web,Tarjeta de crédito,Rio Grande
TX-009620,CLI-00224,2026-01-03,Maderas y tableros,12,269618.36,Web,Tarjeta de débito,RÍO GRANDE
TX-009619,CLI-01276,2026-01-03,Ferretería general,3,15268.63,App,Tarjeta de crédito,Ushuaia
TX-009617,CLI-00216,2026-01-03,Sanitarios y grifería,3,163146.74,Web,T. crédito,TOLHUIN
TX-009616,CLI-00218,2026-01-03,Maderas y tableros,4,184779.57,App,Cuenta corriente,Río Grande
TX-009614,CLI-00806,2026-01-03,Pisos y cerámicos,21,1148765.19,App,Efectivo en sucursal,Río Grande
TX-009621,CLI-01116,2026-01-03,Plomería y caños,6,76852.81,Web,Tarjeta de crédito,Ushuaia
TX-009615,CLI-01207,2026-01-03,Cemento y áridos,46,1186553.85,App,Transferencia,Ushuaia
TX-009624,CLI-00523,2026-01-04,Herramientas manuales,7,471199.34,App,Tarjeta de débito,Río Grande
TX-009627,CLI-00158,2026-01-04,Herramientas eléctricas,3,366351.17,Telefónico,Tarjeta de crédito,Río Grande
TX-009629,CLI-00815,2026-01-04,Maderas y tableros,2,47783.05,App,Tarjeta de débito,Ushuaia
TX-009626,CLI-00787,2026-01-04,Aberturas,2,375960.64,Web,Tarjeta de débito,Ushuaia
TX-009622,CLI-01017,2026-01-04,Electricidad e iluminación,10,384516.14,App,Cuenta corriente,río grande
TX-009638,CLI-01336,2026-01-05,Seguridad e indumentaria,1,32669.89,Web,Transferencia,Ushuaia
TX-009637,CLI-01006,2026-01-05,Pinturas y revestimientos,14,688781.98,Web,Tarjeta de débito,Río Grande
TX-009636,CLI-00119,2026-01-05,Aberturas,3,462898.89,App,Tarjeta de débito,Tolhuin
TX-009635,CLI-00322,2026-01-05,Maderas y tableros,5,181023.44,Web,Cuenta corriente,Río Grande
TX-009634,CLI-00733,2026-01-05,Herramientas manuales,3,104555.94,Telefónico,Cuenta corriente,Río Grande
TX-009633,CLI-00051,2026-01-05,Ferretería general,35,397365.7,App,Cuenta corriente,Ushuaia
TX-009631,CLI-00813,2026-01-05,Pisos y cerámicos,3,229468.74,Telefónico,Cuenta corriente,Río Grande
TX-009630,CLI-00313,2026-01-05,Herramientas manuales,1,18003.83,Web,Tarjeta de débito,Tolhuin
TX-009639,CLI-00868,2026-01-05,Seguridad e indumentaria,1,28141.01,Web,Transferencia,Ushuaia
TX-009651,CLI-00841,2026-01-05,Cemento y áridos,21,5477968.24,App,Cuenta corriente,Ushuaia
TX-009640,CLI-00734,2026-01-05,Sanitarios y grifería,2,114828.12,App,Tarjeta de crédito,Río Grande
TX-009642,CLI-00862,2026-01-05,Electricidad e iluminación,16,493950.84,App,Tarjeta de crédito,Ushuaia
TX-009643,CLI-00956,2026-01-05,Pisos y cerámicos,9,233893.0,Web,Tarjeta de crédito,USHUAIA
TX-009652,CLI-00645,2026-01-05,Herramientas manuales,4,50162.56,Web,Tarjeta de crédito,Ushuaia
TX-009645,CLI-00947,2026-01-05,Pinturas y revestimientos,1,28149.6,Web,Tarjeta de crédito,Río Grande
TX-009644,CLI-01170,2026-01-05,Aberturas,4,1107728.58,Telefónico,Tarjeta de crédito,tolhuin
TX-009647,CLI-00990,2026-01-05,Cemento y áridos,25,444123.79,Telefónico,Cuenta corriente,Ushuaia
TX-009648,CLI-01021,2026-01-05,Herramientas manuales,12,196574.07,Web,Transferencia,Rio Grande
TX-009649,CLI-00515,2026-01-05,Cemento y áridos,109,2716672.03,Web,Transferencia,Rio Grande
TX-009650,CLI-00696,2026-01-05,Plomería y caños,6,42208.57,Web,Tarjeta de débito,Río Grande
TX-009646,CLI-00708,2026-01-05,Herramientas manuales,6,199131.83,App,Transferencia,Río Grande
TX-009674,CLI-00411,2026-01-06,Herramientas manuales,1,23105.04,Web,Efectivo en sucursal,RÍO GRANDE
TX-009680,CLI-01269,2026-01-06,Aberturas,1,289452.08,App,Cuenta corriente,Ushuaia
TX-009679,CLI-00281,2026-01-06,Seguridad e indumentaria,4,301108.32,App,Cuenta corriente,Ushuaia
TX-009677,CLI-00016,2026-01-06,Electricidad e iluminación,2,39660.47,Web,Tarjeta de crédito,Río Grande
TX-009676,CLI-00300,2026-01-06,Cemento y áridos,21,638508.09,Telefónico,Cuenta corriente,Ushuaia 
TX-009673,CLI-00872,2026-01-06,Pisos y cerámicos,55,1848340.89,Telefónico,Cuenta corriente,Río Grande
TX-009670,CLI-00943,2026-01-06,Aberturas,2,235223.48,Web,Tarjeta de crédito,Ushuaia
TX-009671,CLI-00036,2026-01-06,Ferretería general,2,9326.7,App,Tarjeta de crédito,Río Grande
TX-009653,CLI-00194,2026-01-06,Electricidad e iluminación,8,282730.84,Telefónico,Cuenta corriente,Río Grande
TX-009654,CLI-00546,2026-01-06,Pinturas y revestimientos,5,272122.45,Telefónico,Cuenta corriente,Río Grande
TX-009655,CLI-00776,2026-01-06,Sanitarios y grifería,4,329137.69,App,Transferencia,Río Grande
TX-009656,CLI-00216,2026-01-06,Cemento y áridos,26,441170.37,Web,Transferencia,Tolhuin
TX-009672,CLI-01201,2026-01-06,Pinturas y revestimientos,2,63798.68,Web,Tarjeta de débito,Rio Grande
TX-009658,CLI-00266,2026-01-06,Herramientas eléctricas,1,154538.38,Web,Tarjeta de crédito,Ushuaia
TX-009659,CLI-01149,2026-01-06,Plomería y caños,6,77094.93,Web,Tarjeta de débito,Ushuaia
TX-009660,CLI-00743,2026-01-06,Ferretería general,1,3878.87,Web,,Río Grande
TX-009657,CLI-00078,2026-01-06,Ferretería general,8,78580.38,Telefónico,Cuenta corriente,Ushuaia
TX-009662,CLI-00803,2026-01-06,Electricidad e iluminación,5,78754.35,App,Tarjeta de crédito,Ushuaia
TX-009665,CLI-00586,2026-01-06,Sanitarios y grifería,3,116021.66,Web,Tarjeta de débito,Río Grande
TX-009666,CLI-00254,2026-01-06,Herramientas manuales,3,81132.99,Web,Tarjeta de crédito,Río Grande
TX-009667,CLI-00068,2026-01-06,Maderas y tableros,9,621966.49,Telefónico,Transferencia,Río Grande
TX-009668,CLI-00948,2026-01-06,Electricidad e iluminación,2,37049.58,Web,Tarjeta de débito,Rio Grande
TX-009669,CLI-01064,2026-01-06,Ferretería general,12,85671.52,Web,,Río Grande
TX-009661,CLI-00066,2026-01-06,Sanitarios y grifería,5,464416.19,Telefónico,Cuenta corriente,Río Grande
TX-009708,CLI-00344,2026-01-07,Ferretería general,2,17591.8,App,Transferencia,Río Grande
TX-009716,CLI-00041,2026-01-07,Sanitarios y grifería,2,144754.58,App,Transferencia,Tolhuin 
TX-009714,CLI-00889,2026-01-07,Electricidad e iluminación,3,41279.38,App,Tarjeta de débito,Ushuaia
TX-009712,CLI-00681,2026-01-07,Ferretería general,1,5402.02,App,Tarjeta de débito,Río Grande
TX-009711,CLI-00162,2026-01-07,Ferretería general,5,55640.45,App,Cuenta corriente,Río Grande
TX-009710,CLI-01137,2026-01-07,Seguridad e indumentaria,3,347532.97,Web,Cuenta corriente,Río Grande
TX-009709,CLI-01252,2026-01-07,Electricidad e iluminación,1,9885.15,Web,Transferencia,Río Grande
TX-009707,CLI-00322,2026-01-07,Aberturas,4,938517.14,App,Tarjeta de crédito,Río Grande
TX-009683,CLI-00009,2026-01-07,Ferretería general,5,49373.71,Telefónico,Transferencia,Tolhuin
TX-009705,CLI-00135,2026-01-07,Herramientas manuales,5,106907.89,App,Transferencia,Río Grande
TX-009682,CLI-00804,2026-01-07,Electricidad e iluminación,2,26915.14,Web,Transferencia,Río Grande
TX-009684,CLI-01339,2026-01-07,Herramientas manuales,1,18227.91,Web,Tarjeta de crédito,Ushuaia
TX-009686,CLI-00803,2026-01-07,Ferretería general,4,28243.24,Web,Transferencia,ushuaia
TX-009687,CLI-00496,2026-01-07,Aberturas,3,442521.65,Web,Tarjeta de crédito,Río Grande
TX-009688,CLI-00701,2026-01-07,Electricidad e iluminación,9,368926.05,Telefónico,Transferencia,Río Grande
TX-009689,CLI-00030,2026-01-07,Ferretería general,2,7571.35,Web,Tarjeta de crédito,Ushuaia
TX-009690,CLI-00152,2026-01-07,Aberturas,1,127180.79,Web,Transferencia,Tolhuin
TX-009692,CLI-00333,2026-01-07,Herramientas manuales,2,33257.14,Web,Tarjeta de crédito,ushuaia
TX-009694,CLI-01193,2026-01-07,Plomería y caños,4,55355.36,Web,Tarjeta de débito,Río Grande
TX-009695,CLI-00129,2026-01-07,Plomería y caños,6,93051.85,App,Cuenta corriente,Ushuaia
TX-009696,CLI-01170,2026-01-07,Plomería y caños,13,165018.59,Web,Cuenta corriente,Tolhuin
TX-009697,CLI-00523,2026-01-07,Electricidad e iluminación,2,54941.28,Telefónico,Cuenta corriente,Río Grande
TX-009698,CLI-01084,2026-01-07,Sanitarios y grifería,17,2141228.29,Web,Cuenta corriente,Ushuaia
TX-009699,CLI-00644,2026-01-07,Pinturas y revestimientos,7,161422.92,Web,Transferencia,USHUAIA
TX-009700,CLI-00040,2026-01-07,Plomería y caños,7,135035.73,Telefónico,Transferencia,Ushuaia
TX-009701,CLI-00274,2026-01-07,Pisos y cerámicos,20,1150318.83,App,Cuenta corriente,Río Grande
TX-009703,CLI-00162,2026-01-07,Herramientas manuales,11,300369.91,App,Cuenta corriente,Río Grande
TX-009706,CLI-00498,2026-01-07,Seguridad e indumentaria,3,99251.43,App,Efectivo en sucursal,Río Grande
TX-009740,CLI-00226,2026-01-08,Plomería y caños,13,128058.53,Web,Transferencia,Río Grande
TX-009727,CLI-01092,2026-01-08,Herramientas eléctricas,2,817993.65,App,Transferencia,RÍO GRANDE
TX-009733,CLI-01239,2026-01-08,Aberturas,3,841483.32,App,Cuenta corriente,Río Grande
TX-009731,CLI-00101,2026-01-08,Herramientas manuales,2,43331.96,Web,Tarjeta de débito,Río Grande
TX-009730,CLI-01181,2026-01-08,Plomería y caños,2,21796.57,Web,Tarjeta de crédito,Río Grande
TX-009728,CLI-01011,2026-01-08,Ferretería general,3,15924.03,Web,Tarjeta de crédito,Ushuaia
TX-009725,CLI-00678,2026-01-08,Ferretería general,5,13279.72,Web,T. débito,Rio Grande
TX-009723,CLI-01204,2026-01-08,Maderas y tableros,6,118058.58,Web,Transferencia,Ushuaia
TX-009739,CLI-00781,2026-01-08,Maderas y tableros,3,55449.3,App,transf.,Ushuaia
TX-009721,CLI-00128,2026-01-08,Seguridad e indumentaria,6,351617.46,Telefónico,Transferencia,Río Grande
TX-009720,CLI-00404,2026-01-08,Maderas y tableros,4,90109.86,App,Tarjeta de crédito,Río Grande
TX-009719,CLI-00719,2026-01-08,Maderas y tableros,5,394602.53,App,Tarjeta de crédito,Ushuaia
TX-009718,CLI-00049,2026-01-08,Herramientas manuales,6,93971.47,App,Efectivo en sucursal,Río Grande
TX-009732,CLI-00535,2026-01-08,Herramientas manuales,22,765486.88,Telefónico,Cuenta corriente,Ushuaia
TX-009762,CLI-00503,2026-01-09,Seguridad e indumentaria,5,181260.73,Web,Tarjeta de crédito,Río Grande
TX-009761,CLI-00719,2026-01-09,Sanitarios y grifería,14,2532372.61,Web,Transferencia,Ushuaia
TX-009760,CLI-00099,2026-01-09,Cemento y áridos,50,722850.56,Web,Tarjeta de crédito,Ushuaia
TX-009742,CLI-00256,2026-01-09,Herramientas eléctricas,8,2501320.31,App,Cuenta corriente,Río Grande
TX-009758,CLI-00781,2026-01-09,Ferretería general,11,41230.16,Web,Tarjeta de débito,Ushuaia
TX-009757,CLI-00100,2026-01-09,Plomería y caños,7,124277.11,App,Cuenta corriente,Ushuaia
TX-009756,CLI-00730,2026-01-09,Sanitarios y grifería,15,1833674.77,Web,Tarjeta de crédito,río grande
TX-009755,CLI-01092,2026-01-09,Cemento y áridos,79,2105605.24,Web,Cuenta corriente,Río Grande
TX-009743,CLI-00205,2026-01-09,Cemento y áridos,19,221678.77,App,Tarjeta de débito,Ushuaia
TX-009744,CLI-00678,2026-01-09,Ferretería general,5,19911.29,Web,Tarjeta de crédito,Río Grande
TX-009746,CLI-01130,2026-01-09,Ferretería general,18,55653.08,Web,Transferencia,Tolhuin
TX-009747,CLI-00444,2026-01-09,Maderas y tableros,38,1344578.7,Telefónico,Cuenta corriente,Ushuaia
TX-009748,CLI-00218,2026-01-09,Electricidad e iluminación,2,69961.31,App,Cuenta corriente,Río Grande
TX-009749,CLI-01099,2026-01-09,Maderas y tableros,8,694716.49,App,Transferencia,Ushuaia
TX-009751,CLI-01121,2026-01-09,Seguridad e indumentaria,2,62888.56,Web,Tarjeta de débito,Río Grande
TX-009759,CLI-00344,2026-01-09,Sanitarios y grifería,8,900645.74,Telefónico,Cuenta corriente,Río Grande
TX-009754,CLI-00205,2026-01-09,Plomería y caños,2,20523.88,App,Tarjeta de crédito,Ushuaia
TX-009753,CLI-00152,2026-01-09,Plomería y caños,6,40493.14,Web,Tarjeta de crédito,Tolhuin
TX-009752,CLI-00551,2026-01-09,Ferretería general,8,87545.47,App,Transferencia,Ushuaia
TX-009773,CLI-00560,2026-01-10,Pinturas y revestimientos,3,163851.76,Web,Cuenta corriente,Río Grande
TX-009771,CLI-01172,2026-01-10,Sanitarios y grifería,4,219752.34,Web,Tarjeta de crédito,Río Grande
TX-009770,CLI-00338,2026-01-10,Plomería y caños,7,90927.59,App,Tarjeta de crédito,Río Grande
TX-009768,CLI-00868,2026-01-10,Plomería y caños,4,38957.63,Web,Transferencia,Ushuaia
TX-009767,CLI-00586,2026-01-10,Ferretería general,11,36789.74,Telefónico,Efectivo en sucursal,Río Grande
TX-009766,CLI-00301,2026-01-10,Herramientas manuales,2,27348.3,App,Tarjeta de débito,Río Grande
TX-009765,CLI-01265,2026-01-10,Electricidad e iluminación,11,249140.7,Telefónico,Cuenta corriente,Tolhuin
TX-009772,CLI-00990,2026-01-10,Cemento y áridos,19,447860.62,Web,Cuenta corriente,Ushuaia
TX-009764,CLI-00135,2026-01-10,Pinturas y revestimientos,1,17807.73,Web,Transferencia,Río Grande
TX-009780,CLI-01238,2026-01-11,Sanitarios y grifería,7,633564.69,Telefónico,Cuenta corriente,Ushuaia
TX-009775,CLI-00345,2026-01-11,Pisos y cerámicos,15,487368.35,Telefónico,Cuenta corriente,Río Grande
TX-009776,CLI-00390,2026-01-11,Seguridad e indumentaria,3,155666.02,Telefónico,Cuenta corriente,Ushuaia
TX-009778,CLI-00100,2026-01-11,Sanitarios y grifería,3,240539.61,Telefónico,,Ushuaia
TX-009779,CLI-01113,2026-01-11,Ferretería general,7,60576.36,Telefónico,Cuenta corriente,río grande
TX-009781,CLI-00068,2026-01-11,Cemento y áridos,29,824666.2,Telefónico,Transferencia,Río Grande
TX-009782,CLI-01084,2026-01-11,Electricidad e iluminación,7,257839.2,Telefónico,transf.,Ushuaia
TX-009792,CLI-00813,2026-01-12,Pisos y cerámicos,34,1910434.09,App,Transferencia,Río Grande
TX-009784,CLI-01077,2026-01-12,Ferretería general,5,27166.99,Telefónico,Tarjeta de crédito,Ushuaia
TX-009785,CLI-00468,2026-01-12,Cemento y áridos,29,719706.9,Telefónico,Transferencia,Ushuaia
TX-009791,CLI-01028,2026-01-12,Electricidad e iluminación,4,60527.06,Telefónico,Transferencia,Ushuaia
TX-009786,CLI-00163,2026-01-12,Pisos y cerámicos,26,885749.97,Telefónico,Tarjeta de débito,RÍO GRANDE
TX-009789,CLI-01197,2026-01-12,Electricidad e iluminación,6,114324.41,App,Transferencia,Río Grande
TX-009801,CLI-01037,2026-01-12,Maderas y tableros,6,,Telefónico,Cuenta corriente,Ushuaia
TX-009800,CLI-00140,2026-01-12,Pinturas y revestimientos,3,60959.42,Web,Tarjeta de débito,Río Grande
TX-009799,CLI-00051,2026-01-12,Cemento y áridos,5,112417.77,App,Cuenta corriente,Ushuaia
TX-009798,CLI-01113,2026-01-12,Cemento y áridos,14,411506.92,Telefónico,transf.,Río Grande
TX-009797,CLI-00214,2026-01-12,Electricidad e iluminación,7,95052.29,Web,Tarjeta de débito,Ushuaia
TX-009796,CLI-01300,2026-01-12,Plomería y caños,5,59911.92,App,Transferencia,Río Grande
TX-009795,CLI-00672,2026-01-12,Plomería y caños,2,16235.15,Web,,Tolhuin
TX-009793,CLI-00194,2026-01-12,Pinturas y revestimientos,2,169450.36,Telefónico,Transferencia,Río Grande
TX-009788,CLI-01099,2026-01-12,Electricidad e iluminación,3,136837.34,Web,Tarjeta de crédito,Ushuaia
TX-009827,CLI-00392,2026-01-13,Plomería y caños,6,80390.11,Telefónico,Cuenta corriente,Río Grande
TX-009829,CLI-00719,2026-01-13,Herramientas manuales,2,110277.49,Web,Cuenta corriente,Ushuaia
TX-009824,CLI-00356,2026-01-13,Plomería y caños,9,189354.56,Web,Cuenta corriente,Rio Grande
TX-009802,CLI-01178,2026-01-13,Sanitarios y grifería,3,211934.62,Web,transf.,Río Grande
TX-009821,CLI-01299,2026-01-13,Seguridad e indumentaria,5,442268.6,Telefónico,Transferencia,Río Grande
TX-009813,CLI-00260,2026-01-13,Herramientas manuales,7,177488.76,App,Tarjeta de débito,Río Grande
TX-009811,CLI-01195,2026-01-13,Pinturas y revestimientos,5,155261.84,Web,Tarjeta de crédito,Río Grande
TX-009810,CLI-00051,2026-01-13,Herramientas manuales,27,925267.62,Telefónico,Cuenta corriente,Ushuaia
TX-009809,CLI-00142,2026-01-13,Aberturas,6,1619560.98,App,Cuenta corriente,Río Grande
TX-009808,CLI-00051,2026-01-13,Cemento y áridos,8,181703.75,App,Cuenta corriente,Ushuaia
TX-009807,CLI-00538,2026-01-13,Cemento y áridos,6,-98239.93,App,Transferencia,Ushuaia
TX-009806,CLI-00811,2026-01-13,Pinturas y revestimientos,3,143162.39,App,Tarjeta de débito,Ushuaia
TX-009805,CLI-00523,2026-01-13,Pinturas y revestimientos,7,629052.53,Web,Tarjeta de crédito,Río Grande
TX-009822,CLI-01116,2026-01-13,Cemento y áridos,67,1155724.87,Web,Transferencia,Ushuaia
TX-009804,CLI-00938,2026-01-13,Pinturas y revestimientos,2,61288.36,Web,Transferencia,Río Grande
TX-009815,CLI-01136,2026-01-13,Seguridad e indumentaria,1,40842.03,Web,Tarjeta de crédito,río grande
TX-009816,CLI-00355,2026-01-13,Sanitarios y grifería,4,354332.08,Web,transf.,Río Grande
TX-009820,CLI-00538,2026-01-13,Pinturas y revestimientos,5,145502.34,Web,,Ushuaia
TX-009817,CLI-00862,2026-01-13,Pisos y cerámicos,8,215576.47,App,Transferencia,Ushuaia
TX-009843,CLI-01055,2026-01-14,Ferretería general,2,7534.51,Telefónico,Transferencia,USHUAIA
TX-009842,CLI-00073,2026-01-14,Plomería y caños,2,17441.73,App,Transferencia,Ushuaia
TX-009837,CLI-00632,2026-01-14,,1,143076.83,App,Transferencia,Río Grande
TX-009836,CLI-00382,2026-01-14,Electricidad e iluminación,10,177145.51,Web,Tarjeta de débito,Río Grande
TX-009835,CLI-01193,2026-01-14,Pinturas y revestimientos,1,32764.78,Web,Transferencia,Río Grande
TX-009834,CLI-00642,2026-01-14,Ferretería general,4,17658.43,Web,Transferencia,Ushuaia
TX-009833,CLI-01223,2026-01-14,Seguridad e indumentaria,4,149312.97,Web,Transferencia,Ushuaia
TX-009832,CLI-00836,2026-01-14,Ferretería general,3,21882.68,Web,Tarjeta de débito,USHUAIA
TX-009831,CLI-01159,2026-01-14,Herramientas eléctricas,1,266980.2,App,Tarjeta de débito,Ushuaia
TX-009830,CLI-01333,2026-01-14,Pisos y cerámicos,10,265252.95,App,Transferencia,Ushuaia
TX-009848,CLI-01141,2026-01-14,Maderas y tableros,10,565517.9,App,Transferencia,Ushuaia
TX-009847,CLI-00163,2026-01-14,Electricidad e iluminación,4,95609.26,Web,Transferencia,Río Grande
TX-009846,CLI-00281,2026-01-14,Aberturas,1,286361.92,App,Tarjeta de crédito,Ushuaia
TX-009845,CLI-00313,2026-01-14,Sanitarios y grifería,3,162353.47,Web,Transferencia,Tolhuin
TX-009844,CLI-01014,2026-01-14,Cemento y áridos,26,586060.85,Web,Cuenta corriente,Río Grande
TX-009841,CLI-01055,2026-01-14,Herramientas manuales,1,21928.7,Telefónico,Tarjeta de crédito,Ushuaia
TX-009873,CLI-00605,2026-01-15,Herramientas manuales,1,23925.16,Web,T. débito,Río Grande
TX-009872,CLI-01313,2026-01-15,Cemento y áridos,15,397715.81,Telefónico,Cuenta corriente,Río Grande
TX-009871,CLI-01239,2026-01-15,Pinturas y revestimientos,3,142012.95,App,Cuenta corriente,Río Grande
TX-009869,CLI-00100,2026-01-15,Pisos y cerámicos,7,271587.99,Telefónico,Cuenta corriente,Ushuaia
TX-009865,CLI-01082,2026-01-15,Ferretería general,6,76512.26,Web,Cuenta corriente,Ushuaia
TX-009863,CLI-01099,2026-01-15,Ferretería general,8,139403.9,App,Cuenta corriente,Ushuaia
TX-009862,CLI-00376,2026-01-15,Pinturas y revestimientos,17,862047.3,Web,Transferencia,ushuaia
TX-009858,CLI-00811,2026-01-15,Cemento y áridos,62,820114.73,Telefónico,Tarjeta de crédito,Ushuaia
TX-009855,CLI-00274,2026-01-15,Maderas y tableros,5,323747.08,Web,Cuenta corriente,Río Grande
TX-009856,CLI-00123,2026-01-15,Sanitarios y grifería,4,271818.38,Web,Tarjeta de débito,Río Grande
TX-009866,CLI-00566,2026-01-15,Plomería y caños,9,77394.96,Web,Tarjeta de crédito,Río Grande
TX-009851,CLI-00794,2026-01-15,Pinturas y revestimientos,3,73936.57,Web,Tarjeta de crédito,Río Grande
TX-009850,CLI-00357,2026-01-15,Cemento y áridos,50,1607984.42,Telefónico,Tarjeta de crédito,Ushuaia
TX-009849,CLI-00615,2026-01-15,Sanitarios y grifería,1,73989.44,App,Tarjeta de débito,Río Grande
TX-009867,CLI-00804,2026-01-15,Herramientas manuales,4,89220.59,Web,Tarjeta de débito,Río Grande
TX-009852,CLI-00551,2026-01-15,Seguridad e indumentaria,2,232993.2,Web,Transferencia,Ushuaia
TX-009870,CLI-01201,2026-01-15,Herramientas manuales,2,38745.95,Web,Tarjeta de débito,Río Grande
TX-009893,CLI-00194,2026-01-16,Pinturas y revestimientos,2,160085.16,Web,Transferencia,Río Grande
TX-009896,CLI-01074,2026-01-16,Ferretería general,7,36133.04,App,,Río Grande
TX-009895,CLI-00313,2026-01-16,Herramientas manuales,3,58922.53,Web,Efectivo en sucursal,Tolhuin
TX-009890,CLI-00696,2026-01-16,Electricidad e iluminación,6,87160.38,Web,Cuenta corriente,Río Grande
TX-009889,CLI-00804,2026-01-16,Herramientas manuales,9,142342.65,App,Cuenta corriente,Río Grande
TX-009888,CLI-00274,2026-01-16,Plomería y caños,2,84603.17,App,Transferencia,Río Grande
TX-009887,CLI-01265,2026-01-16,Cemento y áridos,27,680866.71,Telefónico,Transferencia,Tolhuin
TX-009885,CLI-00874,2026-01-16,Plomería y caños,12,127465.07,App,Tarjeta de débito,Río Grande
TX-009884,CLI-00523,2026-01-16,Cemento y áridos,55,1869729.78,App,Cuenta corriente,Río Grande
TX-009883,CLI-00504,2026-01-16,Seguridad e indumentaria,4,129815.01,App,Cuenta corriente,Ushuaia
TX-009882,CLI-00104,2026-01-16,Herramientas manuales,1,18566.69,Web,Tarjeta de débito,Río Grande 
TX-009881,CLI-01038,2026-01-16,Aberturas,2,233276.82,Web,Transferencia,Río Grande
TX-009880,CLI-00563,2026-01-16,Cemento y áridos,19,395416.21,Web,Cuenta corriente,río grande
TX-009879,CLI-01137,2026-01-16,Ferretería general,6,110008.19,Web,Cuenta corriente,Río Grande
TX-009876,CLI-00615,2026-01-16,Pisos y cerámicos,5,86427.22,Telefónico,Transferencia,Río Grande
TX-009875,CLI-00483,2026-01-16,Ferretería general,5,27904.5,App,Cuenta corriente,Río Grande
TX-009874,CLI-01273,2026-01-16,Plomería y caños,3,40604.09,Web,Tarjeta de crédito,Río Grande
TX-009892,CLI-01089,2026-01-16,Herramientas eléctricas,1,330510.2,Web,Tarjeta de crédito,Tolhuin
TX-009877,CLI-00663,2026-01-16,Pinturas y revestimientos,4,95858.64,Web,Transferencia,Río Grande
TX-009898,CLI-01239,2026-01-17,Pinturas y revestimientos,4,237211.9,App,Cuenta corriente,Río Grande
TX-009901,CLI-00162,2026-01-17,Herramientas eléctricas,2,826623.43,Telefónico,Cuenta corriente,Río Grande
TX-009913,CLI-01082,2026-01-17,Aberturas,3,1322197.66,App,Cuenta corriente,Ushuaia
TX-009912,CLI-01116,2026-01-17,Herramientas manuales,3,66797.3,Web,Tarjeta de crédito,Ushuaia
TX-009911,CLI-00112,2026-01-17,Electricidad e iluminación,5,177457.08,App,Tarjeta de débito,Río Grande
TX-009910,CLI-01099,2026-01-17,Seguridad e indumentaria,2,285818.94,App,Tarjeta de débito,Ushuaia
TX-009909,CLI-00100,2026-01-17,Cemento y áridos,19,516216.81,Web,Cuenta corriente,USHUAIA
TX-009908,CLI-00162,2026-01-17,Seguridad e indumentaria,10,1011238.21,Web,Tarjeta de débito,Río Grande
TX-009904,CLI-00935,2026-01-17,Pisos y cerámicos,106,5892983.21,Telefónico,Cuenta corriente,río grande
TX-009903,CLI-01113,2026-01-17,Electricidad e iluminación,3,63893.92,Telefónico,Transferencia,Río Grande
TX-009897,CLI-00051,2026-01-17,Maderas y tableros,10,366328.04,Telefónico,Cuenta corriente,Ushuaia
TX-009915,CLI-01217,2026-01-18,Pisos y cerámicos,6,164639.6,Telefónico,Cuenta corriente,Ushuaia
TX-009914,CLI-01006,2026-01-18,,64,1459754.56,Web,Cuenta corriente,RÍO GRANDE
TX-009916,CLI-00300,2026-01-18,Cemento y áridos,27,939602.73,Telefónico,Tarjeta de débito,Ushuaia
TX-009931,CLI-01265,2026-01-18,Pinturas y revestimientos,6,390368.26,App,Transferencia,Tolhuin
TX-009930,CLI-00199,2026-01-18,Pisos y cerámicos,18,732201.7,Web,Cuenta corriente,Río Grande
TX-009929,CLI-01123,2026-01-18,Herramientas eléctricas,1,185442.25,Web,Tarjeta de crédito,Río Grande
TX-009927,CLI-01055,2026-01-18,Ferretería general,49,210574.67,App,Transferencia,Ushuaia
TX-009926,CLI-01137,2026-01-18,Electricidad e iluminación,2,-77302.65,App,Transferencia,Río Grande
TX-009925,CLI-00301,2026-01-18,Herramientas manuales,10,137279.17,Web,Transferencia,Río Grande
TX-009922,CLI-01011,2026-01-18,Seguridad e indumentaria,1,41948.99,Telefónico,Efectivo en sucursal,Ushuaia
TX-009921,CLI-00998,2026-01-18,Maderas y tableros,5,88179.6,Web,Tarjeta de crédito,Río Grande
TX-009919,CLI-01099,2026-01-18,Ferretería general,3,42526.87,Telefónico,Cuenta corriente,Ushuaia
TX-009917,CLI-00672,2026-01-18,Pisos y cerámicos,16,300383.71,Web,Tarjeta de débito,Tolhuin
TX-009958,CLI-00993,2026-01-19,Cemento y áridos,31,614536.81,Telefónico,Cuenta corriente,Río Grande
TX-009957,CLI-00551,2026-01-19,Pisos y cerámicos,5,235854.45,App,Tarjeta de crédito,Ushuaia
TX-009956,CLI-00990,2026-01-19,Plomería y caños,2,40426.83,Web,Cuenta corriente,Ushuaia
TX-009950,CLI-00691,2026-01-19,Sanitarios y grifería,4,390808.02,Web,Cuenta corriente,USHUAIA
TX-009954,CLI-00356,2026-01-19,Maderas y tableros,2,66750.3,Telefónico,Cuenta corriente,Río Grande
TX-009932,CLI-00090,2026-01-19,Aberturas,2,377542.38,App,Transferencia,Río Grande
TX-009933,CLI-00090,2026-01-19,Aberturas,2,420916.15,Telefónico,Cuenta corriente,Río Grande
TX-009934,CLI-00552,2026-01-19,Cemento y áridos,101,1242405.76,Web,Tarjeta de crédito,Río Grande
TX-009935,CLI-00300,2026-01-19,Cemento y áridos,33,998967.81,Web,Transferencia,Ushuaia
TX-009955,CLI-00249,2026-01-19,Ferretería general,7,66985.1,App,Tarjeta de débito,Río Grande
TX-009937,CLI-00947,2026-01-19,Sanitarios y grifería,3,221913.2,Telefónico,Transferencia,Río Grande
TX-009936,CLI-00009,2026-01-19,Electricidad e iluminación,3,72405.12,Telefónico,Transferencia,Tolhuin
TX-009942,CLI-01046,2026-01-19,Seguridad e indumentaria,5,288045.67,Web,Cuenta corriente,Río Grande
TX-009944,CLI-00833,2026-01-19,Herramientas manuales,3,45521.48,App,transf.,Río Grande
TX-009945,CLI-01222,2026-01-19,Maderas y tableros,12,606353.85,App,Cuenta corriente,Ushuaia
TX-009948,CLI-00162,2026-01-19,Pisos y cerámicos,8,264144.82,Web,Transferencia,Río Grande
TX-009951,CLI-01204,2026-01-19,Electricidad e iluminación,7,106607.56,Web,Tarjeta de débito,Ushuaia
TX-009953,CLI-00203,2026-01-19,Electricidad e iluminación,4,52747.75,App,Tarjeta de débito,Río Grande
TX-009938,CLI-00563,2026-01-19,Maderas y tableros,3,83843.73,Telefónico,Transferencia,Río Grande
TX-009985,CLI-00990,2026-01-20,Electricidad e iluminación,19,439638.8,App,Cuenta corriente,Ushuaia
TX-009983,CLI-00470,2026-01-20,Herramientas manuales,1,23508.59,Web,Transferencia,ushuaia
TX-009980,CLI-00931,2026-01-20,Sanitarios y grifería,2,114617.34,Web,Tarjeta de crédito,Río Grande
TX-009978,CLI-01082,2026-01-20,Cemento y áridos,300,9875811.99,App,Cuenta corriente,Ushuaia
TX-009979,CLI-00078,2026-01-20,Herramientas manuales,4,112445.4,Telefónico,Tarjeta de débito,Ushuaia
TX-009976,CLI-01286,2026-01-20,Aberturas,2,340133.61,Web,Tarjeta de crédito,Tolhuin
TX-009977,CLI-00274,2026-01-20,Ferretería general,4,,App,Transferencia,Río Grande
TX-009970,CLI-00390,2026-01-20,Pisos y cerámicos,7,197491.02,Telefónico,Transferencia,Ushuaia
TX-009969,CLI-01014,2026-01-20,Seguridad e indumentaria,2,122873.86,App,Cuenta corriente,Río Grande
TX-009968,CLI-01146,2026-01-20,Pinturas y revestimientos,7,268445.55,Telefónico,Cuenta corriente,Rio Grande
TX-009967,CLI-01039,2026-01-20,Pisos y cerámicos,5,122150.4,Web,Transferencia,Ushuaia
TX-009966,CLI-01017,2026-01-20,Seguridad e indumentaria,3,332506.17,App,Tarjeta de débito,Río Grande
TX-009965,CLI-00701,2026-01-20,Sanitarios y grifería,8,1309458.7,App,Tarjeta de débito,RÍO GRANDE
TX-009963,CLI-00157,2026-01-20,Herramientas eléctricas,5,1800957.97,Telefónico,Transferencia,Ushuaia
TX-009962,CLI-01137,2026-01-20,Sanitarios y grifería,5,993680.43,Telefónico,Cuenta corriente,Río Grande
TX-009961,CLI-00221,2026-01-20,Pinturas y revestimientos,2,-76335.28,App,Tarjeta de débito,Río Grande
TX-009959,CLI-00065,2026-01-20,Sanitarios y grifería,1,41899.65,Web,Tarjeta de crédito,Ushuaia
TX-009971,CLI-00730,2026-01-20,Cemento y áridos,37,839296.97,App,Transferencia,Río Grande
TX-009972,CLI-00040,2026-01-20,Cemento y áridos,40,11073924.16,App,Transferencia,USHUAIA
TX-009974,CLI-01017,2026-01-20,Seguridad e indumentaria,4,303531.54,Web,Tarjeta de crédito,Río Grande
TX-009975,CLI-00523,2026-01-20,Maderas y tableros,5,303426.31,Telefónico,Tarjeta de crédito,RÍO GRANDE
TX-009996,CLI-00888,2026-01-21,Pinturas y revestimientos,1,34618.27,Web,Tarjeta de débito,TOLHUIN
TX-009993,CLI-00162,2026-01-21,Herramientas manuales,5,138841.15,Telefónico,Transferencia,Río Grande
TX-009992,CLI-00998,2026-01-21,Pinturas y revestimientos,3,66647.81,Web,Tarjeta de crédito,Río Grande
TX-009991,CLI-00706,2026-01-21,Plomería y caños,28,257280.95,Telefónico,Efectivo en sucursal,Rio Grande
TX-009990,CLI-01006,2026-01-21,Pinturas y revestimientos,4,178511.55,Telefónico,Cuenta corriente,Río Grande
TX-009989,CLI-00546,2026-01-21,Herramientas manuales,12,368577.57,App,Tarjeta de débito,Río Grande
TX-009988,CLI-01276,2026-01-21,Maderas y tableros,6,166629.76,Web,Tarjeta de crédito,Ushuaia
TX-009987,CLI-01243,2026-01-21,Ferretería general,11,99093.75,App,Cuenta corriente,Río Grande
TX-009986,CLI-01019,2026-01-21,Maderas y tableros,7,147737.95,Web,Tarjeta de débito,Río Grande
TX-010017,CLI-00073,2026-01-21,Plomería y caños,6,30045.77,App,Transferencia,Ushuaia
TX-010016,CLI-00496,2026-01-21,Electricidad e iluminación,3,43396.94,Web,Tarjeta de débito,Río Grande
TX-009994,CLI-00128,2026-01-21,Pisos y cerámicos,12,366733.2,Telefónico,Cuenta corriente,Río Grande
TX-010014,CLI-00109,2026-01-21,Electricidad e iluminación,4,58772.46,Telefónico,Efectivo en sucursal,Ushuaia
TX-010015,CLI-00392,2026-01-21,Pinturas y revestimientos,6,284135.33,Telefónico,Transferencia,Río Grande
TX-010011,CLI-00856,2026-01-21,Cemento y áridos,38,723915.63,App,Transferencia,USHUAIA
TX-010010,CLI-01178,2026-01-21,Plomería y caños,6,75882.1,Web,Tarjeta de débito,Rio Grande
TX-010008,CLI-00491,2026-01-21,Electricidad e iluminación,5,103870.69,App,Cuenta corriente,Río Grande
TX-010006,CLI-00249,2026-01-21,Seguridad e indumentaria,7,519377.87,Telefónico,Tarjeta de crédito,RÍO GRANDE
TX-010007,CLI-00701,2026-01-21,Sanitarios y grifería,5,731086.28,Telefónico,Tarjeta de crédito,Río Grande
TX-010003,CLI-01231,2026-01-21,Cemento y áridos,29,295339.19,Web,Transferencia,Ushuaia
TX-010000,CLI-00274,2026-01-21,Ferretería general,36,405817.23,Web,Cuenta corriente,Río Grande
TX-009999,CLI-00622,2026-01-21,Seguridad e indumentaria,5,183908.09,Telefónico,Tarjeta de débito,Ushuaia
TX-009998,CLI-00733,2026-01-21,Cemento y áridos,15,314979.48,App,Cuenta corriente,Río Grande
TX-009997,CLI-01181,2026-01-21,Herramientas eléctricas,3,478315.82,Web,Tarjeta de débito,Río Grande
TX-010005,CLI-01269,2026-01-21,Plomería y caños,5,76825.09,Telefónico,Transferencia,Ushuaia
TX-010041,CLI-00104,2026-01-22,Ferretería general,11,59166.85,Web,Transferencia,Río Grande
TX-010046,CLI-00793,2026-01-22,Aberturas,1,228105.88,App,Cuenta corriente,Río Grande
TX-010045,CLI-00935,2026-01-22,Pinturas y revestimientos,4,356734.55,Telefónico,Cuenta corriente,Río Grande
TX-010042,CLI-00112,2026-01-22,Aberturas,9,4375520.82,App,Cuenta corriente,Río Grande
TX-010040,CLI-01119,2026-01-22,Maderas y tableros,10,611740.42,App,Tarjeta de crédito,Ushuaia
TX-010043,CLI-00849,2026-01-22,Pinturas y revestimientos,3,70235.21,Web,Tarjeta de débito,Río Grande
TX-010037,CLI-00476,2026-01-22,Ferretería general,10,52667.59,Web,Transferencia,Río Grande
TX-010018,CLI-01211,2026-01-22,Electricidad e iluminación,2,20873.42,App,Tarjeta de crédito,Río Grande
TX-010019,CLI-00730,2026-01-22,Plomería y caños,5,85563.92,Telefónico,Cuenta corriente,Río Grande
TX-010020,CLI-00134,2026-01-22,Seguridad e indumentaria,2,78960.04,Web,Transferencia,Ushuaia
TX-010021,CLI-00165,2026-01-22,Sanitarios y grifería,2,135076.63,Telefónico,Tarjeta de débito,Ushuaia
TX-010022,CLI-00357,2026-01-22,Herramientas manuales,9,561169.87,Web,Cuenta corriente,Ushuaia
TX-010039,CLI-00563,2026-01-22,Cemento y áridos,30,603043.47,App,Transferencia,Río Grande
TX-010026,CLI-00382,2026-01-22,Seguridad e indumentaria,3,124680.93,Web,Tarjeta de débito,Río Grande
TX-010029,CLI-00274,2026-01-22,Sanitarios y grifería,6,1085178.13,App,Cuenta corriente,Río Grande
TX-010025,CLI-01049,2026-01-22,Cemento y áridos,43,1495878.47,App,Cuenta corriente,Río Grande
TX-010031,CLI-01125,2026-01-22,Ferretería general,4,13767.64,Web,,Ushuaia
TX-010032,CLI-00935,2026-01-22,Ferretería general,6,93274.57,App,Tarjeta de crédito,Río Grande
TX-010033,CLI-00998,2026-01-22,Ferretería general,9,43379.19,Web,Tarjeta de débito,Río Grande
TX-010034,CLI-00523,2026-01-22,Pisos y cerámicos,51,2757045.5,Telefónico,Transferencia,Río Grande
TX-010035,CLI-01077,2026-01-22,Herramientas manuales,1,17137.8,App,Tarjeta de crédito,Ushuaia
TX-010036,CLI-01099,2026-01-22,Electricidad e iluminación,3,81436.13,Web,Transferencia,Ushuaia
TX-010030,CLI-00028,2026-01-22,Cemento y áridos,13,232329.8,Telefónico,transf.,Ushuaia
TX-010074,CLI-01170,2026-01-23,Seguridad e indumentaria,12,1109275.83,Telefónico,Cuenta corriente,Tolhuin
TX-010081,CLI-01099,2026-01-23,Pinturas y revestimientos,4,340885.46,Telefónico,Transferencia,Ushuaia
TX-010078,CLI-00694,2026-01-23,Herramientas eléctricas,2,356020.54,Telefónico,transf.,Río Grande
TX-010077,CLI-00353,2026-01-23,Herramientas manuales,1,18326.84,Web,Tarjeta de débito,Ushuaia
TX-010076,CLI-00109,2026-01-23,Plomería y caños,16,112129.32,Web,Transferencia,Ushuaia
TX-010075,CLI-00416,2026-01-23,Ferretería general,5,27415.45,Web,Efectivo en sucursal,Tolhuin
TX-010073,CLI-01013,2026-01-23,Herramientas manuales,6,303989.06,Telefónico,Tarjeta de crédito,Ushuaia
TX-010059,CLI-00874,2026-01-23,Electricidad e iluminación,6,111225.13,App,Efectivo en sucursal,RÍO GRANDE
TX-010071,CLI-00009,2026-01-23,Herramientas manuales,5,234003.15,Web,Cuenta corriente,Tolhuin
TX-010047,CLI-00354,2026-01-23,Herramientas manuales,2,49855.89,App,Efectivo en sucursal,Río Grande
TX-010048,CLI-00529,2026-01-23,Herramientas manuales,1,21887.32,App,Tarjeta de débito,Río Grande
TX-010049,CLI-00441,2026-01-23,Aberturas,5,775296.71,Telefónico,Transferencia,Ushuaia
TX-010050,CLI-01099,2026-01-23,Maderas y tableros,15,1303445.28,Web,Cuenta corriente,Ushuaia
TX-010051,CLI-00403,2026-01-23,Ferretería general,2,18037.93,Web,Cuenta corriente,Ushuaia
TX-010052,CLI-01099,2026-01-23,Herramientas manuales,2,100651.78,Telefónico,Transferencia,Ushuaia
TX-010054,CLI-00879,2026-01-23,Pisos y cerámicos,7,419109.08,Telefónico,Transferencia,Río Grande
TX-010072,CLI-00475,2026-01-23,Pisos y cerámicos,12,239610.86,Telefónico,Tarjeta de débito,Río Grande
TX-010058,CLI-00073,2026-01-23,Herramientas manuales,4,72447.96,Web,Tarjeta de crédito,Ushuaia
TX-010055,CLI-00713,2026-01-23,Electricidad e iluminación,3,58631.5,App,Tarjeta de crédito,ushuaia
TX-010061,CLI-00218,2026-01-23,Aberturas,7,1704230.43,App,Transferencia,Rio Grande
TX-010062,CLI-01099,2026-01-23,Pisos y cerámicos,5,390541.71,Telefónico,Cuenta corriente,USHUAIA
TX-010063,CLI-00803,2026-01-23,Ferretería general,11,49761.7,App,Transferencia,Ushuaia
TX-010064,CLI-00586,2026-01-23,Herramientas manuales,5,86432.48,App,Transferencia,Río Grande
TX-010065,CLI-00403,2026-01-23,Aberturas,2,484977.5,App,Tarjeta de crédito,Ushuaia
TX-010067,CLI-00554,2026-01-23,Plomería y caños,5,54942.78,Web,Tarjeta de débito,Río Grande
TX-010068,CLI-01269,2026-01-23,Maderas y tableros,25,1030999.29,App,Transferencia,USHUAIA
TX-010069,CLI-00935,2026-01-23,Ferretería general,5,71779.56,Telefónico,Cuenta corriente,Río Grande
TX-010112,CLI-00051,2026-01-24,Cemento y áridos,39,1068537.39,App,Cuenta corriente,Ushuaia
TX-010111,CLI-00216,2026-01-24,Cemento y áridos,13,176433.46,Telefónico,Efectivo en sucursal,Tolhuin 
TX-010109,CLI-00540,2026-01-24,Aberturas,3,756176.74,App,Cuenta corriente,Ushuaia 
TX-010108,CLI-01082,2026-01-24,Sanitarios y grifería,2,335823.98,Telefónico,Tarjeta de crédito,Ushuaia
TX-010096,CLI-00258,2026-01-24,Plomería y caños,7,71977.44,Web,Tarjeta de crédito,Ushuaia
TX-010104,CLI-01113,2026-01-24,Pinturas y revestimientos,13,651583.34,Telefónico,Cuenta corriente,Río Grande
TX-010097,CLI-00300,2026-01-24,Plomería y caños,8,216890.39,Telefónico,Cuenta corriente,Ushuaia
TX-010095,CLI-01087,2026-01-24,Ferretería general,3,13509.89,App,Tarjeta de crédito,Río Grande
TX-010094,CLI-00496,2026-01-24,Ferretería general,1,5142.14,Web,Transferencia,Río Grande
TX-010093,CLI-00337,2026-01-24,Ferretería general,4,14539.9,App,Tarjeta de crédito,Río Grande
TX-010092,CLI-00733,2026-01-24,Herramientas manuales,10,252067.81,App,Cuenta corriente,Río Grande
TX-010089,CLI-00009,2026-01-24,Pisos y cerámicos,6,285157.32,Telefónico,Transferencia,Tolhuin
TX-010088,CLI-01137,2026-01-24,Seguridad e indumentaria,7,654021.34,Web,Cuenta corriente,Río Grande
TX-010085,CLI-00644,2026-01-24,Pisos y cerámicos,6,155705.01,Web,Tarjeta de débito,Ushuaia
TX-010090,CLI-00444,2026-01-24,Pisos y cerámicos,4,162640.95,Telefónico,Transferencia,Ushuaia
TX-010082,CLI-01082,2026-01-24,Electricidad e iluminación,4,152202.34,App,Cuenta corriente,USHUAIA
TX-010083,CLI-01137,2026-01-24,Seguridad e indumentaria,7,600331.58,App,Transferencia,Río Grande
TX-010099,CLI-00900,2026-01-24,Pinturas y revestimientos,2,54514.52,Web,Tarjeta de crédito,Ushuaia
TX-010102,CLI-01338,2026-01-24,Herramientas manuales,4,73370.3,App,Tarjeta de crédito,Tolhuin
TX-010106,CLI-01183,2026-01-24,Ferretería general,4,29814.62,Web,Transferencia,Río Grande
TX-010117,CLI-00376,2026-01-25,Cemento y áridos,22,602218.54,Telefónico,Tarjeta de crédito,Ushuaia
TX-010116,CLI-00888,2026-01-25,Maderas y tableros,10,277971.51,App,Tarjeta de crédito,Tolhuin
TX-010113,CLI-00300,2026-01-25,Ferretería general,38,436596.7,Telefónico,Cuenta corriente,USHUAIA
TX-010118,CLI-01099,2026-01-25,Plomería y caños,15,360792.38,App,Cuenta corriente,Ushuaia
TX-010119,CLI-00719,2026-01-25,Sanitarios y grifería,3,379933.28,Telefónico,Cuenta corriente,Ushuaia
TX-010152,CLI-01074,2026-01-26,Pinturas y revestimientos,11,361361.73,Web,Tarjeta de débito,Río Grande 
TX-010151,CLI-00053,2026-01-26,Seguridad e indumentaria,7,240250.26,App,Transferencia,Río Grande
TX-010150,CLI-00554,2026-01-26,Herramientas manuales,3,61863.23,Web,Tarjeta de débito,Río Grande
TX-010149,CLI-00523,2026-01-26,Pisos y cerámicos,5,263190.85,App,Cuenta corriente,Rio Grande
TX-010148,CLI-01121,2026-01-26,Electricidad e iluminación,5,81719.17,App,,Río Grande
TX-010147,CLI-00266,2026-01-26,Electricidad e iluminación,15,219385.07,App,Transferencia,Ushuaia
TX-010145,CLI-01044,2026-01-26,Plomería y caños,13,243288.13,Telefónico,Tarjeta de crédito,Río Grande
TX-010144,CLI-01029,2026-01-26,Ferretería general,5,24858.76,Web,Tarjeta de débito,Río Grande
TX-010141,CLI-01099,2026-01-26,Herramientas manuales,19,1131120.57,Web,Transferencia,Ushuaia
TX-010120,CLI-00450,2026-01-26,Maderas y tableros,8,,Telefónico,Cuenta corriente,Ushuaia
TX-010121,CLI-00047,2026-01-26,Plomería y caños,3,38499.54,Web,Tarjeta de crédito,Ushuaia
TX-010122,CLI-00274,2026-01-26,Cemento y áridos,25,987824.22,App,Tarjeta de débito,Río Grande
TX-010123,CLI-00051,2026-01-26,Ferretería general,5,54073.48,App,Cuenta corriente,Ushuaia
TX-010125,CLI-01082,2026-01-26,Plomería y caños,6,155752.39,Web,Cuenta corriente,USHUAIA
TX-010142,CLI-01159,2026-01-26,Pisos y cerámicos,6,123877.02,Web,Tarjeta de débito,USHUAIA
TX-010128,CLI-01082,2026-01-26,Ferretería general,2,36249.73,Web,Cuenta corriente,Ushuaia
TX-010129,CLI-01035,2026-01-26,Electricidad e iluminación,1,13272.88,App,Tarjeta de débito,Río Grande
TX-010130,CLI-00376,2026-01-26,Herramientas manuales,5,155320.11,App,Transferencia,Ushuaia
TX-010127,CLI-01082,2026-01-26,Aberturas,3,1555110.51,Telefónico,Cuenta corriente,Ushuaia
TX-010132,CLI-00403,2026-01-26,Seguridad e indumentaria,6,506961.44,Web,Cuenta corriente,Ushuaia
TX-010134,CLI-01238,2026-01-26,Plomería y caños,4,52250.28,App,Cuenta corriente,Ushuaia
TX-010135,CLI-00161,2026-01-26,Plomería y caños,6,88862.16,Web,T. crédito,Ushuaia 
TX-010136,CLI-01181,2026-01-26,Herramientas manuales,1,18922.66,Web,Transferencia,Río Grande
TX-010138,CLI-01049,2026-01-26,Cemento y áridos,16,563297.64,Web,,Río Grande
TX-010139,CLI-00479,2026-01-26,Herramientas manuales,2,48962.92,Web,Tarjeta de crédito,Ushuaia
TX-010140,CLI-00162,2026-01-26,Maderas y tableros,41,1376394.1,App,Cuenta corriente,RÍO GRANDE
TX-010131,CLI-00603,2026-01-26,Pinturas y revestimientos,8,5820523.15,Telefónico,Cuenta corriente,Ushuaia
TX-010183,CLI-01137,2026-01-27,Herramientas manuales,5,311168.87,Telefónico,Transferencia,Río Grande
TX-010184,CLI-00337,2026-01-27,Electricidad e iluminación,10,193228.57,Web,,RÍO GRANDE
TX-010185,CLI-01192,2026-01-27,Maderas y tableros,1,17678.74,App,Efectivo en sucursal,Río Grande
TX-010186,CLI-00232,2026-01-27,Herramientas manuales,7,370503.98,App,Cuenta corriente,Río Grande
TX-010190,CLI-01293,2026-01-27,Ferretería general,15,53070.6,App,Tarjeta de crédito,Río Grande
TX-010188,CLI-00379,2026-01-27,Seguridad e indumentaria,2,131739.24,App,Transferencia,Río Grande
TX-010189,CLI-01119,2026-01-27,Plomería y caños,65,2057516.35,Web,Cuenta corriente,Ushuaia
TX-010187,CLI-01333,2026-01-27,Ferretería general,15,87101.68,Web,Transferencia,USHUAIA
TX-010182,CLI-01017,2026-01-27,Herramientas eléctricas,3,1734217.66,Telefónico,Cuenta corriente,Río Grande
TX-010176,CLI-00707,2026-01-27,,5,146330.31,Web,Tarjeta de débito,Ushuaia
TX-010179,CLI-00185,2026-01-27,Ferretería general,8,26517.7,App,T. débito,Ushuaia
TX-010154,CLI-01258,2026-01-27,Seguridad e indumentaria,4,153159.62,Web,Transferencia,río grande
TX-010155,CLI-01006,2026-01-27,Plomería y caños,11,206892.03,Telefónico,Transferencia,Río Grande
TX-010157,CLI-00938,2026-01-27,Pisos y cerámicos,2,29936.17,Web,Transferencia,Río Grande
TX-010158,CLI-00059,2026-01-27,Pinturas y revestimientos,4,118440.03,Web,Tarjeta de débito,Río Grande
TX-010159,CLI-00127,2026-01-27,Electricidad e iluminación,12,203315.88,App,Transferencia,Ushuaia
TX-010160,CLI-00290,2026-01-27,Electricidad e iluminación,9,218683.12,Telefónico,Cuenta corriente,Río Grande
TX-010162,CLI-00068,2026-01-27,Seguridad e indumentaria,2,281300.64,App,Transferencia,Río Grande
TX-010165,CLI-01338,2026-01-27,Plomería y caños,9,66124.49,App,Tarjeta de débito,Tolhuin
TX-010166,CLI-00344,2026-01-27,Herramientas manuales,5,153673.07,Web,Cuenta corriente,Río Grande
TX-010161,CLI-00719,2026-01-27,Ferretería general,1,12314.09,Telefónico,Cuenta corriente,Ushuaia
TX-010181,CLI-00026,2026-01-27,Electricidad e iluminación,19,424856.15,Web,Transferencia,Río Grande
TX-010178,CLI-01082,2026-01-27,Cemento y áridos,9,399940.53,Telefónico,Transferencia,Ushuaia
TX-010167,CLI-00540,2026-01-27,Aberturas,3,545836.52,App,Transferencia,USHUAIA
TX-010153,CLI-00194,2026-01-27,Sanitarios y grifería,9,1360931.69,App,Cuenta corriente,Río Grande
TX-010174,CLI-00300,2026-01-27,Electricidad e iluminación,18,605167.51,App,Cuenta corriente,Ushuaia
TX-010177,CLI-00523,2026-01-27,Ferretería general,30,425183.65,App,Transferencia,río grande
TX-010172,CLI-01137,2026-01-27,Seguridad e indumentaria,5,633145.35,App,Tarjeta de crédito,Río Grande
TX-010171,CLI-00834,2026-01-27,Ferretería general,26,85180.16,Web,Transferencia,Rio Grande
TX-010169,CLI-01099,2026-01-27,Ferretería general,2,29370.23,App,Transferencia,ushuaia
TX-010173,CLI-01051,2026-01-27,Electricidad e iluminación,3,52979.13,Telefónico,Cuenta corriente,Río Grande
TX-010214,CLI-00612,2026-01-28,Ferretería general,7,31612.7,App,Efectivo en sucursal,Río Grande
TX-010222,CLI-01000,2026-01-28,Herramientas manuales,2,64266.5,Telefónico,Tarjeta de crédito,USHUAIA
TX-010221,CLI-00100,2026-01-28,Pinturas y revestimientos,24,1000657.7,Telefónico,Cuenta corriente,Ushuaia
TX-010219,CLI-01113,2026-01-28,Cemento y áridos,36,816712.82,Telefónico,Cuenta corriente,Río Grande
TX-010218,CLI-00563,2026-01-28,Pisos y cerámicos,20,485931.68,Telefónico,Cuenta corriente,RÍO GRANDE
TX-010217,CLI-01113,2026-01-28,Sanitarios y grifería,1,114745.35,Telefónico,Cuenta corriente,Río Grande
TX-010215,CLI-00811,2026-01-28,Pinturas y revestimientos,2,56273.03,Web,Tarjeta de crédito,ushuaia
TX-010213,CLI-00556,2026-01-28,Ferretería general,7,36039.04,Web,Tarjeta de crédito,Río Grande
TX-010208,CLI-00051,2026-01-28,Herramientas manuales,7,342210.59,App,Cuenta corriente,Ushuaia
TX-010210,CLI-00357,2026-01-28,Pisos y cerámicos,9,546646.58,App,Transferencia,USHUAIA
TX-010191,CLI-00590,2026-01-28,Plomería y caños,22,118376.82,Telefónico,Tarjeta de crédito,Río Grande
TX-010192,CLI-00232,2026-01-28,Plomería y caños,12,246093.56,App,Cuenta corriente,Río Grande
TX-010193,CLI-00731,2026-01-28,Ferretería general,30,125691.03,Web,Tarjeta de crédito,Río Grande
TX-010194,CLI-01008,2026-01-28,Herramientas eléctricas,2,419516.61,App,Tarjeta de débito,Ushuaia
TX-010195,CLI-00249,2026-01-28,Pisos y cerámicos,13,370071.95,Telefónico,Cuenta corriente,Río Grande
TX-010196,CLI-00627,2026-01-28,Pinturas y revestimientos,3,144889.54,Telefónico,,Ushuaia
TX-010197,CLI-00846,2026-01-28,Electricidad e iluminación,4,53368.45,Web,Transferencia,Río Grande
TX-010198,CLI-00563,2026-01-28,Plomería y caños,3,37070.38,Web,transf.,Río Grande
TX-010211,CLI-00805,2026-01-28,Maderas y tableros,3,94239.72,Telefónico,Efectivo en sucursal,Ushuaia
TX-010199,CLI-01051,2026-01-28,Herramientas manuales,4,118333.52,App,Tarjeta de crédito,Río Grande
TX-010201,CLI-00392,2026-01-28,Plomería y caños,12,238393.92,Telefónico,Tarjeta de crédito,Río Grande
TX-010202,CLI-00194,2026-01-28,Ferretería general,29,354135.06,Telefónico,Tarjeta de débito,Río Grande
TX-010203,CLI-00998,2026-01-28,Electricidad e iluminación,2,19882.58,App,Tarjeta de crédito,Río Grande 
TX-010204,CLI-01299,2026-01-28,Cemento y áridos,20,573568.35,Telefónico,Efectivo en sucursal,Río Grande
TX-010205,CLI-00719,2026-01-28,Aberturas,1,316718.17,Web,Cuenta corriente,Ushuaia
TX-010206,CLI-01121,2026-01-28,Herramientas manuales,3,59830.95,Web,Transferencia,Río Grande
TX-010207,CLI-00546,2026-01-28,Seguridad e indumentaria,2,128922.23,Web,Tarjeta de crédito,Río Grande
TX-010209,CLI-00879,2026-01-28,Pinturas y revestimientos,14,1156640.64,App,Tarjeta de débito,Río Grande
TX-010200,CLI-01141,2026-01-28,Pisos y cerámicos,21,575077.61,Telefónico,Transferencia,Ushuaia
TX-010245,CLI-01005,2026-01-29,Sanitarios y grifería,3,148187.07,App,Tarjeta de crédito,Ushuaia
TX-010246,CLI-00161,2026-01-29,Electricidad e iluminación,5,85404.18,Web,Transferencia,Ushuaia
TX-010243,CLI-01028,2026-01-29,Herramientas manuales,2,39331.56,Web,Efectivo en sucursal,Ushuaia
TX-010247,CLI-00746,2026-01-29,Electricidad e iluminación,6,192588.36,Web,Cuenta corriente,Ushuaia
TX-010241,CLI-00498,2026-01-29,Electricidad e iluminación,5,84177.57,Web,Transferencia,Río Grande
TX-010242,CLI-00134,2026-01-29,Ferretería general,4,18349.02,App,Tarjeta de débito,Ushuaia
TX-010237,CLI-00772,2026-01-29,Pisos y cerámicos,23,1010966.8,Telefónico,Efectivo en sucursal,Río Grande
TX-010236,CLI-00266,2026-01-29,Sanitarios y grifería,4,256617.9,App,Tarjeta de débito,Ushuaia 
TX-010235,CLI-00321,2026-01-29,Cemento y áridos,24,944625.28,Telefónico,Cuenta corriente,Ushuaia
TX-010231,CLI-00357,2026-01-29,Sanitarios y grifería,5,942567.4,Web,Cuenta corriente,Ushuaia
TX-010230,CLI-00106,2026-01-29,Ferretería general,4,17983.93,Web,Tarjeta de débito,ushuaia
TX-010229,CLI-00163,2026-01-29,Herramientas manuales,4,159170.66,Telefónico,Tarjeta de crédito,Río Grande
TX-010234,CLI-00258,2026-01-29,Herramientas manuales,3,58899.47,Telefónico,Tarjeta de débito,Ushuaia
TX-010227,CLI-01270,2026-01-29,Sanitarios y grifería,3,216065.35,App,Tarjeta de crédito,Ushuaia
TX-010226,CLI-00523,2026-01-29,Plomería y caños,2,61605.06,Telefónico,Tarjeta de crédito,Río Grande
TX-010224,CLI-01084,2026-01-29,Cemento y áridos,24,634711.28,App,Transferencia,USHUAIA
TX-010238,CLI-01028,2026-01-29,Plomería y caños,5,55576.12,Telefónico,Tarjeta de débito,Ushuaia
TX-010239,CLI-00051,2026-01-29,Electricidad e iluminación,3,71488.08,Telefónico,Transferencia,Ushuaia
TX-010240,CLI-00621,2026-01-29,Herramientas eléctricas,5,1641476.33,App,Cuenta corriente,RÍO GRANDE
TX-010228,CLI-00566,2026-01-29,Cemento y áridos,5,57437.66,App,Tarjeta de débito,Río Grande
TX-010275,CLI-00290,2026-01-30,Sanitarios y grifería,4,417786.28,Web,Cuenta corriente,Río Grande
TX-010249,CLI-00205,2026-01-30,,11,172303.69,Web,Tarjeta de crédito,Ushuaia
TX-010282,CLI-00694,2026-01-30,Ferretería general,2,11492.42,App,Tarjeta de crédito,Río Grande
TX-010281,CLI-01163,2026-01-30,Herramientas manuales,2,49981.81,Telefónico,Transferencia,Río Grande
TX-010278,CLI-01082,2026-01-30,Maderas y tableros,9,804733.85,App,Cuenta corriente,ushuaia
TX-010277,CLI-01035,2026-01-30,Herramientas manuales,4,71438.76,Web,Tarjeta de débito,Río Grande
TX-010276,CLI-00811,2026-01-30,Herramientas manuales,2,45017.69,Web,Transferencia,Ushuaia
TX-010271,CLI-00470,2026-01-30,Aberturas,1,157627.22,Web,T. crédito,Ushuaia
TX-010279,CLI-00162,2026-01-30,Electricidad e iluminación,5,134791.83,Telefónico,Cuenta corriente,Rio Grande
TX-010268,CLI-01170,2026-01-30,Pisos y cerámicos,13,419983.74,Telefónico,Tarjeta de débito,Tolhuin
TX-010252,CLI-00258,2026-01-30,Electricidad e iluminación,8,106163.36,Web,Cuenta corriente,Ushuaia
TX-010253,CLI-00523,2026-01-30,Cemento y áridos,40,1603718.62,App,Tarjeta de crédito,Río Grande
TX-010254,CLI-00805,2026-01-30,Herramientas manuales,2,36308.47,Web,transf.,Ushuaia
TX-010255,CLI-00504,2026-01-30,Seguridad e indumentaria,2,72098.28,App,Tarjeta de crédito,Ushuaia
TX-010257,CLI-00523,2026-01-30,Plomería y caños,11,195738.14,App,Cuenta corriente,Río Grande
TX-010258,CLI-01095,2026-01-30,Ferretería general,4,22718.4,Web,Transferencia,Río Grande
TX-010259,CLI-00305,2026-01-30,Ferretería general,24,192854.9,Telefónico,Cuenta corriente,Río Grande
TX-010260,CLI-00401,2026-01-30,Herramientas manuales,2,40124.13,Web,Transferencia,Río Grande
TX-010249,CLI-00205,2026-01-30,,11,172303.69,Web,Tarjeta de crédito,Ushuaia
TX-010248,CLI-01243,2026-01-30,Cemento y áridos,57,1415575.69,Telefónico,Cuenta corriente,Río Grande
TX-010269,CLI-01104,2026-01-30,Electricidad e iluminación,13,,Telefónico,Cuenta corriente,
TX-010251,CLI-01006,2026-01-30,Herramientas manuales,4,135937.52,Web,Efectivo en sucursal,Río Grande
TX-010250,CLI-00612,2026-01-30,Plomería y caños,4,32936.21,App,Efectivo en sucursal,Rio Grande
TX-010261,CLI-01009,2026-01-30,Pinturas y revestimientos,5,142644.46,Web,Transferencia,Tolhuin
TX-010267,CLI-00523,2026-01-30,Pinturas y revestimientos,3,315382.28,Telefónico,Transferencia,Río Grande
TX-010266,CLI-00836,2026-01-30,Electricidad e iluminación,2,27768.57,Telefónico,Transferencia,Ushuaia
TX-010265,CLI-00483,2026-01-30,Electricidad e iluminación,17,362317.97,App,Transferencia,RÍO GRANDE
TX-010264,CLI-00842,2026-01-30,Cemento y áridos,9,189083.76,Telefónico,Cuenta corriente,Río Grande
TX-010263,CLI-01002,2026-01-30,Maderas y tableros,8,320537.27,Telefónico,Transferencia,Río Grande
TX-010262,CLI-00338,2026-01-30,Pisos y cerámicos,10,177102.65,Web,T. crédito,RÍO GRANDE
TX-010292,CLI-00113,2026-01-31,Pinturas y revestimientos,6,315302.01,Telefónico,Cuenta corriente,río grande
TX-010293,CLI-00106,2026-01-31,Sanitarios y grifería,3,146333.85,Web,T. débito,Ushuaia
TX-010286,CLI-00956,2026-01-31,Electricidad e iluminación,5,92729.53,Web,Tarjeta de débito,Ushuaia
TX-010288,CLI-00563,2026-01-31,Herramientas manuales,2,79514.02,App,Cuenta corriente,RÍO GRANDE
TX-010289,CLI-01222,2026-01-31,Plomería y caños,18,303820.68,Web,Tarjeta de crédito,Ushuaia
TX-010296,CLI-01338,2026-01-31,Pinturas y revestimientos,3,65253.43,Web,Tarjeta de crédito,Tolhuin
TX-010295,CLI-00811,2026-01-31,Herramientas manuales,5,64043.65,Web,Transferencia,Ushuaia
TX-010291,CLI-00106,2026-01-31,Seguridad e indumentaria,3,96594.74,Telefónico,Efectivo en sucursal,Ushuaia
TX-010283,CLI-00379,2026-01-31,Ferretería general,2,8549.32,Web,Transferencia,RÍO GRANDE
TX-010294,CLI-00990,2026-01-31,Herramientas manuales,10,325587.5,App,Tarjeta de débito,Ushuaia
TX-010297,CLI-01008,2026-02-01,Pisos y cerámicos,2,44123.05,Web,Tarjeta de crédito,Ushuaia
TX-010299,CLI-00358,2026-02-01,Electricidad e iluminación,8,181821.2,Web,Transferencia,Ushuaia
TX-010300,CLI-00935,2026-02-01,Cemento y áridos,31,1207602.31,Telefónico,Cuenta corriente,río grande
TX-010329,CLI-00694,2026-02-02,Sanitarios y grifería,9,501623.6,App,Transferencia,Río Grande
TX-010327,CLI-01099,2026-02-02,Herramientas manuales,7,2579045.1,App,Cuenta corriente,Ushuaia
TX-010326,CLI-00635,2026-02-02,Plomería y caños,3,38668.53,Telefónico,Tarjeta de crédito,Ushuaia
TX-010328,CLI-00356,2026-02-02,Plomería y caños,36,659825.23,App,Cuenta corriente,RÍO GRANDE
TX-010324,CLI-00112,2026-02-02,Herramientas manuales,9,415024.76,Telefónico,Cuenta corriente,Río Grande
TX-010301,CLI-00100,2026-02-02,Ferretería general,60,589752.8,Telefónico,Tarjeta de crédito,Ushuaia
TX-010303,CLI-01339,2026-02-02,Herramientas manuales,2,29413.78,Web,Transferencia,Ushuaia
TX-010304,CLI-00602,2026-02-02,Aberturas,2,296015.03,App,Tarjeta de débito,Ushuaia
TX-010306,CLI-00957,2026-02-02,Maderas y tableros,9,265460.51,Web,Transferencia,Río Grande
TX-010307,CLI-00256,2026-02-02,Herramientas manuales,3,108380.99,Telefónico,Transferencia,Río Grande
TX-010310,CLI-00194,2026-02-02,Herramientas manuales,4,195097.4,Web,Cuenta corriente,Río Grande
TX-010312,CLI-00998,2026-02-02,Herramientas manuales,3,47763.67,Web,Transferencia,Río Grande
TX-010314,CLI-01178,2026-02-02,Maderas y tableros,19,634239.89,Web,Tarjeta de débito,Río Grande
TX-010315,CLI-01195,2026-02-02,Sanitarios y grifería,2,171054.54,Web,Tarjeta de crédito,Río Grande
TX-010316,CLI-00561,2026-02-02,Sanitarios y grifería,2,267690.26,Telefónico,Cuenta corriente,Ushuaia
TX-010318,CLI-00056,2026-02-02,Herramientas manuales,3,58635.72,Web,Tarjeta de débito,Tolhuin
TX-010325,CLI-01260,2026-02-02,Pisos y cerámicos,10,200840.27,Web,Transferencia,Río Grande
TX-010319,CLI-01137,2026-02-02,Seguridad e indumentaria,3,-337643.64,Telefónico,Cuenta corriente,Río Grande
TX-010323,CLI-01093,2026-02-02,Electricidad e iluminación,1,34585.78,Web,Cuenta corriente,Ushuaia
TX-010321,CLI-01051,2026-02-02,Plomería y caños,10,205427.09,App,Cuenta corriente,Río Grande
TX-010320,CLI-00290,2026-02-02,Electricidad e iluminación,39,1027313.44,App,Efectivo en sucursal,río grande
TX-010343,CLI-00274,2026-02-03,Seguridad e indumentaria,8,707620.94,App,Cuenta corriente,Río Grande
TX-010339,CLI-00100,2026-02-03,Cemento y áridos,27,646864.42,App,Transferencia,Ushuaia
TX-010342,CLI-00491,2026-02-03,Herramientas manuales,2,30539.15,Web,Transferencia,Río Grande
TX-010338,CLI-00256,2026-02-03,Pisos y cerámicos,8,427342.1,App,Cuenta corriente,Rio Grande
TX-010337,CLI-00275,2026-02-03,Pisos y cerámicos,37,1114970.04,Web,Tarjeta de crédito,Ushuaia
TX-010336,CLI-00523,2026-02-03,Ferretería general,18,294013.24,Telefónico,Cuenta corriente,Río Grande
TX-010335,CLI-00538,2026-02-03,Sanitarios y grifería,2,149447.92,App,Tarjeta de débito,Ushuaia
TX-010332,CLI-00047,2026-02-03,Pisos y cerámicos,7,159787.4,App,Tarjeta de débito,Ushuaia
TX-010331,CLI-00345,2026-02-03,Ferretería general,7,94674.27,Web,Cuenta corriente,Río Grande
TX-010330,CLI-01310,2026-02-03,Ferretería general,3,23169.57,Web,Cuenta corriente,Río Grande
TX-010333,CLI-00066,2026-02-03,Pisos y cerámicos,27,902307.22,Web,Cuenta corriente,Río Grande
TX-010354,CLI-00635,2026-02-03,Ferretería general,3,16428.97,Web,Tarjeta de débito,USHUAIA
TX-010352,CLI-00523,2026-02-03,Cemento y áridos,60,2355811.98,App,Cuenta corriente,río grande
TX-010351,CLI-00546,2026-02-03,Ferretería general,1,8484.92,App,Cuenta corriente,Río Grande
TX-010350,CLI-00600,2026-02-03,Ferretería general,5,19627.61,Telefónico,Transferencia,Río Grande
TX-010348,CLI-00879,2026-02-03,Cemento y áridos,11,399336.77,Telefónico,Efectivo en sucursal,Rio Grande
TX-010347,CLI-00109,2026-02-03,Sanitarios y grifería,3,163557.1,App,Efectivo en sucursal,Ushuaia
TX-010346,CLI-00301,2026-02-03,Sanitarios y grifería,2,83109.53,Web,Tarjeta de crédito,Río Grande
TX-010345,CLI-01089,2026-02-03,Sanitarios y grifería,3,223139.81,App,Tarjeta de débito,Tolhuin
TX-010355,CLI-00344,2026-02-03,Herramientas eléctricas,6,2880307.75,Web,Cuenta corriente,Río Grande
TX-010344,CLI-01329,2026-02-03,Electricidad e iluminación,3,55313.49,Web,Tarjeta de crédito,Río Grande
TX-010391,CLI-01018,2026-02-04,Pinturas y revestimientos,6,151531.67,App,Tarjeta de crédito,Ushuaia
TX-010393,CLI-00663,2026-02-04,Herramientas manuales,3,52863.68,Telefónico,Tarjeta de crédito,Río Grande
TX-010395,CLI-00894,2026-02-04,Ferretería general,4,17347.28,Web,Tarjeta de débito,Ushuaia
TX-010402,CLI-00421,2026-02-04,Sanitarios y grifería,1,59216.99,Web,Transferencia,Río Grande
TX-010398,CLI-00500,2026-02-04,Seguridad e indumentaria,2,-131657.75,Telefónico,Tarjeta de débito,Ushuaia
TX-010399,CLI-01082,2026-02-04,Plomería y caños,11,433879.77,App,Transferencia,Ushuaia
TX-010400,CLI-00112,2026-02-04,Cemento y áridos,71,3722848.73,Web,Cuenta corriente,RÍO GRANDE
TX-010390,CLI-00733,2026-02-04,Plomería y caños,22,336315.63,App,Transferencia,Río Grande
TX-010396,CLI-00759,2026-02-04,Herramientas manuales,5,159026.54,Telefónico,Transferencia,Ushuaia
TX-010389,CLI-01329,2026-02-04,Cemento y áridos,22,249879.01,Web,Tarjeta de crédito,Río Grande
TX-010380,CLI-00944,2026-02-04,Maderas y tableros,5,117819.03,Web,Tarjeta de crédito,Ushuaia
TX-010387,CLI-00301,2026-02-04,Plomería y caños,2,14578.19,Web,Tarjeta de débito,Río Grande
TX-010356,CLI-00144,2026-02-04,Sanitarios y grifería,2,111848.38,Web,Tarjeta de débito,Río Grande
TX-010359,CLI-00040,2026-02-04,Herramientas eléctricas,2,830744.99,App,T. crédito,Ushuaia
TX-010362,CLI-00248,2026-02-04,Sanitarios y grifería,1,71776.84,App,Tarjeta de crédito,Ushuaia
TX-010363,CLI-01113,2026-02-04,Pinturas y revestimientos,4,243440.18,Web,Transferencia,Río Grande
TX-010364,CLI-00068,2026-02-04,Plomería y caños,8,259805.7,App,Cuenta corriente,Río Grande
TX-010365,CLI-00249,2026-02-04,Electricidad e iluminación,3,78986.77,Telefónico,Tarjeta de crédito,Río Grande
TX-010367,CLI-00951,2026-02-04,Pinturas y revestimientos,3,70821.1,App,Tarjeta de débito,Ushuaia
TX-010368,CLI-01055,2026-02-04,Herramientas manuales,2,28452.72,Web,Transferencia,Ushuaia
TX-010369,CLI-00360,2026-02-04,Seguridad e indumentaria,3,144782.88,App,Transferencia,Río Grande
TX-010388,CLI-00793,2026-02-04,Maderas y tableros,22,810992.2,Telefónico,Transferencia,RÍO GRANDE
TX-010370,CLI-00627,2026-02-04,Cemento y áridos,16,305586.53,Telefónico,Efectivo en sucursal,Ushuaia
TX-010372,CLI-00568,2026-02-04,Plomería y caños,13,151708.58,Web,Tarjeta de crédito,Río Grande
TX-010374,CLI-00040,2026-02-04,Cemento y áridos,21,458843.03,App,Cuenta corriente,Ushuaia
TX-010375,CLI-00403,2026-02-04,Sanitarios y grifería,3,506308.2,App,Transferencia,Ushuaia
TX-010376,CLI-01082,2026-02-04,Cemento y áridos,28,1032457.69,Telefónico,Cuenta corriente,Ushuaia
TX-010377,CLI-00222,2026-02-04,Herramientas manuales,3,54130.4,Telefónico,Transferencia,Río Grande
TX-010378,CLI-01137,2026-02-04,Aberturas,3,1540313.14,Telefónico,Cuenta corriente,Río Grande
TX-010381,CLI-00326,2026-02-04,Pinturas y revestimientos,2,68513.13,Web,Transferencia,Río Grande
TX-010382,CLI-00563,2026-02-04,Pinturas y revestimientos,6,295895.42,Telefónico,Cuenta corriente,Río Grande
TX-010383,CLI-01222,2026-02-04,Pinturas y revestimientos,15,1066208.84,Web,Cuenta corriente,Ushuaia
TX-010371,CLI-00252,2026-02-04,Sanitarios y grifería,3,213293.46,Web,Transferencia,río grande
TX-010419,CLI-00813,2026-02-05,Pisos y cerámicos,26,1450257.17,App,Cuenta corriente,Río Grande
TX-010415,CLI-00551,2026-02-05,Pisos y cerámicos,7,450023.58,Telefónico,Cuenta corriente,Ushuaia
TX-010412,CLI-00880,2026-02-05,Herramientas manuales,9,199918.31,Web,Efectivo en sucursal,Ushuaia
TX-010404,CLI-01099,2026-02-05,Maderas y tableros,7,470838.52,Telefónico,Cuenta corriente,Ushuaia
TX-010405,CLI-01329,2026-02-05,Pinturas y revestimientos,5,122162.41,App,Efectivo en sucursal,Río Grande
TX-010406,CLI-01299,2026-02-05,Sanitarios y grifería,1,124591.97,App,Cuenta corriente,Río Grande
TX-010407,CLI-01159,2026-02-05,Pinturas y revestimientos,5,128422.43,Telefónico,Tarjeta de crédito,Ushuaia
TX-010408,CLI-00691,2026-02-05,Sanitarios y grifería,6,724328.27,Telefónico,Transferencia,Ushuaia
TX-010409,CLI-00290,2026-02-05,Herramientas manuales,5,243791.69,Web,Transferencia,
TX-010410,CLI-00284,2026-02-05,Pinturas y revestimientos,10,265632.47,App,Transferencia,río grande
TX-010411,CLI-00538,2026-02-05,Herramientas manuales,1,18021.63,Web,Tarjeta de crédito,Ushuaia
TX-010413,CLI-00805,2026-02-05,Plomería y caños,2,19195.53,Web,Transferencia,Ushuaia
TX-010414,CLI-01014,2026-02-05,Plomería y caños,6,85683.99,Telefónico,Cuenta corriente,Río Grande
TX-010416,CLI-01017,2026-02-05,Electricidad e iluminación,5,174106.06,App,Cuenta corriente,Río Grande
TX-010417,CLI-00313,2026-02-05,Cemento y áridos,16,131108.11,Web,transf.,Tolhuin
TX-010448,CLI-00691,2026-02-06,Seguridad e indumentaria,4,202924.94,Telefónico,Cuenta corriente,Ushuaia 
TX-010449,CLI-00333,2026-02-06,Ferretería general,5,30548.09,Web,Transferencia,Ushuaia
TX-010420,CLI-00498,2026-02-06,Herramientas eléctricas,1,163956.26,App,Transferencia,Rio Grande
TX-010451,CLI-00321,2026-02-06,Sanitarios y grifería,4,438391.76,Web,Cuenta corriente,Ushuaia
TX-010447,CLI-00344,2026-02-06,Ferretería general,5,39593.93,Telefónico,Cuenta corriente,Río Grande
TX-010450,CLI-01112,2026-02-06,Ferretería general,6,35838.22,Web,Transferencia,Ushuaia
TX-010445,CLI-00358,2026-02-06,Plomería y caños,12,194252.33,Web,Cuenta corriente,Ushuaia
TX-010453,CLI-00872,2026-02-06,Pinturas y revestimientos,8,382391.54,Telefónico,Cuenta corriente,Río Grande
TX-010443,CLI-00036,2026-02-06,Ferretería general,4,18902.98,Web,Transferencia,Río Grande
TX-010421,CLI-00509,2026-02-06,Electricidad e iluminación,3,37903.69,Web,Tarjeta de débito,RÍO GRANDE
TX-010422,CLI-01121,2026-02-06,Maderas y tableros,4,125034.24,Web,Tarjeta de débito,RÍO GRANDE
TX-010423,CLI-00145,2026-02-06,Cemento y áridos,3,41016.2,App,Tarjeta de débito,USHUAIA
TX-010425,CLI-00806,2026-02-06,Seguridad e indumentaria,3,464771.7,Web,Transferencia,Río Grande
TX-010427,CLI-01082,2026-02-06,Cemento y áridos,63,3107522.81,App,Transferencia,Ushuaia
TX-010428,CLI-01207,2026-02-06,Pinturas y revestimientos,8,529467.26,Telefónico,Cuenta corriente,Ushuaia
TX-010429,CLI-01082,2026-02-06,Maderas y tableros,17,1314085.48,App,Cuenta corriente,Ushuaia
TX-010430,CLI-00806,2026-02-06,Ferretería general,8,96697.57,App,Cuenta corriente,río grande
TX-010431,CLI-00523,2026-02-06,Pisos y cerámicos,40,2376094.44,App,Cuenta corriente,Río Grande
TX-010432,CLI-00063,2026-02-06,Ferretería general,2,10932.88,Web,Transferencia,Ushuaia
TX-010433,CLI-01082,2026-02-06,Cemento y áridos,45,1617919.69,Telefónico,Transferencia,Ushuaia
TX-010444,CLI-00957,2026-02-06,Plomería y caños,11,108983.53,App,Tarjeta de crédito,Río Grande
TX-010435,CLI-00051,2026-02-06,Ferretería general,4,47300.24,Telefónico,Cuenta corriente,Ushuaia
TX-010442,CLI-00694,2026-02-06,Sanitarios y grifería,2,113318.75,Web,Efectivo en sucursal,Río Grande
TX-010441,CLI-00301,2026-02-06,Electricidad e iluminación,1,16236.35,App,Transferencia,Río Grande
TX-010440,CLI-01207,2026-02-06,Pinturas y revestimientos,4,208747.25,Telefónico,Cuenta corriente,Ushuaia
TX-010438,CLI-00494,2026-02-06,Ferretería general,7,41688.6,Web,Tarjeta de débito,Tolhuin
TX-010439,CLI-01119,2026-02-06,Herramientas manuales,6,287530.98,App,Cuenta corriente,Ushuaia
TX-010454,CLI-01217,2026-02-07,Maderas y tableros,9,381451.86,Telefónico,Transferencia,Ushuaia
TX-010459,CLI-01017,2026-02-07,Cemento y áridos,45,1495335.28,Telefónico,Cuenta corriente,Río Grande
TX-010458,CLI-00519,2026-02-07,Maderas y tableros,27,1313840.97,Telefónico,Cuenta corriente,Ushuaia
TX-010457,CLI-01178,2026-02-07,Pinturas y revestimientos,4,143891.33,App,Tarjeta de débito,río grande
TX-010456,CLI-00902,2026-02-07,Herramientas manuales,1,17337.56,Web,Tarjeta de crédito,Río Grande
TX-010455,CLI-01306,2026-02-07,Pisos y cerámicos,29,607346.29,Web,Transferencia,Ushuaia
TX-010462,CLI-00218,2026-02-08,Pisos y cerámicos,10,437370.9,Telefónico,Transferencia,Río Grande
TX-010460,CLI-00441,2026-02-08,Electricidad e iluminación,5,69934.53,Web,Tarjeta de débito,Ushuaia
TX-010461,CLI-00724,2026-02-08,Electricidad e iluminación,6,77512.23,App,Tarjeta de crédito,Río Grande
TX-010492,CLI-00642,2026-02-09,Ferretería general,5,18655.85,App,Tarjeta de crédito,Ushuaia
TX-010487,CLI-00162,2026-02-09,Plomería y caños,4,101421.44,App,Transferencia,Río Grande
TX-010489,CLI-00701,2026-02-09,Electricidad e iluminación,7,301542.04,Web,Cuenta corriente,Río Grande
TX-010486,CLI-01308,2026-02-09,Electricidad e iluminación,2,26668.44,Web,Tarjeta de débito,Tolhuin
TX-010491,CLI-00615,2026-02-09,Sanitarios y grifería,6,,Web,Efectivo en sucursal,Río Grande
TX-010483,CLI-00698,2026-02-09,Electricidad e iluminación,3,40337.2,Web,Tarjeta de débito,Río Grande
TX-010464,CLI-00127,2026-02-09,Cemento y áridos,6,70655.99,Web,Tarjeta de crédito,Ushuaia
TX-010465,CLI-00833,2026-02-09,Herramientas manuales,2,33990.05,Web,Tarjeta de crédito,RÍO GRANDE
TX-010466,CLI-00112,2026-02-09,Maderas y tableros,6,408059.1,Web,Cuenta corriente,Río Grande
TX-010467,CLI-00128,2026-02-09,Pinturas y revestimientos,4,156062.77,Telefónico,Cuenta corriente,Río Grande
TX-010468,CLI-01137,2026-02-09,Pisos y cerámicos,14,833661.81,Telefónico,Cuenta corriente,Río Grande 
TX-010470,CLI-00806,2026-02-09,Cemento y áridos,19,696715.86,Telefónico,Cuenta corriente,Río Grande
TX-010471,CLI-00874,2026-02-09,Plomería y caños,24,246738.06,Web,Cuenta corriente,Río Grande
TX-010472,CLI-00403,2026-02-09,Plomería y caños,28,498788.73,Telefónico,Transferencia,Ushuaia
TX-010473,CLI-00806,2026-02-09,Aberturas,19,6811517.83,App,Transferencia,Río Grande
TX-010475,CLI-01006,2026-02-09,Ferretería general,20,219982.1,Telefónico,Cuenta corriente,Río Grande
TX-010476,CLI-01223,2026-02-09,Seguridad e indumentaria,2,107143.2,Web,Tarjeta de crédito,Ushuaia
TX-010485,CLI-01014,2026-02-09,Pinturas y revestimientos,1,51234.16,Telefónico,Tarjeta de crédito,Río Grande
TX-010481,CLI-01046,2026-02-09,Ferretería general,18,188844.51,Web,Cuenta corriente,Río Grande
TX-010482,CLI-00049,2026-02-09,Electricidad e iluminación,2,23810.26,Web,Transferencia,Río Grande
TX-010479,CLI-00188,2026-02-09,Pisos y cerámicos,7,118353.15,Web,Transferencia,Tolhuin
TX-010478,CLI-00128,2026-02-09,Ferretería general,4,27390.69,Telefónico,Cuenta corriente,Río Grande
TX-010477,CLI-01141,2026-02-09,Cemento y áridos,4,130282.94,App,Cuenta corriente,Ushuaia
TX-010502,CLI-00470,2026-02-10,Electricidad e iluminación,5,82694.68,App,Tarjeta de débito,Ushuaia
TX-010500,CLI-01170,2026-02-10,Seguridad e indumentaria,12,795715.75,App,Cuenta corriente,Tolhuin
TX-010525,CLI-00687,2026-02-10,Plomería y caños,22,456530.97,App,Transferencia,Río Grande
TX-010526,CLI-00245,2026-02-10,Electricidad e iluminación,2,30576.01,Web,Transferencia,Río Grande
TX-010493,CLI-00561,2026-02-10,Seguridad e indumentaria,2,242223.37,Telefónico,Cuenta corriente,Ushuaia
TX-010494,CLI-00509,2026-02-10,Electricidad e iluminación,3,61742.24,Web,Transferencia,Río Grande
TX-010495,CLI-00322,2026-02-10,Maderas y tableros,12,441553.1,Telefónico,Cuenta corriente,Río Grande
TX-010496,CLI-01322,2026-02-10,Sanitarios y grifería,2,125411.47,Web,Tarjeta de débito,Río Grande
TX-010497,CLI-00403,2026-02-10,Herramientas eléctricas,2,668273.26,Telefónico,Cuenta corriente,Ushuaia
TX-010498,CLI-00321,2026-02-10,Electricidad e iluminación,2,66650.56,App,Cuenta corriente,
TX-010499,CLI-00496,2026-02-10,Plomería y caños,8,88915.0,Telefónico,Transferencia,Río Grande
TX-010501,CLI-01046,2026-02-10,Seguridad e indumentaria,2,111741.4,App,Transferencia,Río Grande
TX-010523,CLI-00603,2026-02-10,Herramientas manuales,4,172643.87,App,Cuenta corriente,Ushuaia
TX-010522,CLI-00274,2026-02-10,Ferretería general,17,162247.95,Telefónico,Tarjeta de crédito,Río Grande
TX-010524,CLI-00109,2026-02-10,Electricidad e iluminación,3,27129.97,App,Transferencia,USHUAIA
TX-010520,CLI-00560,2026-02-10,Seguridad e indumentaria,7,510273.64,Web,Cuenta corriente,Río Grande
TX-010503,CLI-00933,2026-02-10,Herramientas eléctricas,1,242753.13,Web,Transferencia,Ushuaia
TX-010505,CLI-00842,2026-02-10,Electricidad e iluminación,24,502844.31,App,Transferencia,Río Grande
TX-010506,CLI-00468,2026-02-10,Herramientas eléctricas,3,1092531.76,App,Cuenta corriente,Ushuaia
TX-010507,CLI-00135,2026-02-10,Maderas y tableros,1,16761.94,Web,Transferencia,Río Grande
TX-010508,CLI-01099,2026-02-10,Maderas y tableros,4,377230.24,Web,Cuenta corriente,Ushuaia
TX-010521,CLI-00376,2026-02-10,Electricidad e iluminación,3,96485.55,Telefónico,Cuenta corriente,Ushuaia
TX-010510,CLI-01284,2026-02-10,Pinturas y revestimientos,3,101163.51,App,Tarjeta de débito,Ushuaia
TX-010511,CLI-00931,2026-02-10,Seguridad e indumentaria,5,189929.92,App,Transferencia,Río Grande
TX-010509,CLI-01313,2026-02-10,Herramientas manuales,5,153808.29,Telefónico,Transferencia,Río Grande
TX-010513,CLI-00123,2026-02-10,Pisos y cerámicos,17,343292.53,App,Transferencia,Río Grande
TX-010514,CLI-01338,2026-02-10,Electricidad e iluminación,2,29862.05,App,Tarjeta de crédito,Tolhuin
TX-010515,CLI-00540,2026-02-10,Pinturas y revestimientos,18,663828.03,Web,Transferencia,Ushuaia
TX-010516,CLI-00746,2026-02-10,Maderas y tableros,6,329097.32,App,Tarjeta de crédito,Ushuaia
TX-010517,CLI-00947,2026-02-10,Ferretería general,10,44508.72,Web,Tarjeta de crédito,Río Grande
TX-010518,CLI-00119,2026-02-10,Cemento y áridos,4,92547.23,Web,Tarjeta de débito,Tolhuin
TX-010519,CLI-00100,2026-02-10,Maderas y tableros,3,121066.96,Telefónico,Transferencia,Ushuaia
TX-010512,CLI-01006,2026-02-10,Electricidad e iluminación,2,53332.64,Telefónico,Transferencia,Río Grande
TX-010558,CLI-00172,2026-02-11,Electricidad e iluminación,7,283377.97,App,Cuenta corriente,Tolhuin
TX-010557,CLI-01204,2026-02-11,Electricidad e iluminación,6,67736.34,App,Tarjeta de débito,Ushuaia
TX-010556,CLI-00112,2026-02-11,Ferretería general,31,541863.97,Telefónico,Cuenta corriente,Río Grande
TX-010555,CLI-01113,2026-02-11,Maderas y tableros,47,1568532.59,App,Cuenta corriente,Río Grande
TX-010554,CLI-01077,2026-02-11,Electricidad e iluminación,2,23982.5,Web,Tarjeta de crédito,Ushuaia
TX-010552,CLI-01333,2026-02-11,Cemento y áridos,4,40656.7,App,Efectivo en sucursal,Ushuaia
TX-010553,CLI-00813,2026-02-11,Cemento y áridos,46,1793821.07,Telefónico,Cuenta corriente,Río Grande
TX-010548,CLI-00561,2026-02-11,Pisos y cerámicos,7,419330.07,Telefónico,Cuenta corriente,Ushuaia
TX-010549,CLI-00090,2026-02-11,Ferretería general,12,118723.0,Telefónico,Cuenta corriente,río grande
TX-010538,CLI-00759,2026-02-11,Herramientas manuales,10,,Web,Cuenta corriente,Ushuaia
TX-010537,CLI-00691,2026-02-11,Plomería y caños,4,75161.99,App,Transferencia,Ushuaia
TX-010536,CLI-00841,2026-02-11,Herramientas manuales,4,105243.05,Telefónico,Cuenta corriente,Ushuaia
TX-010535,CLI-00403,2026-02-11,Pisos y cerámicos,9,246433.37,Web,Cuenta corriente,Ushuaia
TX-010534,CLI-00030,2026-02-11,Plomería y caños,3,39237.99,Web,Transferencia,Ushuaia
TX-010533,CLI-00353,2026-02-11,Cemento y áridos,13,,Telefónico,Transferencia,USHUAIA
TX-010531,CLI-01193,2026-02-11,Aberturas,1,177788.62,Web,,Río Grande
TX-010530,CLI-00900,2026-02-11,Cemento y áridos,4,51057.75,App,Tarjeta de débito,USHUAIA
TX-010532,CLI-00633,2026-02-11,Pinturas y revestimientos,3,84704.06,App,Efectivo en sucursal,Rio Grande
TX-010539,CLI-01006,2026-02-11,Maderas y tableros,24,1032418.43,Web,Cuenta corriente,río grande
TX-010527,CLI-00370,2026-02-11,Sanitarios y grifería,9,487962.95,App,Transferencia,Ushuaia
TX-010540,CLI-00157,2026-02-11,Maderas y tableros,2,106496.07,Telefónico,Cuenta corriente,Ushuaia
TX-010541,CLI-00803,2026-02-11,Electricidad e iluminación,2,43153.14,App,Efectivo en sucursal,Ushuaia
TX-010542,CLI-01286,2026-02-11,Herramientas manuales,10,222552.53,App,Tarjeta de crédito,Tolhuin
TX-010543,CLI-00519,2026-02-11,Seguridad e indumentaria,11,876550.03,App,Tarjeta de crédito,ushuaia
TX-010544,CLI-00051,2026-02-11,Cemento y áridos,25,648081.19,Web,Transferencia,Ushuaia
TX-010546,CLI-00590,2026-02-11,Plomería y caños,16,116610.14,Web,Efectivo en sucursal,Río Grande
TX-010529,CLI-00009,2026-02-11,Pinturas y revestimientos,26,1660878.98,App,Cuenta corriente,Tolhuin
TX-010587,CLI-00551,2026-02-12,Electricidad e iluminación,2,107285.25,App,Cuenta corriente,Ushuaia
TX-010591,CLI-01082,2026-02-12,Cemento y áridos,53,1820141.61,App,Tarjeta de débito,Ushuaia
TX-010589,CLI-00701,2026-02-12,Maderas y tableros,5,378142.53,Web,Cuenta corriente,RÍO GRANDE
TX-010588,CLI-00561,2026-02-12,Electricidad e iluminación,10,480698.28,Telefónico,Transferencia,Ushuaia
TX-010586,CLI-01099,2026-02-12,Pinturas y revestimientos,3,318111.37,Telefónico,Cuenta corriente,Ushuaia
TX-010590,CLI-00403,2026-02-12,Plomería y caños,16,349181.99,App,Transferencia,Ushuaia
TX-010584,CLI-00066,2026-02-12,Pisos y cerámicos,13,444235.13,Telefónico,Cuenta corriente,Río Grande
TX-010559,CLI-00290,2026-02-12,Seguridad e indumentaria,4,302567.28,Web,Cuenta corriente,Río Grande
TX-010561,CLI-00216,2026-02-12,Seguridad e indumentaria,3,117990.81,App,Tarjeta de débito,Tolhuin
TX-010562,CLI-01300,2026-02-12,Pisos y cerámicos,8,392517.66,Telefónico,Cuenta corriente,Río Grande
TX-010563,CLI-01306,2026-02-12,Plomería y caños,3,39918.66,Web,transf.,Ushuaia
TX-010564,CLI-01013,2026-02-12,Pinturas y revestimientos,2,177922.18,App,Transferencia,USHUAIA
TX-010566,CLI-01002,2026-02-12,Aberturas,7,1871082.16,Web,Tarjeta de débito,Río Grande
TX-010567,CLI-01051,2026-02-12,Cemento y áridos,21,538400.65,App,Cuenta corriente,Río Grande
TX-010570,CLI-00540,2026-02-12,Plomería y caños,3,48355.23,Telefónico,Cuenta corriente,Ushuaia
TX-010571,CLI-00517,2026-02-12,Herramientas manuales,1,16430.63,Web,Transferencia,Río Grande
TX-010572,CLI-00040,2026-02-12,Herramientas manuales,11,314156.7,App,Cuenta corriente,Ushuaia
TX-010574,CLI-00540,2026-02-12,Herramientas manuales,11,318894.26,App,Tarjeta de crédito,Ushuaia
TX-010585,CLI-00401,2026-02-12,Ferretería general,14,60154.75,Web,Transferencia,Río Grande
TX-010560,CLI-01014,2026-02-12,Electricidad e iluminación,7,164215.73,Web,Cuenta corriente,Río Grande
TX-010581,CLI-00403,2026-02-12,Sanitarios y grifería,15,1696610.4,App,Cuenta corriente,Ushuaia
TX-010579,CLI-00615,2026-02-12,Herramientas manuales,1,26121.62,Web,Tarjeta de débito,Rio Grande
TX-010578,CLI-00416,2026-02-12,Ferretería general,8,48075.27,App,Tarjeta de débito,Tolhuin
TX-010577,CLI-00689,2026-02-12,Ferretería general,4,40075.92,App,Tarjeta de crédito,Río Grande
TX-010576,CLI-00858,2026-02-12,Pinturas y revestimientos,2,61809.25,Web,Transferencia,Ushuaia
TX-010603,CLI-01028,2026-02-13,Ferretería general,7,45136.25,App,Tarjeta de crédito,Ushuaia
TX-010593,CLI-01286,2026-02-13,Pinturas y revestimientos,2,70739.18,Web,Tarjeta de crédito,Tolhuin
TX-010595,CLI-00540,2026-02-13,Pisos y cerámicos,64,2070136.63,Telefónico,Cuenta corriente,Ushuaia
TX-010596,CLI-01300,2026-02-13,Seguridad e indumentaria,4,365520.23,Telefónico,Transferencia,Río Grande
TX-010602,CLI-00249,2026-02-13,Herramientas manuales,6,238260.9,Telefónico,Cuenta corriente,río grande
TX-010597,CLI-00719,2026-02-13,Sanitarios y grifería,5,697446.89,App,Transferencia,Ushuaia
TX-010600,CLI-00694,2026-02-13,Aberturas,7,800650.82,Web,Tarjeta de crédito,Río Grande
TX-010612,CLI-01000,2026-02-13,Herramientas manuales,4,163478.8,Web,Cuenta corriente,Ushuaia
TX-010610,CLI-01249,2026-02-13,Ferretería general,3,16869.5,Web,Tarjeta de débito,Río Grande
TX-010609,CLI-00421,2026-02-13,Ferretería general,3,16052.79,Telefónico,Tarjeta de crédito,Río Grande
TX-010601,CLI-00793,2026-02-13,Cemento y áridos,12,261737.87,Telefónico,Transferencia,Río Grande
TX-010605,CLI-01000,2026-02-13,Cemento y áridos,39,852613.53,App,Cuenta corriente,Ushuaia 
TX-010604,CLI-01181,2026-02-13,Electricidad e iluminación,1,12691.15,App,Tarjeta de débito,Rio Grande
TX-010599,CLI-00258,2026-02-13,Plomería y caños,2,20703.94,Web,Tarjeta de crédito,ushuaia
TX-010606,CLI-00833,2026-02-13,Herramientas manuales,13,160557.79,App,Transferencia,Río Grande
TX-010634,CLI-01014,2026-02-14,Sanitarios y grifería,9,979717.6,Web,Cuenta corriente,Río Grande
TX-010635,CLI-00813,2026-02-14,Aberturas,4,1402518.81,Telefónico,Efectivo en sucursal,Río Grande
TX-010633,CLI-01000,2026-02-14,Cemento y áridos,15,415841.23,Telefónico,Cuenta corriente,Ushuaia
TX-010630,CLI-01099,2026-02-14,Herramientas manuales,8,598603.83,Web,Cuenta corriente,Ushuaia
TX-010613,CLI-00289,2026-02-14,Cemento y áridos,11,257725.77,App,Cuenta corriente,Rio Grande
TX-010614,CLI-01178,2026-02-14,Ferretería general,6,34827.58,Telefónico,Efectivo en sucursal,Río Grande
TX-010615,CLI-00561,2026-02-14,Pisos y cerámicos,17,1015335.93,App,Cuenta corriente,Ushuaia
TX-010616,CLI-00222,2026-02-14,Ferretería general,3,11773.25,Web,T. crédito,Río Grande
TX-010618,CLI-00252,2026-02-14,Plomería y caños,4,55599.12,App,Transferencia,Río Grande
TX-010619,CLI-00392,2026-02-14,Aberturas,7,1723870.83,Telefónico,Cuenta corriente,Río Grande
TX-010620,CLI-00874,2026-02-14,Ferretería general,4,22706.3,Web,Tarjeta de débito,Río Grande
TX-010621,CLI-01270,2026-02-14,Herramientas eléctricas,1,220733.62,Telefónico,Tarjeta de crédito,Ushuaia
TX-010623,CLI-00047,2026-02-14,Herramientas manuales,3,64011.16,App,Tarjeta de débito,Ushuaia
TX-010626,CLI-00353,2026-02-14,Maderas y tableros,2,56714.87,App,Tarjeta de débito,Ushuaia
TX-010628,CLI-01095,2026-02-14,Electricidad e iluminación,5,82950.98,Web,Tarjeta de débito,Río Grande
TX-010631,CLI-00156,2026-02-14,Sanitarios y grifería,2,128956.83,Web,Transferencia,Río Grande
TX-010624,CLI-00414,2026-02-14,Sanitarios y grifería,1,49970.01,Web,Transferencia,Río Grande
TX-010629,CLI-00249,2026-02-14,Sanitarios y grifería,2,226743.73,App,Cuenta corriente,Río Grande
TX-010639,CLI-00561,2026-02-15,Cemento y áridos,23,802236.09,Telefónico,Tarjeta de crédito,Ushuaia
TX-010638,CLI-00879,2026-02-15,Aberturas,5,2082038.5,App,Tarjeta de débito,Río Grande
TX-010637,CLI-00813,2026-02-15,Cemento y áridos,17,683942.73,App,Cuenta corriente,Rio Grande
TX-010636,CLI-00420,2026-02-15,Plomería y caños,4,38251.37,Web,Tarjeta de crédito,Ushuaia
TX-010652,CLI-00523,2026-02-16,Herramientas eléctricas,3,1453681.14,Telefónico,Cuenta corriente,Río Grande
TX-010643,CLI-00858,2026-02-16,Ferretería general,25,133747.89,Web,Tarjeta de crédito,Ushuaia
TX-010642,CLI-00948,2026-02-16,Electricidad e iluminación,3,59844.81,Telefónico,Tarjeta de débito,Río Grande
TX-010641,CLI-01137,2026-02-16,Pinturas y revestimientos,4,327585.62,App,transf.,Río Grande
TX-010649,CLI-01028,2026-02-16,Pinturas y revestimientos,3,88893.09,Web,Tarjeta de débito,Ushuaia
TX-010640,CLI-01137,2026-02-16,Ferretería general,3,36209.06,App,Tarjeta de crédito,Río Grande
TX-010648,CLI-01201,2026-02-16,Cemento y áridos,26,237813.6,Web,Tarjeta de crédito,Río Grande
TX-010646,CLI-00600,2026-02-16,Electricidad e iluminación,1,13176.06,App,Tarjeta de crédito,Río Grande
TX-010677,CLI-00127,2026-02-16,Cemento y áridos,64,921294.42,Web,Transferencia,Ushuaia
TX-010675,CLI-00127,2026-02-16,Plomería y caños,4,42700.8,App,Tarjeta de débito,Ushuaia
TX-010674,CLI-01082,2026-02-16,Ferretería general,20,243021.81,App,Cuenta corriente,Ushuaia
TX-010647,CLI-01201,2026-02-16,Maderas y tableros,3,80922.74,App,T. débito,Río Grande
TX-010671,CLI-00111,2026-02-16,Seguridad e indumentaria,2,80339.47,Telefónico,Tarjeta de crédito,Río Grande
TX-010654,CLI-01159,2026-02-16,Electricidad e iluminación,6,84092.68,Web,Transferencia,Ushuaia
TX-010667,CLI-01332,2026-02-16,Herramientas eléctricas,3,1097879.6,App,Cuenta corriente,Ushuaia 
TX-010655,CLI-00776,2026-02-16,Plomería y caños,3,33288.58,App,Tarjeta de débito,Río Grande
TX-010657,CLI-00540,2026-02-16,Ferretería general,16,286881.04,App,Cuenta corriente,Ushuaia
TX-010658,CLI-00249,2026-02-16,Plomería y caños,4,78447.83,Web,Transferencia,Río Grande
TX-010661,CLI-00258,2026-02-16,Ferretería general,3,14897.8,App,Tarjeta de crédito,Ushuaia
TX-010662,CLI-01149,2026-02-16,Sanitarios y grifería,3,195525.67,App,Efectivo en sucursal,Ushuaia
TX-010660,CLI-00561,2026-02-16,Cemento y áridos,16,655108.23,Telefónico,Transferencia,USHUAIA
TX-010672,CLI-01079,2026-02-16,Herramientas eléctricas,1,243540.34,Web,Tarjeta de crédito,Ushuaia
TX-010664,CLI-01089,2026-02-16,Ferretería general,15,76337.07,Web,Transferencia,Tolhuin
TX-010665,CLI-01099,2026-02-16,Pisos y cerámicos,11,673244.67,Telefónico,Cuenta corriente,Ushuaia
TX-010666,CLI-00202,2026-02-16,Pinturas y revestimientos,4,245931.58,Web,Transferencia,Ushuaia
TX-010668,CLI-00030,2026-02-16,Pisos y cerámicos,17,277691.43,Web,Transferencia,Ushuaia
TX-010669,CLI-01082,2026-02-16,Cemento y áridos,75,3557777.27,Telefónico,Cuenta corriente,Ushuaia
TX-010663,CLI-01260,2026-02-16,Seguridad e indumentaria,3,82797.65,Web,Tarjeta de crédito,Río Grande 
TX-010707,CLI-01050,2026-02-17,Sanitarios y grifería,5,311659.47,Web,Transferencia,Río Grande
TX-010710,CLI-00245,2026-02-17,Electricidad e iluminación,4,66477.11,App,Tarjeta de débito,Río Grande
TX-010709,CLI-00687,2026-02-17,Pinturas y revestimientos,6,325590.14,Telefónico,Cuenta corriente,Río Grande
TX-010708,CLI-00245,2026-02-17,Herramientas manuales,1,23946.94,App,Transferencia,Río Grande
TX-010704,CLI-00719,2026-02-17,Cemento y áridos,12,536778.95,Telefónico,Tarjeta de crédito,Ushuaia
TX-010705,CLI-01193,2026-02-17,Herramientas manuales,11,202192.49,App,Transferencia,Río Grande
TX-010701,CLI-01074,2026-02-17,Ferretería general,3,12460.53,Web,Tarjeta de débito,Río Grande 
TX-010678,CLI-01093,2026-02-17,Ferretería general,14,107247.45,Web,Cuenta corriente,Ushuaia
TX-010679,CLI-00162,2026-02-17,Cemento y áridos,17,391348.17,App,Transferencia,Río Grande
TX-010681,CLI-01170,2026-02-17,Seguridad e indumentaria,3,188354.74,Telefónico,Cuenta corriente,Tolhuin
TX-010682,CLI-00152,2026-02-17,Sanitarios y grifería,2,103247.01,Web,Tarjeta de débito,Tolhuin
TX-010683,CLI-00172,2026-02-17,Pinturas y revestimientos,12,1028204.09,Web,Tarjeta de crédito,Tolhuin
TX-010684,CLI-01028,2026-02-17,Herramientas manuales,2,47175.92,Web,Transferencia,Ushuaia
TX-010703,CLI-00112,2026-02-17,Aberturas,4,2642741.8,Telefónico,Tarjeta de crédito,Río Grande
TX-010686,CLI-00051,2026-02-17,Plomería y caños,23,357595.04,Telefónico,Tarjeta de crédito,Ushuaia
TX-010688,CLI-01082,2026-02-17,Herramientas manuales,12,492357.97,App,Cuenta corriente,Ushuaia
TX-010685,CLI-01313,2026-02-17,Sanitarios y grifería,2,299967.27,Web,Transferencia,Río Grande
TX-010690,CLI-00990,2026-02-17,Cemento y áridos,39,820534.86,Telefónico,Cuenta corriente,Ushuaia
TX-010692,CLI-00540,2026-02-17,Cemento y áridos,35,-585106.75,App,Cuenta corriente,Ushuaia
TX-010694,CLI-00068,2026-02-17,Sanitarios y grifería,2,321065.18,Telefónico,Transferencia,Río Grande
TX-010695,CLI-00806,2026-02-17,Seguridad e indumentaria,6,847447.24,Telefónico,Cuenta corriente,Río Grande
TX-010698,CLI-00519,2026-02-17,Pisos y cerámicos,7,235295.06,Telefónico,Cuenta corriente,Ushuaia
TX-010699,CLI-01223,2026-02-17,Maderas y tableros,7,164228.91,App,Tarjeta de crédito,Ushuaia
TX-010700,CLI-00874,2026-02-17,Maderas y tableros,3,104307.79,App,Tarjeta de débito,Río Grande
TX-010689,CLI-01000,2026-02-17,Plomería y caños,12,244360.29,Web,Tarjeta de crédito,Ushuaia
TX-010733,CLI-01028,2026-02-18,Sanitarios y grifería,3,222326.04,Web,transf.,Ushuaia 
TX-010737,CLI-01099,2026-02-18,Ferretería general,9,148396.3,Telefónico,Cuenta corriente,Ushuaia
TX-010736,CLI-01178,2026-02-18,Seguridad e indumentaria,2,112074.38,App,Tarjeta de crédito,Río Grande
TX-010735,CLI-01074,2026-02-18,Electricidad e iluminación,2,26493.24,Web,Transferencia,Río Grande
TX-010734,CLI-00421,2026-02-18,Herramientas manuales,3,59265.02,App,Efectivo en sucursal,RÍO GRANDE
TX-010732,CLI-00142,2026-02-18,Plomería y caños,5,59468.49,App,Transferencia,RÍO GRANDE
TX-010720,CLI-01121,2026-02-18,Plomería y caños,8,86296.13,App,Tarjeta de débito,Río Grande
TX-010730,CLI-01020,2026-02-18,Pinturas y revestimientos,5,131246.54,App,Tarjeta de débito,Río Grande
TX-010711,CLI-00142,2026-02-18,Ferretería general,5,44884.63,App,Cuenta corriente,Río Grande
TX-010712,CLI-01082,2026-02-18,Pinturas y revestimientos,7,544278.38,App,Cuenta corriente,Ushuaia
TX-010713,CLI-01137,2026-02-18,Pinturas y revestimientos,6,,Telefónico,Tarjeta de crédito,Río Grande
TX-010714,CLI-00563,2026-02-18,Sanitarios y grifería,4,367114.62,Telefónico,Tarjeta de crédito,Río Grande
TX-010715,CLI-01170,2026-02-18,Pisos y cerámicos,12,442973.23,App,Tarjeta de crédito,Tolhuin
TX-010716,CLI-00701,2026-02-18,Pisos y cerámicos,9,436431.91,App,Cuenta corriente,Río Grande
TX-010731,CLI-00111,2026-02-18,Electricidad e iluminación,4,76595.88,Web,Tarjeta de crédito,Río Grande
TX-010719,CLI-00289,2026-02-18,Electricidad e iluminación,19,439734.59,Telefónico,Tarjeta de crédito,Río Grande
TX-010717,CLI-00635,2026-02-18,Ferretería general,7,24711.62,Web,Transferencia,Ushuaia
TX-010722,CLI-00339,2026-02-18,Ferretería general,8,51113.95,Web,Transferencia,Ushuaia
TX-010723,CLI-01322,2026-02-18,Maderas y tableros,8,274096.59,App,Tarjeta de crédito,Río Grande
TX-010724,CLI-00546,2026-02-18,Plomería y caños,28,521315.67,Telefónico,Cuenta corriente,Río Grande
TX-010725,CLI-00733,2026-02-18,Ferretería general,44,453142.27,App,Transferencia,Río Grande
TX-010726,CLI-00935,2026-02-18,Electricidad e iluminación,10,356222.83,App,Transferencia,Río Grande
TX-010727,CLI-00671,2026-02-18,Cemento y áridos,5,66196.87,Web,Tarjeta de débito,Río Grande
TX-010728,CLI-00321,2026-02-18,Aberturas,11,4431449.93,Telefónico,Cuenta corriente,Ushuaia
TX-010729,CLI-01270,2026-02-18,Maderas y tableros,5,105513.31,Web,Tarjeta de débito,ushuaia
TX-010721,CLI-01265,2026-02-18,Pisos y cerámicos,9,369442.73,Telefónico,Transferencia,Tolhuin
TX-010763,CLI-01243,2026-02-19,Cemento y áridos,116,2115692.97,App,Transferencia,río grande
TX-010769,CLI-00379,2026-02-19,Maderas y tableros,1,23235.12,App,Efectivo en sucursal,río grande
TX-010767,CLI-01103,2026-02-19,Cemento y áridos,9,109687.84,App,Tarjeta de crédito,RÍO GRANDE
TX-010766,CLI-00874,2026-02-19,Herramientas manuales,3,68439.13,Web,Cuenta corriente,Río Grande
TX-010765,CLI-00563,2026-02-19,Herramientas manuales,2,51468.36,App,Cuenta corriente,Río Grande
TX-010761,CLI-00687,2026-02-19,Pisos y cerámicos,11,326264.78,App,Transferencia,Río Grande
TX-010745,CLI-00496,2026-02-19,Aberturas,4,648376.78,Web,Transferencia,Río Grande
TX-010759,CLI-00475,2026-02-19,Electricidad e iluminación,19,326205.19,Web,Transferencia,Rio Grande
TX-010750,CLI-00523,2026-02-19,Cemento y áridos,77,2519480.33,App,Cuenta corriente,Río Grande
TX-010749,CLI-01099,2026-02-19,Aberturas,4,1561007.05,Telefónico,Tarjeta de débito,Ushuaia
TX-010747,CLI-00172,2026-02-19,Pisos y cerámicos,14,721672.65,App,Transferencia,Tolhuin
TX-010744,CLI-00128,2026-02-19,Ferretería general,4,36479.4,Web,Transferencia,Río Grande
TX-010743,CLI-00805,2026-02-19,Herramientas manuales,2,44546.36,Web,Transferencia,Ushuaia
TX-010742,CLI-00403,2026-02-19,Sanitarios y grifería,5,605605.09,App,Efectivo en sucursal,Ushuaia
TX-010760,CLI-00811,2026-02-19,Plomería y caños,13,103864.11,Web,Tarjeta de débito,Ushuaia
TX-010741,CLI-00561,2026-02-19,Ferretería general,5,64755.27,App,Transferencia,USHUAIA
TX-010740,CLI-01170,2026-02-19,Ferretería general,18,167959.62,Telefónico,Cuenta corriente,Tolhuin
TX-010739,CLI-00376,2026-02-19,Plomería y caños,19,462205.72,Telefónico,Cuenta corriente,Ushuaia
TX-010738,CLI-00821,2026-02-19,Herramientas manuales,5,81767.32,Web,Tarjeta de débito,Río Grande
TX-010751,CLI-00551,2026-02-19,Ferretería general,13,183519.08,App,Tarjeta de crédito,Ushuaia
TX-010753,CLI-01329,2026-02-19,Herramientas manuales,8,225355.09,Web,Tarjeta de débito,río grande
TX-010758,CLI-00602,2026-02-19,Herramientas manuales,1,20713.19,Web,Tarjeta de débito,Ushuaia
TX-010757,CLI-00523,2026-02-19,Electricidad e iluminación,17,597517.72,Telefónico,Cuenta corriente,Río Grande
TX-010756,CLI-01113,2026-02-19,Cemento y áridos,15,338746.23,App,Transferencia,Río Grande
TX-010755,CLI-01322,2026-02-19,Pinturas y revestimientos,2,64558.25,Web,Tarjeta de débito,Río Grande
TX-010754,CLI-00783,2026-02-19,Herramientas manuales,2,33115.3,Telefónico,T. débito,Ushuaia
TX-010779,CLI-01299,2026-02-20,Herramientas manuales,12,393753.47,Web,Transferencia,Río Grande
TX-010770,CLI-00504,2026-02-20,Pinturas y revestimientos,7,292118.55,App,Tarjeta de crédito,Ushuaia
TX-010771,CLI-01035,2026-02-20,Plomería y caños,46,447409.62,App,Transferencia,RÍO GRANDE
TX-010778,CLI-01013,2026-02-20,Ferretería general,27,409746.95,App,Transferencia,Ushuaia
TX-010772,CLI-00831,2026-02-20,Maderas y tableros,2,52352.7,Web,Transferencia,Ushuaia
TX-010774,CLI-00649,2026-02-20,Plomería y caños,9,169172.72,Telefónico,Tarjeta de débito,Ushuaia
TX-010775,CLI-00649,2026-02-20,Aberturas,4,1079785.42,Web,Cuenta corriente,Ushuaia
TX-010785,CLI-01039,2026-02-20,Pinturas y revestimientos,5,150297.55,Web,Transferencia,Ushuaia
TX-010784,CLI-01017,2026-02-20,Cemento y áridos,16,691694.12,Telefónico,Cuenta corriente,Río Grande
TX-010783,CLI-01322,2026-02-20,Plomería y caños,3,33609.8,Web,Tarjeta de débito,Río Grande
TX-010777,CLI-00382,2026-02-20,Plomería y caños,2,31034.45,App,Transferencia,Río Grande
TX-010780,CLI-00205,2026-02-20,Seguridad e indumentaria,4,246051.13,Web,Tarjeta de crédito,Ushuaia
TX-010773,CLI-00321,2026-02-20,Pisos y cerámicos,13,695451.05,Telefónico,Cuenta corriente,Ushuaia
TX-010781,CLI-00698,2026-02-20,Sanitarios y grifería,4,229145.15,Web,transf.,Río Grande
TX-010791,CLI-00540,2026-02-21,Herramientas manuales,10,351943.65,Telefónico,Tarjeta de crédito,Ushuaia
TX-010795,CLI-00793,2026-02-21,Maderas y tableros,1,56898.73,App,Transferencia,Río Grande
TX-010794,CLI-00937,2026-02-21,Ferretería general,5,22043.62,Telefónico,Transferencia,Ushuaia
TX-010793,CLI-00162,2026-02-21,Pinturas y revestimientos,4,202002.07,Telefónico,Cuenta corriente,Río Grande
TX-010792,CLI-00119,2026-02-21,Cemento y áridos,12,164059.66,Web,Tarjeta de débito,Tolhuin
TX-010790,CLI-00358,2026-02-21,Plomería y caños,6,102305.56,Telefónico,Tarjeta de crédito,Ushuaia
TX-010788,CLI-01221,2026-02-21,Ferretería general,8,35038.06,Web,Tarjeta de crédito,Ushuaia
TX-010787,CLI-00390,2026-02-21,Herramientas manuales,3,121986.18,App,Cuenta corriente,Ushuaia
TX-010786,CLI-00691,2026-02-21,Seguridad e indumentaria,5,292086.52,App,Transferencia,Ushuaia
TX-010798,CLI-00879,2026-02-22,Electricidad e iluminación,3,165225.08,Telefónico,Tarjeta de crédito,Río Grande
TX-010797,CLI-00290,2026-02-22,Electricidad e iluminación,1,23211.18,Web,Cuenta corriente,Río Grande
TX-010796,CLI-00110,2026-02-22,Pisos y cerámicos,8,106047.87,Telefónico,Transferencia,Ushuaia
TX-010799,CLI-01113,2026-02-22,Maderas y tableros,14,608786.35,App,Cuenta corriente,RÍO GRANDE
TX-010820,CLI-00301,2026-02-23,Maderas y tableros,2,51257.16,Web,Transferencia,Río Grande
TX-010824,CLI-01099,2026-02-23,Herramientas manuales,2,125929.48,App,Cuenta corriente,Ushuaia
TX-010821,CLI-00671,2026-02-23,Pinturas y revestimientos,1,36358.34,Web,Tarjeta de crédito,Río Grande
TX-010819,CLI-00289,2026-02-23,Pisos y cerámicos,27,1398249.75,App,,Río Grande
TX-010810,CLI-00127,2026-02-23,Plomería y caños,4,44853.67,Web,Transferencia,ushuaia
TX-010816,CLI-01008,2026-02-23,Sanitarios y grifería,2,122909.5,Web,Tarjeta de débito,Ushuaia
TX-010800,CLI-00556,2026-02-23,Pisos y cerámicos,4,79478.83,App,Transferencia,Río Grande
TX-010803,CLI-01159,2026-02-23,Herramientas manuales,5,132882.64,Web,Transferencia,Ushuaia
TX-010804,CLI-00503,2026-02-23,Herramientas manuales,1,19859.82,App,Tarjeta de crédito,Río Grande
TX-010805,CLI-00390,2026-02-23,Herramientas manuales,3,73235.47,Telefónico,Tarjeta de crédito,ushuaia
TX-010806,CLI-01276,2026-02-23,Seguridad e indumentaria,2,91789.81,App,Tarjeta de crédito,Ushuaia
TX-010807,CLI-00786,2026-02-23,Seguridad e indumentaria,1,36843.78,Telefónico,Efectivo en sucursal,Río Grande
TX-010808,CLI-00832,2026-02-23,Herramientas eléctricas,2,319419.44,Web,Tarjeta de débito,Ushuaia
TX-010809,CLI-00793,2026-02-23,Plomería y caños,7,139539.94,App,Cuenta corriente,Río Grande
TX-010811,CLI-00772,2026-02-23,Pinturas y revestimientos,5,272391.22,App,Cuenta corriente,Río Grande
TX-010812,CLI-00403,2026-02-23,Cemento y áridos,9,218867.38,Telefónico,Transferencia,Ushuaia
TX-010813,CLI-00156,2026-02-23,Herramientas manuales,19,329336.89,Web,Tarjeta de crédito,Río Grande
TX-010817,CLI-01011,2026-02-23,Ferretería general,1,4475.7,Web,Tarjeta de débito,Ushuaia
TX-010801,CLI-00719,2026-02-23,Maderas y tableros,3,180780.6,Telefónico,Cuenta corriente,Ushuaia
TX-010814,CLI-01113,2026-02-23,Pinturas y revestimientos,2,90264.28,Telefónico,Cuenta corriente,río grande
TX-010815,CLI-00068,2026-02-23,Maderas y tableros,27,2566741.08,Telefónico,Cuenta corriente,Río Grande
TX-010838,CLI-00649,2026-02-24,Plomería y caños,9,153444.23,App,Cuenta corriente,Ushuaia
TX-010835,CLI-00996,2026-02-24,Ferretería general,9,71519.51,Telefónico,Cuenta corriente,Ushuaia
TX-010836,CLI-00563,2026-02-24,Ferretería general,19,183304.9,App,Transferencia,RÍO GRANDE
TX-010834,CLI-00289,2026-02-24,Pisos y cerámicos,9,351207.49,Telefónico,Tarjeta de débito,Río Grande
TX-010833,CLI-00068,2026-02-24,Maderas y tableros,40,2793165.19,Web,Cuenta corriente,río grande
TX-010832,CLI-00783,2026-02-24,Pisos y cerámicos,4,70219.97,Web,Tarjeta de crédito,Ushuaia
TX-010831,CLI-00134,2026-02-24,Ferretería general,20,81406.69,App,Tarjeta de crédito,ushuaia
TX-010830,CLI-00538,2026-02-24,Ferretería general,4,25674.58,Web,Transferencia,Ushuaia
TX-010829,CLI-00540,2026-02-24,Pisos y cerámicos,16,671324.44,Telefónico,Tarjeta de crédito,Ushuaia
TX-010828,CLI-00258,2026-02-24,Herramientas eléctricas,2,381105.78,Web,Transferencia,Ushuaia
TX-010826,CLI-00420,2026-02-24,Herramientas manuales,3,53351.32,Web,Cuenta corriente,Ushuaia
TX-010855,CLI-01227,2026-02-24,Ferretería general,22,62886.24,App,Transferencia,Ushuaia
TX-010825,CLI-01064,2026-02-24,Ferretería general,24,131765.63,Web,Transferencia,Río Grande
TX-010853,CLI-00551,2026-02-24,Cemento y áridos,58,2176880.69,Telefónico,Efectivo en sucursal,Ushuaia
TX-010841,CLI-00515,2026-02-24,Electricidad e iluminación,2,62360.32,Telefónico,Cuenta corriente,Río Grande
TX-010843,CLI-01207,2026-02-24,Cemento y áridos,15,347632.47,Telefónico,Cuenta corriente,USHUAIA
TX-010844,CLI-00043,2026-02-24,Seguridad e indumentaria,4,107376.57,Web,Transferencia,Río Grande
TX-010854,CLI-00258,2026-02-24,Electricidad e iluminación,2,23007.82,App,Transferencia,Ushuaia
TX-010846,CLI-01051,2026-02-24,Pisos y cerámicos,10,512052.01,App,Transferencia,Río Grande
TX-010847,CLI-00100,2026-02-24,Ferretería general,8,108529.86,Telefónico,Tarjeta de crédito,Ushuaia
TX-010845,CLI-00872,2026-02-24,Electricidad e iluminación,6,136720.59,Telefónico,Cuenta corriente,Río Grande
TX-010849,CLI-00289,2026-02-24,Herramientas manuales,14,549469.97,Telefónico,Cuenta corriente,Río Grande
TX-010850,CLI-01005,2026-02-24,Herramientas manuales,2,38418.88,Web,Transferencia,Ushuaia
TX-010851,CLI-00337,2026-02-24,Plomería y caños,7,75958.05,Web,Transferencia,Río Grande
TX-010852,CLI-01104,2026-02-24,Seguridad e indumentaria,5,301991.7,Telefónico,Cuenta corriente,Río Grande
TX-010848,CLI-00900,2026-02-24,Seguridad e indumentaria,1,47870.68,App,Tarjeta de crédito,Ushuaia
TX-010883,CLI-00627,2026-02-25,Sanitarios y grifería,2,175463.31,Web,Transferencia,Ushuaia
TX-010890,CLI-00009,2026-02-25,Herramientas manuales,3,118660.09,Telefónico,Tarjeta de débito,Tolhuin
TX-010889,CLI-00993,2026-02-25,Ferretería general,5,41781.83,App,Tarjeta de débito,Río Grande
TX-010886,CLI-00282,2026-02-25,Ferretería general,3,16858.56,App,Efectivo en sucursal,Rio Grande
TX-010885,CLI-00290,2026-02-25,Herramientas manuales,2,49594.95,App,Cuenta corriente,río grande
TX-010884,CLI-00300,2026-02-25,Plomería y caños,13,373987.22,Telefónico,Transferencia,Ushuaia
TX-010882,CLI-00300,2026-02-25,Pisos y cerámicos,7,269565.05,Telefónico,Transferencia,ushuaia
TX-010887,CLI-00161,2026-02-25,Pinturas y revestimientos,2,59677.21,Web,Efectivo en sucursal,Ushuaia
TX-010880,CLI-01011,2026-02-25,Ferretería general,5,30448.87,Web,Tarjeta de crédito,USHUAIA
TX-010881,CLI-01053,2026-02-25,Pisos y cerámicos,13,439910.28,App,Cuenta corriente,Río Grande
TX-010869,CLI-01222,2026-02-25,Pisos y cerámicos,23,884401.03,App,Cuenta corriente,
TX-010868,CLI-01050,2026-02-25,Herramientas manuales,7,158417.59,Web,Transferencia,Río Grande
TX-010867,CLI-00491,2026-02-25,Pisos y cerámicos,6,152948.64,App,Cuenta corriente,Río Grande
TX-010865,CLI-01270,2026-02-25,Plomería y caños,8,79137.42,App,Cuenta corriente,Ushuaia
TX-010864,CLI-00935,2026-02-25,Ferretería general,12,215074.28,Telefónico,Cuenta corriente,Río Grande
TX-010862,CLI-01077,2026-02-25,Ferretería general,9,44813.68,Web,Tarjeta de crédito,ushuaia
TX-010860,CLI-00322,2026-02-25,Ferretería general,12,109107.23,App,Cuenta corriente,Río Grande
TX-010859,CLI-00649,2026-02-25,Herramientas eléctricas,1,377925.41,Web,Cuenta corriente,Ushuaia
TX-010870,CLI-00382,2026-02-25,Ferretería general,6,29791.77,App,Transferencia,Río Grande
TX-010857,CLI-00134,2026-02-25,Electricidad e iluminación,2,40911.23,Telefónico,Tarjeta de crédito,Ushuaia
TX-010856,CLI-00337,2026-02-25,Ferretería general,14,56845.98,App,Transferencia,Río Grande
TX-010873,CLI-00519,2026-02-25,Plomería y caños,3,45124.41,Telefónico,Tarjeta de crédito,Ushuaia
TX-010874,CLI-00935,2026-02-25,Pinturas y revestimientos,6,582377.98,Telefónico,Cuenta corriente,Río Grande
TX-010875,CLI-00888,2026-02-25,Aberturas,3,569227.29,Web,Tarjeta de débito,Tolhuin
TX-010877,CLI-01082,2026-02-25,Plomería y caños,6,170862.55,Telefónico,Cuenta corriente,Ushuaia
TX-010878,CLI-01093,2026-02-25,Cemento y áridos,10,251973.84,Telefónico,Tarjeta de débito,Ushuaia
TX-010879,CLI-01211,2026-02-25,Herramientas eléctricas,1,194129.52,Telefónico,Tarjeta de débito,Río Grande
TX-010858,CLI-01099,2026-02-25,Ferretería general,19,220684.05,App,Transferencia,Ushuaia
TX-010923,CLI-00793,2026-02-26,Pisos y cerámicos,5,231459.22,Web,Cuenta corriente,Río Grande
TX-010926,CLI-00621,2026-02-26,Electricidad e iluminación,6,140593.41,Telefónico,Transferencia,Río Grande
TX-010925,CLI-00993,2026-02-26,Maderas y tableros,15,669410.46,Web,Cuenta corriente,Río Grande
TX-010922,CLI-01113,2026-02-26,Electricidad e iluminación,15,442864.81,App,Cuenta corriente,Río Grande
TX-010927,CLI-00546,2026-02-26,Ferretería general,5,55565.47,App,Transferencia,Río Grande
TX-010920,CLI-01099,2026-02-26,Pinturas y revestimientos,16,1203782.98,App,Cuenta corriente,Ushuaia
TX-010891,CLI-00157,2026-02-26,Sanitarios y grifería,2,261983.57,Telefónico,Cuenta corriente,Ushuaia
TX-010892,CLI-00100,2026-02-26,Cemento y áridos,33,623286.95,Telefónico,Efectivo en sucursal,Ushuaia
TX-010893,CLI-00805,2026-02-26,Cemento y áridos,8,115390.72,Web,transf.,Ushuaia
TX-010894,CLI-00815,2026-02-26,Sanitarios y grifería,2,82709.02,App,Efectivo en sucursal,Ushuaia
TX-010897,CLI-01090,2026-02-26,Herramientas manuales,2,30908.24,App,Transferencia,ushuaia
TX-010898,CLI-00561,2026-02-26,Seguridad e indumentaria,12,1313543.09,Telefónico,Tarjeta de crédito,Ushuaia
TX-010902,CLI-01119,2026-02-26,Cemento y áridos,11,239157.15,Web,Cuenta corriente,Ushuaia
TX-010903,CLI-00379,2026-02-26,Plomería y caños,3,29501.24,Web,Tarjeta de débito,Río Grande
TX-010904,CLI-00379,2026-02-26,Maderas y tableros,14,371102.03,Telefónico,Tarjeta de crédito,RÍO GRANDE
TX-010911,CLI-00112,2026-02-26,Pinturas y revestimientos,15,1614419.23,App,Cuenta corriente,Río Grande
TX-010914,CLI-00258,2026-02-26,Plomería y caños,4,52338.26,Web,Cuenta corriente,Ushuaia
TX-010921,CLI-01082,2026-02-26,Pisos y cerámicos,12,536636.01,Telefónico,Cuenta corriente,Ushuaia
TX-010896,CLI-01093,2026-02-26,Ferretería general,13,137459.04,Web,Transferencia,Ushuaia
TX-010919,CLI-00841,2026-02-26,Plomería y caños,5,76739.54,Telefónico,Cuenta corriente,Ushuaia
TX-010918,CLI-00482,2026-02-26,Seguridad e indumentaria,9,759926.66,App,,RÍO GRANDE
TX-010917,CLI-00689,2026-02-26,Cemento y áridos,23,436060.23,App,Cuenta corriente,Río Grande
TX-010915,CLI-01299,2026-02-26,Sanitarios y grifería,3,291130.39,App,Tarjeta de crédito,Río Grande
TX-010939,CLI-01249,2026-02-27,Plomería y caños,2,27946.27,App,Tarjeta de débito,Río Grande
TX-010928,CLI-00872,2026-02-27,Sanitarios y grifería,6,678074.39,Telefónico,,Río Grande
TX-010929,CLI-01079,2026-02-27,Ferretería general,2,15025.17,Telefónico,Tarjeta de débito,Ushuaia
TX-010931,CLI-01112,2026-02-27,Sanitarios y grifería,2,121709.25,Web,Tarjeta de débito,Ushuaia
TX-010932,CLI-00379,2026-02-27,Pisos y cerámicos,3,64575.32,App,Tarjeta de crédito,Río Grande
TX-010933,CLI-01017,2026-02-27,Ferretería general,7,60052.24,App,Cuenta corriente,Río Grande
TX-010934,CLI-00691,2026-02-27,Sanitarios y grifería,3,347298.61,App,Cuenta corriente,Ushuaia
TX-010936,CLI-00479,2026-02-27,Pinturas y revestimientos,2,54163.97,Web,Transferencia,Ushuaia
TX-010948,CLI-01006,2026-02-27,Electricidad e iluminación,7,147884.01,Web,Cuenta corriente,Río Grande
TX-010947,CLI-01082,2026-02-27,Herramientas eléctricas,3,1707594.86,App,Cuenta corriente,Ushuaia
TX-010944,CLI-00420,2026-02-27,Herramientas eléctricas,1,212603.9,App,Efectivo en sucursal,Ushuaia 
TX-010943,CLI-00258,2026-02-27,Maderas y tableros,39,1453937.1,App,Tarjeta de débito,Ushuaia
TX-010937,CLI-00707,2026-02-27,Electricidad e iluminación,4,47963.12,Web,Tarjeta de crédito,Ushuaia
TX-010940,CLI-00513,2026-02-27,Electricidad e iluminación,2,23154.06,Web,Transferencia,Río Grande
TX-010938,CLI-01201,2026-02-27,Ferretería general,2,12936.9,App,Tarjeta de débito,Río Grande
TX-010942,CLI-00587,2026-02-27,Plomería y caños,5,51784.05,Telefónico,Tarjeta de crédito,Rio Grande
TX-010957,CLI-00305,2026-02-28,Sanitarios y grifería,4,395501.59,Telefónico,Transferencia,Río Grande
TX-010949,CLI-00719,2026-02-28,Aberturas,6,2183046.62,App,Transferencia,Ushuaia
TX-010950,CLI-01055,2026-02-28,Herramientas manuales,1,24647.63,Web,Tarjeta de débito,Ushuaia
TX-010951,CLI-00483,2026-02-28,Plomería y caños,30,472513.66,Telefónico,Cuenta corriente,Río Grande
TX-010953,CLI-00333,2026-02-28,Ferretería general,2,12419.09,Web,Tarjeta de crédito,ushuaia
TX-010954,CLI-00339,2026-02-28,Cemento y áridos,19,260017.69,App,Cuenta corriente,Ushuaia
TX-010955,CLI-01084,2026-02-28,Pinturas y revestimientos,2,155110.2,Telefónico,Transferencia,Ushuaia
TX-010956,CLI-00805,2026-02-28,Seguridad e indumentaria,2,85823.88,App,Tarjeta de crédito,Ushuaia
TX-010959,CLI-00621,2026-02-28,Pisos y cerámicos,25,918397.31,App,Cuenta corriente,Río Grande
TX-010960,CLI-00633,2026-02-28,Aberturas,2,309646.71,Web,Transferencia,RÍO GRANDE
TX-010961,CLI-00266,2026-02-28,Herramientas manuales,3,62965.09,App,Tarjeta de crédito,Ushuaia
TX-010962,CLI-00759,2026-02-28,Herramientas manuales,9,269328.01,Web,Transferencia,Ushuaia
TX-010963,CLI-01079,2026-02-28,Herramientas eléctricas,1,265194.54,Web,Tarjeta de crédito,Ushuaia
TX-010964,CLI-00113,2026-03-01,Pinturas y revestimientos,4,182954.52,Telefónico,transf.,Río Grande
TX-010965,CLI-01163,2026-03-01,Pinturas y revestimientos,1,20875.87,App,Efectivo en sucursal,Río Grande
TX-010967,CLI-00290,2026-03-01,Pinturas y revestimientos,7,276547.0,Telefónico,Transferencia,Río Grande
TX-010966,CLI-01284,2026-03-01,Seguridad e indumentaria,5,333774.46,Web,transf.,Ushuaia
TX-010981,CLI-00590,2026-03-02,Seguridad e indumentaria,2,62058.84,Web,Transferencia,Río Grande
TX-010982,CLI-01329,2026-03-02,Sanitarios y grifería,5,335024.22,Web,Transferencia,Río Grande
TX-010980,CLI-00345,2026-03-02,Aberturas,5,1250578.6,Web,,Río Grande
TX-010979,CLI-00874,2026-03-02,Ferretería general,2,9829.26,App,Transferencia,Río Grande
TX-010978,CLI-01079,2026-03-02,Aberturas,3,623985.76,App,Tarjeta de débito,USHUAIA
TX-010977,CLI-00560,2026-03-02,Ferretería general,11,71017.69,App,Tarjeta de crédito,Río Grande
TX-010976,CLI-00586,2026-03-02,Sanitarios y grifería,2,73498.88,Web,Transferencia,Río Grande
TX-010974,CLI-00632,2026-03-02,Pisos y cerámicos,6,82789.01,Web,Cuenta corriente,Río Grande
TX-010972,CLI-01079,2026-03-02,Herramientas manuales,6,140553.9,Web,Transferencia,Ushuaia
TX-010970,CLI-01099,2026-03-02,Electricidad e iluminación,6,257615.4,Telefónico,Cuenta corriente,Ushuaia
TX-010968,CLI-01074,2026-03-02,Pinturas y revestimientos,5,131868.02,App,Tarjeta de crédito,Río Grande
TX-011004,CLI-01099,2026-03-02,Plomería y caños,2,61121.22,Web,Cuenta corriente,Ushuaia
TX-011003,CLI-00172,2026-03-02,Ferretería general,26,312606.64,Telefónico,Tarjeta de crédito,Tolhuin
TX-010983,CLI-00248,2026-03-02,Ferretería general,4,21694.31,Web,Cuenta corriente,Ushuaia
TX-011001,CLI-01079,2026-03-02,Sanitarios y grifería,2,161639.41,Web,Tarjeta de débito,Ushuaia
TX-010984,CLI-01082,2026-03-02,Cemento y áridos,49,1875163.4,Telefónico,Tarjeta de crédito,Ushuaia
TX-010985,CLI-01028,2026-03-02,Ferretería general,2,8195.36,Web,Tarjeta de débito,Ushuaia
TX-010987,CLI-01093,2026-03-02,Cemento y áridos,12,269170.75,Web,Transferencia,Ushuaia
TX-010988,CLI-01082,2026-03-02,Sanitarios y grifería,3,462559.2,App,Cuenta corriente,Ushuaia
TX-011002,CLI-01270,2026-03-02,Ferretería general,10,48890.26,Web,Transferencia,Ushuaia
TX-010991,CLI-00274,2026-03-02,Maderas y tableros,17,1376720.38,Telefónico,Cuenta corriente,Río Grande
TX-010992,CLI-00879,2026-03-02,Cemento y áridos,169,4921280.22,App,Transferencia,Río Grande
TX-010990,CLI-00248,2026-03-02,Sanitarios y grifería,2,153904.07,App,transf.,Ushuaia
TX-010995,CLI-00300,2026-03-02,Electricidad e iluminación,12,444113.63,Telefónico,Tarjeta de crédito,Ushuaia
TX-010996,CLI-01029,2026-03-02,Pinturas y revestimientos,28,715204.37,Web,Tarjeta de crédito,Río Grande
TX-010997,CLI-00858,2026-03-02,Pinturas y revestimientos,3,100795.21,Web,Transferencia,Ushuaia
TX-010998,CLI-00321,2026-03-02,Maderas y tableros,18,1833199.21,Telefónico,Transferencia,Ushuaia
TX-011000,CLI-00806,2026-03-02,Pinturas y revestimientos,7,536649.45,Telefónico,Efectivo en sucursal,Río Grande
TX-010993,CLI-00274,2026-03-02,Herramientas manuales,6,344923.62,Web,,Río Grande
TX-011026,CLI-00300,2026-03-03,Aberturas,3,1430220.43,App,Cuenta corriente,Ushuaia
TX-011030,CLI-01170,2026-03-03,Pisos y cerámicos,8,-335072.35,App,Transferencia,Tolhuin
TX-011029,CLI-00260,2026-03-03,Sanitarios y grifería,2,130011.08,Web,Tarjeta de débito,Río Grande
TX-011028,CLI-01082,2026-03-03,Plomería y caños,1,26634.75,Telefónico,Tarjeta de crédito,Ushuaia
TX-011027,CLI-01039,2026-03-03,Sanitarios y grifería,2,112506.69,Web,Tarjeta de débito,Ushuaia
TX-011025,CLI-01039,2026-03-03,Electricidad e iluminación,10,121230.67,App,T. crédito,Ushuaia
TX-011016,CLI-01300,2026-03-03,Ferretería general,4,48743.92,Telefónico,Transferencia,Río Grande
TX-011023,CLI-00696,2026-03-03,Herramientas manuales,1,23854.34,Web,Tarjeta de crédito,Río Grande
TX-011005,CLI-01085,2026-03-03,Maderas y tableros,5,163821.23,Web,Tarjeta de crédito,Río Grande
TX-011006,CLI-01113,2026-03-03,Electricidad e iluminación,5,138142.11,Telefónico,,Río Grande
TX-011007,CLI-01239,2026-03-03,Aberturas,2,458974.39,Web,Cuenta corriente,Río Grande
TX-011008,CLI-00862,2026-03-03,Aberturas,2,481706.06,Telefónico,Cuenta corriente,Ushuaia
TX-011009,CLI-01113,2026-03-03,Herramientas manuales,5,184775.12,Telefónico,Cuenta corriente,Río Grande
TX-011010,CLI-00615,2026-03-03,Plomería y caños,4,34375.91,App,Tarjeta de crédito,Río Grande
TX-011011,CLI-00862,2026-03-03,Electricidad e iluminación,8,173668.58,App,Cuenta corriente,Ushuaia
TX-011024,CLI-00846,2026-03-03,Ferretería general,5,17070.82,App,Tarjeta de débito,Río Grande
TX-011012,CLI-00245,2026-03-03,Plomería y caños,8,100543.47,App,Tarjeta de débito,Río Grande
TX-011014,CLI-00833,2026-03-03,Maderas y tableros,7,179807.12,Telefónico,Transferencia,Río Grande
TX-011015,CLI-00129,2026-03-03,Sanitarios y grifería,5,642785.01,Telefónico,Cuenta corriente,Ushuaia
TX-011017,CLI-00932,2026-03-03,Aberturas,4,892410.51,App,Cuenta corriente,Río Grande
TX-011018,CLI-01333,2026-03-03,Sanitarios y grifería,1,41363.79,App,Tarjeta de crédito,Ushuaia
TX-011019,CLI-00224,2026-03-03,Herramientas manuales,3,70494.49,Web,Tarjeta de débito,río grande
TX-011020,CLI-00109,2026-03-03,Herramientas eléctricas,2,319545.12,Web,Tarjeta de crédito,Ushuaia
TX-011021,CLI-00216,2026-03-03,Pisos y cerámicos,3,90775.15,Web,Tarjeta de débito,Tolhuin
TX-011022,CLI-00322,2026-03-03,Maderas y tableros,9,460442.48,Telefónico,T. crédito,Río Grande
TX-011013,CLI-00773,2026-03-03,Herramientas eléctricas,2,318664.52,Web,Tarjeta de débito,Río Grande
TX-011042,CLI-01329,2026-03-04,Ferretería general,8,36592.76,Web,Tarjeta de débito,RÍO GRANDE
TX-011050,CLI-01322,2026-03-04,Pisos y cerámicos,16,350221.05,Web,Transferencia,Río Grande
TX-011037,CLI-00563,2026-03-04,Cemento y áridos,42,863249.38,Telefónico,Cuenta corriente,Río Grande
TX-011040,CLI-00370,2026-03-04,Ferretería general,9,47956.43,Web,Tarjeta de débito,USHUAIA
TX-011031,CLI-00112,2026-03-04,Pisos y cerámicos,10,624915.18,Telefónico,Cuenta corriente,río grande
TX-011032,CLI-00687,2026-03-04,Ferretería general,8,85917.68,App,Cuenta corriente,Río Grande
TX-011033,CLI-00009,2026-03-04,Sanitarios y grifería,2,164417.12,Web,Transferencia,TOLHUIN
TX-011034,CLI-00090,2026-03-04,Electricidad e iluminación,36,830462.33,Web,Cuenta corriente,Río Grande
TX-011035,CLI-00588,2026-03-04,Herramientas manuales,2,41890.7,App,Tarjeta de débito,Ushuaia
TX-011036,CLI-00523,2026-03-04,Pisos y cerámicos,7,390263.75,App,Transferencia,Río Grande
TX-011039,CLI-00935,2026-03-04,Herramientas manuales,3,145179.31,App,Transferencia,Río Grande
TX-011049,CLI-00358,2026-03-04,Ferretería general,7,64676.57,Web,Transferencia,Ushuaia
TX-011041,CLI-00249,2026-03-04,Electricidad e iluminación,4,148950.36,App,Cuenta corriente,Río Grande
TX-011042,CLI-01329,2026-03-04,Ferretería general,8,36592.76,Web,Tarjeta de débito,RÍO GRANDE
TX-011045,CLI-01299,2026-03-04,Plomería y caños,70,1095352.12,Telefónico,Cuenta corriente,Río Grande
TX-011046,CLI-00333,2026-03-04,Ferretería general,3,12564.55,Web,Transferencia,Ushuaia
TX-011048,CLI-00321,2026-03-04,Ferretería general,17,255846.62,Telefónico,Transferencia,Ushuaia
TX-011085,CLI-01084,2026-03-05,Ferretería general,5,104708.79,Telefónico,Cuenta corriente,Ushuaia
TX-011051,CLI-00318,2026-03-05,Plomería y caños,2,17298.92,Web,Transferencia,Ushuaia
TX-011086,CLI-00519,2026-03-05,Herramientas eléctricas,2,753883.77,Telefónico,Cuenta corriente,Ushuaia
TX-011080,CLI-01099,2026-03-05,Ferretería general,5,83889.7,Web,Cuenta corriente,USHUAIA
TX-011081,CLI-00043,2026-03-05,Herramientas manuales,6,126100.62,Web,Tarjeta de crédito,Río Grande
TX-011076,CLI-01336,2026-03-05,Pinturas y revestimientos,2,49003.57,Web,Transferencia,ushuaia
TX-011053,CLI-00216,2026-03-05,Sanitarios y grifería,1,77697.98,Web,Tarjeta de crédito,Tolhuin
TX-011054,CLI-01333,2026-03-05,Pinturas y revestimientos,4,77885.46,Web,Efectivo en sucursal,Ushuaia
TX-011055,CLI-00701,2026-03-05,Cemento y áridos,14,465766.96,Telefónico,Tarjeta de crédito,Río Grande
TX-011056,CLI-00701,2026-03-05,Electricidad e iluminación,13,548257.82,App,Cuenta corriente,Río Grande
TX-011057,CLI-00300,2026-03-05,Pisos y cerámicos,24,1311819.35,Web,Cuenta corriente,USHUAIA
TX-011058,CLI-01099,2026-03-05,Cemento y áridos,41,1334736.95,Telefónico,Cuenta corriente,ushuaia
TX-011079,CLI-00420,2026-03-05,Maderas y tableros,16,486931.06,App,Transferencia,Ushuaia
TX-011064,CLI-01082,2026-03-05,Pinturas y revestimientos,14,996087.87,Telefónico,Cuenta corriente,Ushuaia
TX-011062,CLI-00142,2026-03-05,Pisos y cerámicos,5,148012.28,Telefónico,Tarjeta de crédito,Río Grande
TX-011067,CLI-00050,2026-03-05,Cemento y áridos,19,242855.99,Web,Tarjeta de crédito,Ushuaia
TX-011068,CLI-00344,2026-03-05,Seguridad e indumentaria,7,471001.1,Web,,Río Grande
TX-011070,CLI-00627,2026-03-05,Cemento y áridos,26,669781.7,App,Transferencia,Ushuaia
TX-011071,CLI-00142,2026-03-05,Pisos y cerámicos,17,818220.93,Telefónico,Tarjeta de crédito,Río Grande
TX-011072,CLI-00561,2026-03-05,Herramientas manuales,3,220822.31,App,Transferencia,USHUAIA
TX-011073,CLI-01238,2026-03-05,Herramientas manuales,7,231351.97,Telefónico,Cuenta corriente,ushuaia
TX-011075,CLI-00032,2026-03-05,Electricidad e iluminación,4,46629.18,App,Tarjeta de débito,Río Grande
TX-011065,CLI-00671,2026-03-05,Electricidad e iluminación,2,29415.41,Web,Tarjeta de crédito,Río Grande
TX-011116,CLI-01243,2026-03-06,Pinturas y revestimientos,13,898033.95,Telefónico,Transferencia,Río Grande
TX-011121,CLI-00556,2026-03-06,Plomería y caños,11,105562.35,App,Tarjeta de débito,Río Grande
TX-011117,CLI-00290,2026-03-06,Pinturas y revestimientos,2,127555.54,App,Transferencia,Río Grande
TX-011115,CLI-00491,2026-03-06,Pinturas y revestimientos,3,99570.98,Web,Transferencia,Río Grande
TX-011119,CLI-00603,2026-03-06,Cemento y áridos,130,3097655.96,Telefónico,Cuenta corriente,Ushuaia
TX-011113,CLI-00370,2026-03-06,Electricidad e iluminación,7,113655.31,Web,Transferencia,Ushuaia
TX-011114,CLI-00290,2026-03-06,Pinturas y revestimientos,6,257779.46,Web,Cuenta corriente,Río Grande
TX-011105,CLI-00993,2026-03-06,Herramientas manuales,19,648341.35,App,Transferencia,Rio Grande
TX-011104,CLI-00959,2026-03-06,Herramientas manuales,5,131723.61,Web,Tarjeta de crédito,Ushuaia
TX-011103,CLI-01051,2026-03-06,Cemento y áridos,13,298032.99,Telefónico,Cuenta corriente,RÍO GRANDE
TX-011102,CLI-00337,2026-03-06,Cemento y áridos,35,403679.87,Web,Tarjeta de crédito,Río Grande
TX-011101,CLI-00832,2026-03-06,Pisos y cerámicos,16,255833.58,App,Transferencia,Ushuaia
TX-011098,CLI-01082,2026-03-06,Cemento y áridos,51,2408679.8,Web,Cuenta corriente,Ushuaia
TX-011096,CLI-01119,2026-03-06,Sanitarios y grifería,6,1162760.67,Telefónico,Transferencia,Ushuaia
TX-011106,CLI-01174,2026-03-06,Sanitarios y grifería,2,304798.15,App,Transferencia,río grande
TX-011094,CLI-00378,2026-03-06,Plomería y caños,2,25203.25,Web,Tarjeta de crédito,Ushuaia
TX-011093,CLI-00162,2026-03-06,Pisos y cerámicos,15,505885.78,Telefónico,Transferencia,Río Grande
TX-011091,CLI-00379,2026-03-06,Pinturas y revestimientos,3,125406.48,App,Transferencia,Río Grande
TX-011088,CLI-00357,2026-03-06,Maderas y tableros,65,2827473.18,App,Tarjeta de débito,Ushuaia
TX-011107,CLI-00470,2026-03-06,Seguridad e indumentaria,2,109469.79,Web,Tarjeta de crédito,Ushuaia
TX-011108,CLI-00938,2026-03-06,Pisos y cerámicos,4,61967.09,Web,Tarjeta de débito,Río Grande
TX-011109,CLI-01099,2026-03-06,Seguridad e indumentaria,3,362549.39,Telefónico,Cuenta corriente,Ushuaia
TX-011112,CLI-01322,2026-03-06,Electricidad e iluminación,6,105808.23,Web,Transferencia,Río Grande
TX-011095,CLI-00284,2026-03-06,Seguridad e indumentaria,1,37197.39,Web,Tarjeta de débito,Río Grande
TX-011148,CLI-01099,2026-03-07,Sanitarios y grifería,2,442517.61,Web,Cuenta corriente,Ushuaia
TX-011147,CLI-00517,2026-03-07,Pisos y cerámicos,9,164785.1,Web,Tarjeta de crédito,Río Grande
TX-011127,CLI-00953,2026-03-07,Seguridad e indumentaria,3,92652.65,Web,Tarjeta de débito,Ushuaia
TX-011143,CLI-00376,2026-03-07,Maderas y tableros,7,217571.04,App,,Ushuaia
TX-011139,CLI-01333,2026-03-07,Plomería y caños,6,134189.3,Web,Tarjeta de débito,Ushuaia
TX-011124,CLI-01082,2026-03-07,Aberturas,3,1484929.36,Telefónico,Tarjeta de crédito,Ushuaia
TX-011125,CLI-00944,2026-03-07,Plomería y caños,4,51640.43,App,Tarjeta de crédito,Ushuaia
TX-011126,CLI-01163,2026-03-07,Herramientas manuales,3,41659.16,Web,Transferencia,Rio Grande
TX-011128,CLI-00879,2026-03-07,Herramientas manuales,3,164750.46,App,Cuenta corriente,Río Grande
TX-011129,CLI-01079,2026-03-07,Plomería y caños,15,176005.52,Web,Transferencia,Ushuaia 
TX-011130,CLI-00900,2026-03-07,Pinturas y revestimientos,2,56586.6,Web,Tarjeta de débito,Ushuaia
TX-011133,CLI-00850,2026-03-07,Cemento y áridos,29,495956.97,Web,Transferencia,Río Grande
TX-011123,CLI-00706,2026-03-07,Ferretería general,3,17383.81,App,Tarjeta de crédito,Río Grande
TX-011134,CLI-01099,2026-03-07,Ferretería general,9,138331.91,App,Transferencia,Ushuaia
TX-011138,CLI-00496,2026-03-07,Ferretería general,2,11273.05,Web,Transferencia,Río Grande
TX-011144,CLI-01146,2026-03-07,Aberturas,2,531446.28,App,Cuenta corriente,Río Grande
TX-011142,CLI-00249,2026-03-07,Cemento y áridos,25,485437.72,App,Cuenta corriente,Río Grande
TX-011137,CLI-00566,2026-03-07,Plomería y caños,12,120604.49,App,,RÍO GRANDE
TX-011122,CLI-00894,2026-03-07,Aberturas,2,317658.58,Web,Tarjeta de débito,USHUAIA
TX-011154,CLI-01017,2026-03-08,Pisos y cerámicos,11,707064.0,Web,Cuenta corriente,Río Grande
TX-011153,CLI-00403,2026-03-08,Herramientas manuales,6,230721.69,App,Transferencia,Ushuaia
TX-011152,CLI-00944,2026-03-08,Pisos y cerámicos,11,254846.7,App,,Ushuaia
TX-011151,CLI-00687,2026-03-08,Aberturas,6,18332412.01,Telefónico,Efectivo en sucursal,Río Grande
TX-011150,CLI-00834,2026-03-08,Plomería y caños,6,47074.67,Web,Tarjeta de crédito,Río Grande
TX-011170,CLI-01085,2026-03-09,Aberturas,4,816633.04,Web,Transferencia,Rio Grande
TX-011172,CLI-01044,2026-03-09,Ferretería general,3,-31078.62,Telefónico,Transferencia,Río Grande
TX-011171,CLI-00895,2026-03-09,Ferretería general,7,28149.15,Web,Tarjeta de débito,Ushuaia
TX-011169,CLI-00500,2026-03-09,Maderas y tableros,5,333471.8,App,Cuenta corriente,Ushuaia
TX-011168,CLI-01044,2026-03-09,Maderas y tableros,40,1946633.2,Web,Cuenta corriente,RÍO GRANDE
TX-011167,CLI-00345,2026-03-09,Ferretería general,59,563074.77,Telefónico,Transferencia,Rio Grande
TX-011166,CLI-01299,2026-03-09,Ferretería general,17,179873.5,App,Tarjeta de crédito,Río Grande
TX-011165,CLI-01286,2026-03-09,Ferretería general,2,13296.23,Web,Tarjeta de crédito,Tolhuin
TX-011164,CLI-01322,2026-03-09,Seguridad e indumentaria,8,224844.87,App,Tarjeta de crédito,Río Grande
TX-011162,CLI-00540,2026-03-09,Aberturas,2,589346.67,Web,Transferencia,Ushuaia
TX-011160,CLI-00603,2026-03-09,Electricidad e iluminación,4,98954.48,Telefónico,Tarjeta de débito,Ushuaia
TX-011158,CLI-01017,2026-03-09,Herramientas manuales,7,357227.81,App,Transferencia,RÍO GRANDE
TX-011157,CLI-00051,2026-03-09,Pinturas y revestimientos,3,185329.11,App,Cuenta corriente,Ushuaia
TX-011155,CLI-01074,2026-03-09,Ferretería general,4,18806.61,Web,Transferencia,Río Grande
TX-011173,CLI-00290,2026-03-09,Herramientas manuales,7,266304.81,Telefónico,Cuenta corriente,Río Grande
TX-011199,CLI-01207,2026-03-10,Maderas y tableros,35,1053765.3,Telefónico,Transferencia,ushuaia
TX-011197,CLI-01027,2026-03-10,Cemento y áridos,4,-47569.0,Web,Transferencia,USHUAIA
TX-011198,CLI-01079,2026-03-10,Cemento y áridos,82,1248989.62,Web,Tarjeta de crédito,ushuaia
TX-011195,CLI-00576,2026-03-10,Sanitarios y grifería,5,295963.08,Web,Transferencia,RÍO GRANDE
TX-011196,CLI-00194,2026-03-10,Ferretería general,12,170531.21,Telefónico,Transferencia,Río Grande
TX-011192,CLI-01211,2026-03-10,Pinturas y revestimientos,11,299520.48,App,Transferencia,Río Grande
TX-011191,CLI-00172,2026-03-10,Maderas y tableros,18,1785375.83,App,Tarjeta de crédito,Tolhuin
TX-011189,CLI-00289,2026-03-10,Seguridad e indumentaria,3,199958.59,Telefónico,Transferencia,Río Grande
TX-011193,CLI-00603,2026-03-10,Ferretería general,3,26147.38,App,Cuenta corriente,Ushuaia
TX-011187,CLI-00301,2026-03-10,Pinturas y revestimientos,2,47851.73,Web,Tarjeta de débito,Río Grande
TX-011185,CLI-00540,2026-03-10,Ferretería general,37,311649.7,Telefónico,Cuenta corriente,Ushuaia
TX-011186,CLI-00813,2026-03-10,Electricidad e iluminación,4,183567.83,Web,Cuenta corriente,río grande
TX-011182,CLI-01029,2026-03-10,Pisos y cerámicos,7,160219.64,App,Efectivo en sucursal,Río Grande
TX-011181,CLI-01322,2026-03-10,Plomería y caños,7,92396.22,Web,Tarjeta de débito,río grande
TX-011179,CLI-00856,2026-03-10,Pinturas y revestimientos,20,922683.66,Telefónico,Cuenta corriente,Ushuaia
TX-011178,CLI-01053,2026-03-10,Cemento y áridos,35,777607.76,App,Efectivo en sucursal,Río Grande
TX-011175,CLI-01089,2026-03-10,Pisos y cerámicos,12,296887.42,Web,Tarjeta de débito,Tolhuin
TX-011194,CLI-00339,2026-03-10,Pinturas y revestimientos,3,104812.56,App,Tarjeta de débito,USHUAIA
TX-011183,CLI-01306,2026-03-10,Plomería y caños,11,100616.6,App,Transferencia,USHUAIA
TX-011231,CLI-00519,2026-03-11,Plomería y caños,12,207232.19,Web,Cuenta corriente,Ushuaia
TX-011233,CLI-00519,2026-03-11,Electricidad e iluminación,15,358341.7,Web,Cuenta corriente,Ushuaia
TX-011232,CLI-00441,2026-03-11,Herramientas manuales,6,101575.28,Web,Cuenta corriente,Ushuaia
TX-011229,CLI-01074,2026-03-11,Sanitarios y grifería,7,391486.41,Web,Transferencia,Río Grande
TX-011214,CLI-00260,2026-03-11,Sanitarios y grifería,5,473588.21,Web,Tarjeta de crédito,Río Grande
TX-011227,CLI-01273,2026-03-11,Herramientas manuales,10,231705.28,Web,Tarjeta de crédito,Río Grande
TX-011218,CLI-00134,2026-03-11,Electricidad e iluminación,5,61445.19,Web,Transferencia,USHUAIA
TX-011217,CLI-00523,2026-03-11,Cemento y áridos,29,1170209.96,Telefónico,Transferencia,Río Grande
TX-011215,CLI-01276,2026-03-11,Pinturas y revestimientos,2,65598.48,Web,Tarjeta de crédito,Ushuaia
TX-011213,CLI-01306,2026-03-11,Pinturas y revestimientos,3,73211.96,Web,Tarjeta de débito,Ushuaia
TX-011211,CLI-00051,2026-03-11,Cemento y áridos,33,594217.74,Telefónico,Cuenta corriente,Ushuaia
TX-011210,CLI-01028,2026-03-11,Pisos y cerámicos,24,562698.77,Web,Tarjeta de débito,Ushuaia
TX-011219,CLI-01099,2026-03-11,Pisos y cerámicos,7,367165.96,App,Transferencia,Ushuaia
TX-011209,CLI-01055,2026-03-11,Herramientas manuales,7,144321.63,Web,Tarjeta de débito,Ushuaia
TX-011206,CLI-00585,2026-03-11,Ferretería general,2,12435.26,App,Efectivo en sucursal,Ushuaia
TX-011205,CLI-00719,2026-03-11,Pinturas y revestimientos,3,,Telefónico,Cuenta corriente,Ushuaia
TX-011202,CLI-01017,2026-03-11,Ferretería general,9,139684.23,App,Transferencia,Río Grande
TX-011201,CLI-00649,2026-03-11,Pinturas y revestimientos,10,437726.7,Web,Tarjeta de débito,Ushuaia
TX-011224,CLI-00403,2026-03-11,Herramientas manuales,5,144021.06,App,Cuenta corriente,Ushuaia
TX-011225,CLI-00357,2026-03-11,Cemento y áridos,6,239189.64,Telefónico,Cuenta corriente,Ushuaia
TX-011226,CLI-00496,2026-03-11,Ferretería general,9,45739.7,Web,Tarjeta de crédito,Río Grande
TX-011207,CLI-01089,2026-03-11,Plomería y caños,20,258424.43,App,Tarjeta de crédito,Tolhuin
TX-011228,CLI-00379,2026-03-11,Plomería y caños,6,83860.04,App,Efectivo en sucursal,Río Grande
TX-011255,CLI-01113,2026-03-12,Pinturas y revestimientos,16,764986.53,Web,Cuenta corriente,Río Grande
TX-011259,CLI-00687,2026-03-12,Electricidad e iluminación,7,170659.11,App,Cuenta corriente,Río Grande
TX-011256,CLI-00759,2026-03-12,Ferretería general,2,21193.42,App,Tarjeta de débito,
TX-011252,CLI-00249,2026-03-12,Plomería y caños,6,93219.97,Web,Cuenta corriente,Río Grande
TX-011251,CLI-01159,2026-03-12,Pinturas y revestimientos,3,80479.39,Telefónico,Tarjeta de débito,Ushuaia
TX-011234,CLI-00274,2026-03-12,Ferretería general,50,754440.64,Telefónico,Tarjeta de débito,Río Grande
TX-011235,CLI-01313,2026-03-12,Ferretería general,6,37286.67,App,Transferencia,Río Grande
TX-011236,CLI-01170,2026-03-12,Electricidad e iluminación,21,620091.07,App,Efectivo en sucursal,Tolhuin
TX-011237,CLI-00337,2026-03-12,Ferretería general,15,68766.16,Web,Transferencia,Río Grande
TX-011238,CLI-00188,2026-03-12,Cemento y áridos,8,93194.07,Web,Cuenta corriente,Tolhuin
TX-011241,CLI-00568,2026-03-12,Cemento y áridos,45,1723426.99,App,Cuenta corriente,Río Grande
TX-011254,CLI-00687,2026-03-12,Pinturas y revestimientos,6,440063.28,App,Transferencia,Río Grande
TX-011242,CLI-00370,2026-03-12,Pisos y cerámicos,12,241071.09,Web,Tarjeta de crédito,Ushuaia
TX-011244,CLI-00274,2026-03-12,Cemento y áridos,15,425103.03,App,Transferencia,Río Grande
TX-011245,CLI-00416,2026-03-12,Sanitarios y grifería,4,270679.44,App,Tarjeta de débito,Tolhuin
TX-011247,CLI-00129,2026-03-12,Maderas y tableros,4,146362.66,Telefónico,Transferencia,Ushuaia
TX-011248,CLI-00523,2026-03-12,Ferretería general,4,68083.29,Telefónico,Transferencia,Río Grande
TX-011249,CLI-00689,2026-03-12,Cemento y áridos,8,140889.79,App,Cuenta corriente,Río Grande
TX-011250,CLI-00068,2026-03-12,Herramientas manuales,2,142057.62,Telefónico,Cuenta corriente,Río Grande
TX-011243,CLI-00333,2026-03-12,Seguridad e indumentaria,1,32012.89,Web,Tarjeta de débito,Ushuaia
TX-011239,CLI-00566,2026-03-12,Plomería y caños,2,17968.25,Web,Tarjeta de débito,río grande
TX-011284,CLI-00993,2026-03-13,Pinturas y revestimientos,4,240516.82,App,Cuenta corriente,Río Grande
TX-011286,CLI-00716,2026-03-13,Herramientas manuales,3,65332.77,Web,transf.,Río Grande
TX-011282,CLI-00523,2026-03-13,Electricidad e iluminación,2,80008.57,App,Tarjeta de débito,Río Grande
TX-011279,CLI-00733,2026-03-13,Seguridad e indumentaria,3,179460.2,Web,Cuenta corriente,Río Grande
TX-011261,CLI-00274,2026-03-13,Plomería y caños,11,303329.29,Telefónico,Tarjeta de débito,Río Grande
TX-011263,CLI-01306,2026-03-13,Plomería y caños,2,22510.59,App,Efectivo en sucursal,Ushuaia
TX-011264,CLI-00852,2026-03-13,Sanitarios y grifería,2,73544.89,Web,Transferencia,Ushuaia
TX-011265,CLI-01306,2026-03-13,Sanitarios y grifería,4,223135.51,Web,Tarjeta de crédito,Ushuaia
TX-011267,CLI-00403,2026-03-13,Electricidad e iluminación,10,193685.33,Telefónico,Cuenta corriente,Ushuaia
TX-011269,CLI-00390,2026-03-13,Electricidad e iluminación,8,198753.44,Telefónico,Tarjeta de débito,Ushuaia
TX-011270,CLI-00576,2026-03-13,Ferretería general,2,11105.11,Web,Tarjeta de crédito,Río Grande
TX-011280,CLI-00051,2026-03-13,Plomería y caños,9,161878.41,Telefónico,,Ushuaia
TX-011271,CLI-00358,2026-03-13,Maderas y tableros,18,624949.33,Web,Tarjeta de débito,Ushuaia
TX-011273,CLI-01207,2026-03-13,Plomería y caños,2,41398.87,Telefónico,Transferencia,Ushuaia
TX-011274,CLI-00540,2026-03-13,Herramientas manuales,2,75083.47,App,transf.,Ushuaia
TX-011275,CLI-00563,2026-03-13,Cemento y áridos,27,689002.36,Web,Cuenta corriente,Río Grande
TX-011260,CLI-00561,2026-03-13,Pisos y cerámicos,28,1794721.92,Web,Tarjeta de crédito,Ushuaia
TX-011277,CLI-00289,2026-03-13,Herramientas manuales,8,350522.94,Telefónico,Cuenta corriente,Río Grande
TX-011278,CLI-01329,2026-03-13,Sanitarios y grifería,6,357448.8,Web,Tarjeta de crédito,Río Grande
TX-011301,CLI-01284,2026-03-14,Herramientas eléctricas,3,751024.75,Web,Transferencia,Ushuaia
TX-011287,CLI-00687,2026-03-14,Cemento y áridos,17,580916.67,App,Cuenta corriente,Río Grande 
TX-011289,CLI-01332,2026-03-14,Electricidad e iluminación,5,104454.58,App,Cuenta corriente,Ushuaia
TX-011290,CLI-00523,2026-03-14,Maderas y tableros,9,740114.31,App,Cuenta corriente,Río Grande
TX-011291,CLI-00378,2026-03-14,Pisos y cerámicos,4,125561.06,Web,Tarjeta de débito,Ushuaia
TX-011292,CLI-01137,2026-03-14,Pisos y cerámicos,6,456113.17,Telefónico,Cuenta corriente,Río Grande
TX-011293,CLI-01082,2026-03-14,Aberturas,5,1657659.26,App,Cuenta corriente,Ushuaia
TX-011294,CLI-01239,2026-03-14,Herramientas manuales,2,77984.46,App,Cuenta corriente,Río Grande
TX-011295,CLI-00519,2026-03-14,Ferretería general,5,52704.39,App,Cuenta corriente,Ushuaia
TX-011296,CLI-01349,2026-03-14,Pinturas y revestimientos,3,100437.52,Web,transf.,Ushuaia
TX-011297,CLI-01017,2026-03-14,Ferretería general,5,64867.52,Telefónico,Cuenta corriente,Río Grande
TX-011298,CLI-01174,2026-03-14,Ferretería general,6,101689.78,App,Cuenta corriente,Río Grande
TX-011299,CLI-01222,2026-03-14,Plomería y caños,34,620858.52,Web,Cuenta corriente,Ushuaia
TX-011302,CLI-01207,2026-03-14,Herramientas manuales,5,191507.63,App,Cuenta corriente,Ushuaia
TX-011300,CLI-00713,2026-03-14,Pisos y cerámicos,9,262476.22,Web,Tarjeta de crédito,Ushuaia
TX-011304,CLI-00900,2026-03-14,Herramientas eléctricas,2,365086.72,Web,Tarjeta de crédito,Ushuaia
TX-011307,CLI-00274,2026-03-15,Pisos y cerámicos,34,2152064.43,Telefónico,Cuenta corriente,Río Grande
TX-011306,CLI-01119,2026-03-15,Aberturas,4,1613675.17,Telefónico,Cuenta corriente,Ushuaia
TX-011305,CLI-00719,2026-03-15,Plomería y caños,11,269028.28,Telefónico,Tarjeta de crédito,Ushuaia
TX-011316,CLI-00947,2026-03-16,Herramientas manuales,1,18227.61,Web,Transferencia,Río Grande
TX-011321,CLI-00846,2026-03-16,Pinturas y revestimientos,3,83169.5,Web,Transferencia,Río Grande
TX-011308,CLI-00127,2026-03-16,Pinturas y revestimientos,4,137696.99,Web,Transferencia,ushuaia
TX-011309,CLI-00568,2026-03-16,Cemento y áridos,77,1399467.35,App,Cuenta corriente,Río Grande
TX-011322,CLI-00274,2026-03-16,Pinturas y revestimientos,8,792246.67,Telefónico,Cuenta corriente,Río Grande
TX-011312,CLI-01181,2026-03-16,Ferretería general,3,-19007.92,Web,Tarjeta de débito,Río Grande
TX-011313,CLI-01006,2026-03-16,Maderas y tableros,28,1677513.46,Telefónico,Tarjeta de crédito,Río Grande
TX-011314,CLI-00274,2026-03-16,Sanitarios y grifería,6,1007804.24,App,Tarjeta de débito,Río Grande
TX-011311,CLI-00119,2026-03-16,Cemento y áridos,6,92209.49,Telefónico,transf.,Tolhuin
TX-011317,CLI-00996,2026-03-16,Sanitarios y grifería,3,-451685.58,Web,Transferencia,Ushuaia
TX-011318,CLI-00947,2026-03-16,Ferretería general,5,37327.22,Web,Transferencia,Río Grande
TX-011319,CLI-01113,2026-03-16,Cemento y áridos,52,-849707.12,Web,Transferencia,Río Grande
TX-011320,CLI-00615,2026-03-16,Ferretería general,4,24616.56,Web,Tarjeta de crédito,Río Grande
TX-011315,CLI-00498,2026-03-16,Ferretería general,3,13994.46,Web,Transferencia,Río Grande
TX-011354,CLI-00691,2026-03-17,Maderas y tableros,14,498033.12,Web,Cuenta corriente,Ushuaia
TX-011363,CLI-00701,2026-03-17,Electricidad e iluminación,20,794726.61,App,Tarjeta de crédito,Río Grande
TX-011362,CLI-01099,2026-03-17,Electricidad e iluminación,7,-333269.75,Telefónico,Cuenta corriente,Ushuaia
TX-011360,CLI-01017,2026-03-17,Aberturas,2,623723.59,App,Cuenta corriente,Río Grande
TX-011359,CLI-00846,2026-03-17,Sanitarios y grifería,3,127690.91,Web,Tarjeta de crédito,Río Grande
TX-011358,CLI-01293,2026-03-17,Aberturas,2,332481.85,Web,Transferencia,Río Grande
TX-011356,CLI-00523,2026-03-17,Plomería y caños,6,180849.53,App,,Río Grande
TX-011355,CLI-01046,2026-03-17,Cemento y áridos,22,619580.63,App,Cuenta corriente,Río Grande
TX-011353,CLI-00990,2026-03-17,Aberturas,1,322167.16,App,Cuenta corriente,Ushuaia
TX-011333,CLI-00610,2026-03-17,Herramientas eléctricas,1,180188.48,Web,Tarjeta de crédito,Río Grande
TX-011351,CLI-00358,2026-03-17,Cemento y áridos,6,162577.86,App,Transferencia,Ushuaia
TX-011323,CLI-00038,2026-03-17,Cemento y áridos,33,387039.63,Web,Tarjeta de crédito,Río Grande
TX-011325,CLI-01137,2026-03-17,Cemento y áridos,35,905722.16,Web,Cuenta corriente,Río Grande
TX-011327,CLI-00100,2026-03-17,Electricidad e iluminación,6,-187590.67,App,,Ushuaia
TX-011328,CLI-00009,2026-03-17,Plomería y caños,20,369279.58,Telefónico,T. crédito,Tolhuin
TX-011329,CLI-01099,2026-03-17,Seguridad e indumentaria,3,331214.17,App,Cuenta corriente,Ushuaia
TX-011330,CLI-00231,2026-03-17,Electricidad e iluminación,12,236356.45,Web,Tarjeta de débito,Ushuaia
TX-011331,CLI-00998,2026-03-17,Plomería y caños,4,26827.66,Web,Tarjeta de débito,Río Grande 
TX-011334,CLI-00417,2026-03-17,Plomería y caños,15,153372.19,Web,Transferencia,Río Grande
TX-011352,CLI-01017,2026-03-17,Ferretería general,9,117986.78,Telefónico,Cuenta corriente,Río Grande
TX-011337,CLI-00216,2026-03-17,Herramientas manuales,3,85913.59,App,Tarjeta de débito,TOLHUIN
TX-011336,CLI-00112,2026-03-17,Pinturas y revestimientos,32,1849475.57,Telefónico,Cuenta corriente,Río Grande
TX-011339,CLI-01099,2026-03-17,Herramientas manuales,8,438593.24,App,Cuenta corriente,ushuaia
TX-011341,CLI-00803,2026-03-17,Plomería y caños,2,22430.75,Web,Transferencia,Ushuaia
TX-011342,CLI-00458,2026-03-17,Electricidad e iluminación,2,25858.34,App,transf.,Río Grande
TX-011344,CLI-00226,2026-03-17,Ferretería general,3,14877.57,Web,Tarjeta de crédito,Río Grande
TX-011345,CLI-01008,2026-03-17,Ferretería general,4,22475.67,Web,Tarjeta de débito,Ushuaia
TX-011346,CLI-00172,2026-03-17,Herramientas manuales,10,663644.44,Telefónico,Tarjeta de crédito,Tolhuin
TX-011348,CLI-00561,2026-03-17,Herramientas manuales,5,241473.83,Telefónico,Cuenta corriente,Ushuaia
TX-011349,CLI-00274,2026-03-17,Sanitarios y grifería,3,478328.51,Telefónico,Cuenta corriente,Río Grande
TX-011350,CLI-00561,2026-03-17,Sanitarios y grifería,5,865072.93,App,Transferencia,Ushuaia
TX-011338,CLI-01238,2026-03-17,Herramientas manuales,3,100678.92,App,Cuenta corriente,Ushuaia
TX-011388,CLI-01064,2026-03-18,Electricidad e iluminación,9,119394.15,Web,transf.,Río Grande
TX-011390,CLI-01322,2026-03-18,Sanitarios y grifería,3,263987.07,Web,Tarjeta de débito,Río Grande
TX-011389,CLI-00043,2026-03-18,Sanitarios y grifería,1,68596.7,Web,Transferencia,Río Grande
TX-011387,CLI-01113,2026-03-18,Seguridad e indumentaria,4,375545.76,Telefónico,,Río Grande
TX-011368,CLI-00540,2026-03-18,Maderas y tableros,3,116236.05,Telefónico,Cuenta corriente,Ushuaia
TX-011384,CLI-01099,2026-03-18,Cemento y áridos,85,2632155.9,App,Cuenta corriente,Ushuaia
TX-011364,CLI-00671,2026-03-18,Plomería y caños,13,154623.11,Web,Transferencia,Río Grande
TX-011385,CLI-00806,2026-03-18,Seguridad e indumentaria,4,624751.91,App,Transferencia,Río Grande
TX-011365,CLI-00221,2026-03-18,Pisos y cerámicos,7,150687.94,Web,Tarjeta de crédito,Río Grande
TX-011366,CLI-00056,2026-03-18,Electricidad e iluminación,2,21102.64,Web,Tarjeta de débito,Tolhuin
TX-011367,CLI-00275,2026-03-18,Pinturas y revestimientos,1,24162.65,Web,Tarjeta de débito,Ushuaia
TX-011369,CLI-00450,2026-03-18,Sanitarios y grifería,4,428888.91,Web,Transferencia,Ushuaia
TX-011380,CLI-00806,2026-03-18,Electricidad e iluminación,3,95145.34,App,Transferencia,Río Grande
TX-011372,CLI-00850,2026-03-18,Cemento y áridos,42,858427.24,Telefónico,Transferencia,Río Grande
TX-011370,CLI-00063,2026-03-18,Cemento y áridos,9,104949.91,Telefónico,Tarjeta de crédito,USHUAIA
TX-011375,CLI-00370,2026-03-18,Pisos y cerámicos,28,458293.09,App,Transferencia,Ushuaia
TX-011377,CLI-01099,2026-03-18,Electricidad e iluminación,6,237113.98,App,Transferencia,Ushuaia
TX-011378,CLI-01263,2026-03-18,Plomería y caños,7,82504.69,Web,Transferencia,Ushuaia
TX-011379,CLI-01238,2026-03-18,Cemento y áridos,21,486298.72,Telefónico,Cuenta corriente,ushuaia
TX-011381,CLI-00600,2026-03-18,Herramientas manuales,2,47980.57,Web,Tarjeta de débito,Río Grande
TX-011382,CLI-00161,2026-03-18,Plomería y caños,6,54740.37,App,Efectivo en sucursal,Ushuaia
TX-011383,CLI-00161,2026-03-18,Ferretería general,7,42251.59,Web,Cuenta corriente,Ushuaia
TX-011373,CLI-00600,2026-03-18,Pisos y cerámicos,27,603148.29,Web,Tarjeta de crédito,Río Grande
TX-011418,CLI-00759,2026-03-19,Herramientas manuales,2,62438.63,Web,Cuenta corriente,Ushuaia
TX-011417,CLI-01099,2026-03-19,Pisos y cerámicos,13,909856.19,App,Cuenta corriente,Ushuaia
TX-011416,CLI-00990,2026-03-19,Pisos y cerámicos,8,-232137.85,App,Transferencia,Ushuaia
TX-011415,CLI-00772,2026-03-19,Pinturas y revestimientos,4,280820.04,App,Transferencia,Río Grande
TX-011412,CLI-00872,2026-03-19,Pinturas y revestimientos,6,427423.4,Web,transf.,Río Grande
TX-011413,CLI-01014,2026-03-19,Pisos y cerámicos,9,325196.86,Web,Cuenta corriente,Río Grande
TX-011391,CLI-00563,2026-03-19,Cemento y áridos,31,577054.53,Telefónico,Cuenta corriente,Río Grande
TX-011393,CLI-01181,2026-03-19,Ferretería general,5,22705.11,App,Tarjeta de crédito,Río Grande 
TX-011394,CLI-00671,2026-03-19,Electricidad e iluminación,2,33748.46,App,Efectivo en sucursal,Río Grande
TX-011395,CLI-00483,2026-03-19,Electricidad e iluminación,3,71374.26,Telefónico,Efectivo en sucursal,Río Grande
TX-011396,CLI-00378,2026-03-19,Pinturas y revestimientos,7,261105.54,Web,Tarjeta de crédito,Ushuaia
TX-011397,CLI-00449,2026-03-19,Sanitarios y grifería,4,198977.77,Web,Tarjeta de débito,Ushuaia
TX-011398,CLI-01223,2026-03-19,Pinturas y revestimientos,2,74286.21,Web,Tarjeta de crédito,Ushuaia
TX-011414,CLI-01002,2026-03-19,Cemento y áridos,105,2602014.91,Telefónico,Cuenta corriente,Río Grande
TX-011399,CLI-00146,2026-03-19,Cemento y áridos,16,220365.13,Web,Transferencia,Río Grande
TX-011401,CLI-00248,2026-03-19,Cemento y áridos,7,124686.78,Web,Transferencia,Ushuaia
TX-011402,CLI-00289,2026-03-19,Cemento y áridos,62,1430062.65,App,Transferencia,Río Grande
TX-011403,CLI-00590,2026-03-19,Pisos y cerámicos,13,302876.48,Web,Transferencia,Río Grande
TX-011404,CLI-01349,2026-03-19,Cemento y áridos,67,1171186.16,Telefónico,Tarjeta de crédito,Ushuaia
TX-011405,CLI-00874,2026-03-19,Herramientas manuales,2,46739.06,App,T. crédito,Río Grande
TX-011408,CLI-01170,2026-03-19,Ferretería general,53,456727.44,App,Tarjeta de crédito,tolhuin
TX-011409,CLI-00841,2026-03-19,Herramientas manuales,4,141338.85,App,Transferencia,Ushuaia
TX-011400,CLI-00540,2026-03-19,Aberturas,3,997894.57,Telefónico,Cuenta corriente,ushuaia
TX-011437,CLI-01322,2026-03-20,,2,82640.45,Web,Transferencia,Río Grande
TX-011420,CLI-00301,2026-03-20,Electricidad e iluminación,4,59098.19,Web,Tarjeta de crédito,Río Grande
TX-011435,CLI-00382,2026-03-20,Plomería y caños,4,42144.73,Web,Tarjeta de débito,Río Grande
TX-011434,CLI-01017,2026-03-20,Maderas y tableros,12,819341.82,App,Transferencia,Río Grande
TX-011433,CLI-00405,2026-03-20,Electricidad e iluminación,2,20680.19,Web,Tarjeta de débito,río grande
TX-011432,CLI-00990,2026-03-20,Cemento y áridos,49,901777.77,App,T. crédito,Ushuaia
TX-011431,CLI-00290,2026-03-20,Ferretería general,19,159203.1,Telefónico,Cuenta corriente,Río Grande
TX-011430,CLI-01243,2026-03-20,Herramientas manuales,9,277066.58,Telefónico,Cuenta corriente,Río Grande
TX-011428,CLI-00470,2026-03-20,Cemento y áridos,10,141628.49,App,Transferencia,Ushuaia
TX-011427,CLI-00523,2026-03-20,Cemento y áridos,20,995771.51,Telefónico,Cuenta corriente,Río Grande
TX-011426,CLI-00642,2026-03-20,Herramientas manuales,2,46642.22,Web,Tarjeta de crédito,Ushuaia
TX-011425,CLI-00116,2026-03-20,Seguridad e indumentaria,4,205997.64,Web,Tarjeta de débito,Río Grande
TX-011422,CLI-01082,2026-03-20,Maderas y tableros,15,960352.29,App,Transferencia,Ushuaia
TX-011421,CLI-00254,2026-03-20,Plomería y caños,14,153964.43,Web,Tarjeta de débito,Río Grande
TX-011419,CLI-01299,2026-03-20,Cemento y áridos,5,1005183.2,Web,Tarjeta de crédito,Río Grande 
TX-011436,CLI-00719,2026-03-20,Pinturas y revestimientos,3,,Telefónico,Cuenta corriente,Ushuaia
TX-011457,CLI-01310,2026-03-21,Cemento y áridos,50,1050674.91,App,Transferencia,Río Grande
TX-011438,CLI-00032,2026-03-21,Electricidad e iluminación,4,78691.7,Web,Tarjeta de débito,Río Grande
TX-011456,CLI-00663,2026-03-21,Plomería y caños,1,10841.95,Web,Tarjeta de crédito,Río Grande
TX-011452,CLI-00879,2026-03-21,Cemento y áridos,30,1110229.99,Telefónico,Cuenta corriente,Río Grande
TX-011451,CLI-00603,2026-03-21,Herramientas manuales,7,268065.29,Telefónico,Tarjeta de débito,ushuaia
TX-011448,CLI-00403,2026-03-21,Cemento y áridos,17,441849.33,Telefónico,Tarjeta de crédito,Ushuaia
TX-011447,CLI-00610,2026-03-21,Electricidad e iluminación,8,93098.55,Web,Transferencia,Río Grande
TX-011446,CLI-01197,2026-03-21,Plomería y caños,9,99196.74,App,Tarjeta de crédito,Río Grande
TX-011445,CLI-01269,2026-03-21,Electricidad e iluminación,2,53227.35,Telefónico,Cuenta corriente,Ushuaia
TX-011444,CLI-00600,2026-03-21,Cemento y áridos,16,188542.18,Web,Tarjeta de crédito,Río Grande
TX-011455,CLI-00523,2026-03-21,Sanitarios y grifería,3,385888.81,App,Tarjeta de débito,Río Grande
TX-011442,CLI-01104,2026-03-21,Electricidad e iluminación,19,438156.33,App,Transferencia,Río Grande
TX-011441,CLI-00687,2026-03-21,Cemento y áridos,119,2095296.98,Telefónico,Transferencia,Río Grande
TX-011440,CLI-00879,2026-03-21,Sanitarios y grifería,2,344572.99,Telefónico,Transferencia,Río Grande
TX-011439,CLI-00694,2026-03-21,Seguridad e indumentaria,1,59056.43,Web,Transferencia,Río Grande
TX-011453,CLI-00831,2026-03-21,Ferretería general,3,11144.37,Web,Tarjeta de débito,Ushuaia
TX-011458,CLI-00753,2026-03-22,Electricidad e iluminación,5,60065.59,Web,Transferencia,Río Grande
TX-011459,CLI-00275,2026-03-22,Pinturas y revestimientos,1,31099.88,Telefónico,Tarjeta de crédito,Ushuaia
TX-011460,CLI-00560,2026-03-22,Cemento y áridos,48,871353.06,Web,Cuenta corriente,Río Grande
TX-011477,CLI-01099,2026-03-23,Electricidad e iluminación,4,169058.95,App,Transferencia,Ushuaia
TX-011461,CLI-00947,2026-03-23,Plomería y caños,5,51527.51,Web,Tarjeta de débito,Río Grande
TX-011462,CLI-00376,2026-03-23,Herramientas manuales,5,280470.3,Telefónico,Cuenta corriente,Ushuaia
TX-011463,CLI-00733,2026-03-23,Cemento y áridos,19,491184.35,App,Tarjeta de débito,Río Grande
TX-011465,CLI-00421,2026-03-23,Ferretería general,7,39173.64,Web,Transferencia,Río Grande
TX-011466,CLI-00821,2026-03-23,Sanitarios y grifería,2,121909.56,App,Transferencia,Río Grande
TX-011467,CLI-00479,2026-03-23,Plomería y caños,11,94947.09,Web,Tarjeta de débito,Ushuaia
TX-011469,CLI-00274,2026-03-23,Sanitarios y grifería,3,531281.36,App,Cuenta corriente,Río Grande
TX-011470,CLI-01181,2026-03-23,Sanitarios y grifería,7,538525.46,App,Tarjeta de débito,río grande
TX-011474,CLI-01170,2026-03-23,Cemento y áridos,35,856003.67,Telefónico,Transferencia,Tolhuin
TX-011476,CLI-00038,2026-03-23,Electricidad e iluminación,3,56164.87,App,Tarjeta de débito,Río Grande
TX-011471,CLI-01013,2026-03-23,Aberturas,2,835664.43,App,Cuenta corriente,ushuaia
TX-011489,CLI-00475,2026-03-23,Pisos y cerámicos,7,141038.48,App,Tarjeta de débito,río grande
TX-011478,CLI-00165,2026-03-23,Herramientas manuales,6,112738.63,App,Tarjeta de débito,Ushuaia
TX-011479,CLI-01149,2026-03-23,Ferretería general,16,77840.66,Web,Transferencia,Ushuaia
TX-011480,CLI-00842,2026-03-23,Ferretería general,1,7629.73,Telefónico,Tarjeta de débito,Río Grande
TX-011475,CLI-00358,2026-03-23,Sanitarios y grifería,4,452732.07,Telefónico,Tarjeta de débito,Ushuaia
TX-011482,CLI-01148,2026-03-23,Sanitarios y grifería,3,208777.75,App,Transferencia,Ushuaia
TX-011481,CLI-00519,2026-03-23,Maderas y tableros,15,581385.0,Web,Cuenta corriente,Ushuaia
TX-011485,CLI-00687,2026-03-23,Electricidad e iluminación,11,317192.85,App,Cuenta corriente,Río Grande
TX-011486,CLI-01276,2026-03-23,Ferretería general,6,,Telefónico,Transferencia,Ushuaia
TX-011487,CLI-00644,2026-03-23,Plomería y caños,5,71891.93,Web,transf.,Ushuaia
TX-011488,CLI-00990,2026-03-23,Pinturas y revestimientos,2,131521.04,App,Cuenta corriente,Ushuaia
TX-011483,CLI-00540,2026-03-23,Ferretería general,4,27065.57,App,Tarjeta de débito,Ushuaia
TX-011520,CLI-00691,2026-03-24,Ferretería general,6,56897.79,Telefónico,Cuenta corriente,Ushuaia
TX-011525,CLI-00561,2026-03-24,Herramientas manuales,5,307036.51,Telefónico,Tarjeta de crédito,USHUAIA
TX-011523,CLI-00671,2026-03-24,Seguridad e indumentaria,3,100620.09,Web,Tarjeta de crédito,Río Grande
TX-011522,CLI-00938,2026-03-24,Electricidad e iluminación,3,79367.26,Web,Transferencia,Río Grande
TX-011521,CLI-01137,2026-03-24,Plomería y caños,5,134616.49,App,Transferencia,Río Grande
TX-011518,CLI-00333,2026-03-24,Cemento y áridos,17,259088.76,Web,Tarjeta de crédito,Ushuaia
TX-011512,CLI-00561,2026-03-24,Cemento y áridos,16,500789.4,Telefónico,Transferencia,Ushuaia
TX-011516,CLI-01082,2026-03-24,Ferretería general,2,33125.26,App,Cuenta corriente,Ushuaia
TX-011490,CLI-01167,2026-03-24,Ferretería general,9,30888.62,App,Tarjeta de débito,Río Grande
TX-011493,CLI-01136,2026-03-24,Sanitarios y grifería,3,193662.48,Web,Transferencia,Río Grande
TX-011494,CLI-00691,2026-03-24,Herramientas manuales,6,233558.93,App,Efectivo en sucursal,Ushuaia
TX-011496,CLI-00056,2026-03-24,Ferretería general,2,9159.6,Web,Tarjeta de débito,Tolhuin
TX-011497,CLI-00733,2026-03-24,Pinturas y revestimientos,4,270879.16,App,Cuenta corriente,Río Grande
TX-011499,CLI-00900,2026-03-24,Seguridad e indumentaria,2,79483.62,Web,Efectivo en sucursal,Ushuaia
TX-011501,CLI-00644,2026-03-24,Pinturas y revestimientos,4,126474.28,App,Transferencia,Ushuaia
TX-011502,CLI-00719,2026-03-24,Plomería y caños,7,153912.97,App,Cuenta corriente,Ushuaia
TX-011517,CLI-01273,2026-03-24,Cemento y áridos,18,334296.61,Web,T. débito,Río Grande
TX-011505,CLI-01265,2026-03-24,Plomería y caños,4,72469.12,Telefónico,Cuenta corriente,Tolhuin
TX-011507,CLI-00610,2026-03-24,Sanitarios y grifería,1,57453.92,App,Efectivo en sucursal,Río Grande
TX-011508,CLI-00417,2026-03-24,Aberturas,2,392406.27,Web,Transferencia,Río Grande
TX-011509,CLI-00405,2026-03-24,Electricidad e iluminación,1,10464.59,Telefónico,Transferencia,río grande
TX-011510,CLI-00996,2026-03-24,Cemento y áridos,44,1104466.08,Telefónico,Cuenta corriente,Ushuaia
TX-011513,CLI-01329,2026-03-24,Sanitarios y grifería,1,73089.53,Web,Transferencia,Río Grande
TX-011514,CLI-00378,2026-03-24,Ferretería general,19,105120.39,Web,Transferencia,Ushuaia
TX-011515,CLI-01170,2026-03-24,Herramientas manuales,7,-185533.85,Web,Transferencia,Tolhuin
TX-011506,CLI-00519,2026-03-24,Pisos y cerámicos,19,690213.18,Telefónico,Transferencia,Ushuaia
TX-011552,CLI-00205,2026-03-25,Electricidad e iluminación,2,29258.35,Web,Efectivo en sucursal,USHUAIA
TX-011550,CLI-00856,2026-03-25,Seguridad e indumentaria,2,157912.69,Telefónico,Cuenta corriente,Ushuaia
TX-011554,CLI-01099,2026-03-25,Cemento y áridos,10,467482.61,Telefónico,Cuenta corriente,Ushuaia
TX-011548,CLI-00519,2026-03-25,Cemento y áridos,19,416892.21,App,Transferencia,Ushuaia
TX-011549,CLI-00496,2026-03-25,Pinturas y revestimientos,2,61599.18,App,Tarjeta de crédito,Río Grande
TX-011543,CLI-01332,2026-03-25,Plomería y caños,6,103935.95,Web,Tarjeta de crédito,USHUAIA
TX-011542,CLI-01192,2026-03-25,Herramientas manuales,1,17076.49,App,Tarjeta de crédito,Río Grande
TX-011539,CLI-00254,2026-03-25,Herramientas manuales,7,115321.24,Telefónico,Tarjeta de débito,Río Grande
TX-011538,CLI-01306,2026-03-25,Sanitarios y grifería,2,109108.22,Web,Tarjeta de crédito,Ushuaia
TX-011537,CLI-00842,2026-03-25,Aberturas,10,2202887.64,App,Cuenta corriente,Río Grande
TX-011535,CLI-00519,2026-03-25,Cemento y áridos,16,309307.87,App,Transferencia,Ushuaia
TX-011546,CLI-01273,2026-03-25,Herramientas manuales,3,73008.21,Web,Tarjeta de crédito,Rio Grande
TX-011532,CLI-00691,2026-03-25,Herramientas manuales,7,228190.94,Telefónico,Transferencia,Ushuaia
TX-011531,CLI-00221,2026-03-25,Sanitarios y grifería,3,1232457.85,App,Tarjeta de crédito,Río Grande
TX-011529,CLI-00345,2026-03-25,Ferretería general,30,259240.24,App,Transferencia,Río Grande
TX-011528,CLI-01137,2026-03-25,Herramientas manuales,3,216362.84,App,Transferencia,Río Grande
TX-011526,CLI-00649,2026-03-25,Herramientas manuales,2,77791.33,Telefónico,Cuenta corriente,Ushuaia
TX-011547,CLI-01329,2026-03-25,Sanitarios y grifería,2,177553.51,Web,Transferencia,Río Grande
TX-011533,CLI-00370,2026-03-25,Herramientas eléctricas,1,143331.4,App,Efectivo en sucursal,Ushuaia
TX-011577,CLI-01207,2026-03-26,Electricidad e iluminación,30,542864.38,Telefónico,Transferencia,Ushuaia
TX-011579,CLI-00449,2026-03-26,Aberturas,2,282253.68,App,Tarjeta de crédito,USHUAIA
TX-011576,CLI-01170,2026-03-26,Plomería y caños,3,38655.91,App,Cuenta corriente,Tolhuin
TX-011564,CLI-00836,2026-03-26,Herramientas manuales,2,47271.38,App,Tarjeta de crédito,Ushuaia
TX-011572,CLI-00172,2026-03-26,Pisos y cerámicos,30,1670318.8,Web,Tarjeta de débito,Tolhuin
TX-011573,CLI-00713,2026-03-26,Electricidad e iluminación,3,56184.31,App,Tarjeta de débito,Ushuaia
TX-011570,CLI-00874,2026-03-26,Herramientas manuales,1,17335.65,App,Transferencia,Río Grande
TX-011569,CLI-00179,2026-03-26,Sanitarios y grifería,2,119781.83,App,Transferencia,Río Grande
TX-011568,CLI-01009,2026-03-26,Herramientas manuales,5,130580.58,Web,Tarjeta de crédito,TOLHUIN
TX-011567,CLI-00687,2026-03-26,Pinturas y revestimientos,1,61161.94,Web,Cuenta corriente,Río Grande
TX-011565,CLI-00990,2026-03-26,Ferretería general,31,332334.69,Telefónico,Transferencia,Ushuaia
TX-011563,CLI-00156,2026-03-26,Electricidad e iluminación,4,70500.93,Web,Tarjeta de crédito,Río Grande
TX-011566,CLI-01269,2026-03-26,Plomería y caños,43,702880.19,Web,Cuenta corriente,Ushuaia
TX-011560,CLI-00386,2026-03-26,Sanitarios y grifería,5,560089.16,Telefónico,Tarjeta de crédito,Río Grande
TX-011559,CLI-01099,2026-03-26,Pisos y cerámicos,10,502053.06,App,Cuenta corriente,Ushuaia
TX-011558,CLI-00879,2026-03-26,Electricidad e iluminación,2,96485.68,Telefónico,Cuenta corriente,Río Grande
TX-011557,CLI-00783,2026-03-26,Plomería y caños,4,35187.84,Web,Tarjeta de crédito,Ushuaia
TX-011555,CLI-01028,2026-03-26,Sanitarios y grifería,1,69646.78,Web,Tarjeta de crédito,Ushuaia
TX-011571,CLI-01221,2026-03-26,Aberturas,2,308842.89,Web,Tarjeta de débito,Ushuaia
TX-011562,CLI-01104,2026-03-26,Electricidad e iluminación,13,388092.94,App,Cuenta corriente,Río Grande
TX-011607,CLI-01137,2026-03-27,Cemento y áridos,17,601866.6,Telefónico,Cuenta corriente,Río Grande
TX-011613,CLI-01260,2026-03-27,,1,223161.8,Web,Tarjeta de crédito,Río Grande
TX-011612,CLI-01258,2026-03-27,Sanitarios y grifería,2,136792.22,Telefónico,Transferencia,Río Grande
TX-011610,CLI-01170,2026-03-27,Aberturas,4,1275401.54,Web,transf.,Tolhuin
TX-011609,CLI-00687,2026-03-27,Maderas y tableros,7,296411.79,Web,Transferencia,Río Grande
TX-011606,CLI-00134,2026-03-27,Ferretería general,18,78680.82,Web,Cuenta corriente,Ushuaia
TX-011611,CLI-00932,2026-03-27,Electricidad e iluminación,6,161019.85,App,Tarjeta de crédito,Río Grande
TX-011604,CLI-00678,2026-03-27,Pinturas y revestimientos,1,28305.63,Web,Tarjeta de crédito,Río Grande
TX-011580,CLI-01204,2026-03-27,Maderas y tableros,2,80580.55,App,Tarjeta de débito,Ushuaia
TX-011581,CLI-00056,2026-03-27,Pisos y cerámicos,5,94199.54,Web,Tarjeta de crédito,Tolhuin
TX-011582,CLI-01137,2026-03-27,Aberturas,5,2549251.77,Telefónico,Tarjeta de débito,río grande
TX-011584,CLI-01146,2026-03-27,Pisos y cerámicos,12,494557.3,App,Cuenta corriente,Río Grande
TX-011585,CLI-00112,2026-03-27,Electricidad e iluminación,12,373075.98,App,Cuenta corriente,Río Grande
TX-011586,CLI-01102,2026-03-27,Pinturas y revestimientos,9,267196.1,Web,Tarjeta de crédito,Ushuaia
TX-011588,CLI-01099,2026-03-27,Pisos y cerámicos,4,188686.97,Telefónico,Cuenta corriente,Ushuaia
TX-011591,CLI-01306,2026-03-27,Aberturas,3,674571.0,App,Tarjeta de débito,Ushuaia
TX-011593,CLI-00512,2026-03-27,Pisos y cerámicos,6,131621.06,Web,Tarjeta de débito,Río Grande
TX-011594,CLI-00523,2026-03-27,Plomería y caños,20,627727.86,Telefónico,Transferencia,Río Grande
TX-011595,CLI-00806,2026-03-27,Pisos y cerámicos,7,521256.73,Telefónico,Transferencia,RÍO GRANDE
TX-011596,CLI-00517,2026-03-27,Sanitarios y grifería,1,60923.83,Web,Transferencia,Río Grande
TX-011605,CLI-01174,2026-03-27,Plomería y caños,12,270075.19,Telefónico,Cuenta corriente,Río Grande
TX-011599,CLI-01269,2026-03-27,Sanitarios y grifería,6,510077.04,App,Efectivo en sucursal,Ushuaia
TX-011597,CLI-00773,2026-03-27,Electricidad e iluminación,4,73901.9,App,Tarjeta de crédito,río grande
TX-011598,CLI-00879,2026-03-27,Ferretería general,22,326161.72,App,Transferencia,Río Grande
TX-011600,CLI-00127,2026-03-27,Cemento y áridos,56,676876.69,Web,Transferencia,Ushuaia
TX-011601,CLI-00134,2026-03-27,Herramientas manuales,4,82009.04,App,Tarjeta de débito,USHUAIA
TX-011602,CLI-00948,2026-03-27,Seguridad e indumentaria,2,83218.73,Web,Tarjeta de crédito,Río Grande
TX-011621,CLI-01306,2026-03-28,Seguridad e indumentaria,2,99539.06,App,Efectivo en sucursal,Ushuaia
TX-011624,CLI-00566,2026-03-28,Ferretería general,2,8319.41,App,Tarjeta de débito,Río Grande
TX-011620,CLI-00937,2026-03-28,Pisos y cerámicos,3,70607.44,Web,Tarjeta de crédito,Ushuaia
TX-011619,CLI-00218,2026-03-28,Pisos y cerámicos,34,1602608.01,Web,transf.,Río Grande
TX-011618,CLI-00900,2026-03-28,Pinturas y revestimientos,3,102432.42,Web,Tarjeta de débito,Ushuaia
TX-011617,CLI-01195,2026-03-28,Electricidad e iluminación,8,109034.82,App,Tarjeta de crédito,Río Grande
TX-011616,CLI-00644,2026-03-28,Ferretería general,4,13571.69,App,Tarjeta de débito,Ushuaia
TX-011615,CLI-00205,2026-03-28,Cemento y áridos,71,984076.11,App,Efectivo en sucursal,Ushuaia
TX-011614,CLI-01207,2026-03-28,Herramientas eléctricas,5,1285718.59,Telefónico,Transferencia,Ushuaia
TX-011622,CLI-00172,2026-03-28,Sanitarios y grifería,3,442664.66,Telefónico,Cuenta corriente,Tolhuin
TX-011623,CLI-01238,2026-03-28,Cemento y áridos,43,889941.36,App,Cuenta corriente,Ushuaia
TX-011625,CLI-01207,2026-03-29,Herramientas manuales,4,162690.52,Telefónico,Cuenta corriente,Ushuaia
TX-011627,CLI-00275,2026-03-29,Cemento y áridos,5,68270.22,Web,Efectivo en sucursal,Ushuaia
TX-011626,CLI-00610,2026-03-29,Pisos y cerámicos,3,49039.65,Web,,Río Grande
TX-011643,CLI-00202,2026-03-30,Ferretería general,32,220968.66,Telefónico,Cuenta corriente,Ushuaia
TX-011640,CLI-00028,2026-03-30,Maderas y tableros,4,154094.74,Telefónico,Cuenta corriente,Ushuaia
TX-011639,CLI-00602,2026-03-30,Pisos y cerámicos,9,187459.76,Web,Transferencia,Ushuaia
TX-011637,CLI-00421,2026-03-30,Ferretería general,2,8203.97,App,Tarjeta de débito,RÍO GRANDE
TX-011636,CLI-00806,2026-03-30,Aberturas,4,1472213.23,Web,,Río Grande
TX-011635,CLI-00806,2026-03-30,Sanitarios y grifería,1,176798.87,Telefónico,Cuenta corriente,Río Grande
TX-011634,CLI-01082,2026-03-30,Pisos y cerámicos,52,2798487.99,Telefónico,T. crédito,Ushuaia
TX-011633,CLI-00403,2026-03-30,Plomería y caños,12,189568.94,Telefónico,Cuenta corriente,Ushuaia
TX-011632,CLI-01082,2026-03-30,Ferretería general,14,207302.77,App,,Ushuaia
TX-011631,CLI-00621,2026-03-30,Cemento y áridos,69,-1586109.74,Telefónico,Tarjeta de crédito,Río Grande
TX-011630,CLI-00902,2026-03-30,Pinturas y revestimientos,10,382846.16,Web,Tarjeta de crédito,Río Grande
TX-011629,CLI-01167,2026-03-30,Plomería y caños,4,30866.81,Web,Tarjeta de crédito,Río Grande
TX-011641,CLI-01243,2026-03-30,Maderas y tableros,29,1155519.89,Telefónico,Cuenta corriente,río grande
TX-011645,CLI-01093,2026-03-30,Electricidad e iluminación,16,390061.72,Web,Cuenta corriente,Ushuaia
TX-011656,CLI-01181,2026-03-30,Electricidad e iluminación,5,55830.04,Web,Tarjeta de débito,Río Grande
TX-011655,CLI-00386,2026-03-30,Maderas y tableros,13,528752.55,App,Cuenta corriente,Río Grande
TX-011654,CLI-01263,2026-03-30,Electricidad e iluminación,10,185925.76,Web,transf.,Ushuaia
TX-011652,CLI-00874,2026-03-30,Plomería y caños,3,30772.13,Web,Tarjeta de crédito,Río Grande
TX-011650,CLI-01082,2026-03-30,Ferretería general,2,,Telefónico,Cuenta corriente,ushuaia
TX-011647,CLI-00603,2026-03-30,Ferretería general,2,18170.85,Web,Cuenta corriente,ushuaia
TX-011646,CLI-01084,2026-03-30,Pinturas y revestimientos,9,737308.43,Telefónico,Cuenta corriente,Ushuaia
TX-011644,CLI-01084,2026-03-30,Sanitarios y grifería,8,,Telefónico,Transferencia,Ushuaia
TX-011658,CLI-01104,2026-03-31,Ferretería general,11,117425.09,App,Tarjeta de débito,Río Grande
TX-011663,CLI-00077,2026-03-31,Plomería y caños,2,44674.33,Telefónico,Cuenta corriente,Río Grande
TX-011657,CLI-00292,2026-03-31,Herramientas manuales,10,223516.29,Web,Tarjeta de crédito,Ushuaia 
TX-011664,CLI-00134,2026-03-31,Pisos y cerámicos,15,421372.96,Web,Tarjeta de débito,ushuaia
TX-011678,CLI-01249,2026-03-31,Ferretería general,3,17454.47,Web,Tarjeta de crédito,Rio Grande
TX-011677,CLI-01013,2026-03-31,Electricidad e iluminación,12,595880.28,Telefónico,Cuenta corriente,Ushuaia
TX-011673,CLI-00274,2026-03-31,Seguridad e indumentaria,2,168410.52,Telefónico,Efectivo en sucursal,Río Grande
TX-011672,CLI-00224,2026-03-31,Electricidad e iluminación,12,212557.53,App,Tarjeta de débito,Río Grande 
TX-011671,CLI-00586,2026-03-31,Electricidad e iluminación,8,68854.84,Web,Transferencia,Río Grande 
TX-011670,CLI-01139,2026-03-31,Electricidad e iluminación,6,76977.18,App,Tarjeta de débito,Ushuaia
TX-011669,CLI-01333,2026-03-31,Ferretería general,10,68660.14,Web,Tarjeta de débito,Ushuaia
TX-011668,CLI-01100,2026-03-31,Pinturas y revestimientos,16,1239630.04,Web,Cuenta corriente,Tolhuin
TX-011667,CLI-01306,2026-03-31,Herramientas manuales,4,80132.09,Web,Efectivo en sucursal,Ushuaia
TX-011665,CLI-01099,2026-03-31,Maderas y tableros,13,1061183.63,Telefónico,Tarjeta de crédito,Ushuaia
TX-011661,CLI-00691,2026-03-31,Pinturas y revestimientos,4,216313.41,App,Cuenta corriente,Ushuaia
TX-011662,CLI-00600,2026-03-31,Sanitarios y grifería,1,43155.79,Web,Tarjeta de crédito,Río Grande
TX-011694,CLI-00805,2026-04-01,Herramientas manuales,3,80947.1,App,transf.,Ushuaia
TX-011698,CLI-00165,2026-04-01,Pinturas y revestimientos,2,73905.21,Telefónico,Efectivo en sucursal,Ushuaia
TX-011679,CLI-01243,2026-04-01,Electricidad e iluminación,10,352746.72,App,Cuenta corriente,Río Grande
TX-011681,CLI-00523,2026-04-01,Cemento y áridos,17,734169.1,Telefónico,Cuenta corriente,Río Grande
TX-011682,CLI-00615,2026-04-01,Plomería y caños,3,32064.76,Web,Tarjeta de crédito,Río Grande
TX-011699,CLI-00523,2026-04-01,Ferretería general,9,119628.89,App,Tarjeta de crédito,Río Grande
TX-011688,CLI-00390,2026-04-01,Plomería y caños,9,185996.26,App,Transferencia,Ushuaia
TX-011687,CLI-00719,2026-04-01,Ferretería general,5,70561.33,Telefónico,Transferencia,Ushuaia
TX-011690,CLI-01100,2026-04-01,Ferretería general,16,171752.65,App,Tarjeta de crédito,Tolhuin
TX-011691,CLI-01220,2026-04-01,Ferretería general,3,15022.06,App,Tarjeta de crédito,Ushuaia
TX-011693,CLI-01082,2026-04-01,Cemento y áridos,87,2769039.07,Telefónico,Cuenta corriente,Ushuaia
TX-011695,CLI-00068,2026-04-01,Herramientas eléctricas,2,1375498.65,App,Transferencia,Río Grande
TX-011697,CLI-00671,2026-04-01,Seguridad e indumentaria,3,156577.66,Web,Tarjeta de crédito,Río Grande
TX-011689,CLI-00260,2026-04-01,Plomería y caños,3,38720.02,App,Tarjeta de crédito,Río Grande
TX-011686,CLI-00902,2026-04-01,Herramientas eléctricas,1,238857.57,Web,Transferencia,Río Grande
TX-011725,CLI-00872,2026-04-02,Pisos y cerámicos,34,969116.46,Web,Cuenta corriente,Rio Grande
TX-011732,CLI-00529,2026-04-02,Ferretería general,8,50504.14,Web,Transferencia,Río Grande
TX-011730,CLI-00403,2026-04-02,Plomería y caños,7,151310.38,Telefónico,Cuenta corriente,Ushuaia
TX-011729,CLI-00794,2026-04-02,Pisos y cerámicos,12,258205.8,App,Cuenta corriente,RÍO GRANDE
TX-011724,CLI-00856,2026-04-02,Herramientas manuales,4,130297.89,App,Cuenta corriente,Ushuaia
TX-011721,CLI-01243,2026-04-02,Electricidad e iluminación,7,212825.83,App,Transferencia,Rio Grande
TX-011716,CLI-00540,2026-04-02,Sanitarios y grifería,4,317881.52,Telefónico,Cuenta corriente,Ushuaia
TX-011714,CLI-00649,2026-04-02,Sanitarios y grifería,1,76293.3,Web,Cuenta corriente,Ushuaia
TX-011712,CLI-00517,2026-04-02,Pinturas y revestimientos,2,61817.38,App,Tarjeta de crédito,Río Grande
TX-011722,CLI-00935,2026-04-02,Sanitarios y grifería,2,383682.4,Web,Transferencia,Río Grande 
TX-011711,CLI-00218,2026-04-02,Pisos y cerámicos,22,925160.92,App,Cuenta corriente,Río Grande
TX-011707,CLI-01099,2026-04-02,Ferretería general,6,83970.4,Telefónico,Cuenta corriente,Ushuaia
TX-011706,CLI-01037,2026-04-02,Electricidad e iluminación,2,47458.83,Telefónico,Cuenta corriente,Ushuaia
TX-011705,CLI-01037,2026-04-02,Sanitarios y grifería,2,218877.54,Telefónico,Cuenta corriente,Ushuaia
TX-011704,CLI-00199,2026-04-02,Ferretería general,10,80902.33,App,Transferencia,Rio Grande
TX-011702,CLI-00292,2026-04-02,Herramientas manuales,3,46960.26,Web,Tarjeta de crédito,Ushuaia
TX-011701,CLI-00649,2026-04-02,Plomería y caños,9,210008.09,Telefónico,Transferencia,Ushuaia
TX-011700,CLI-01322,2026-04-02,Plomería y caños,8,73233.17,App,Efectivo en sucursal,RÍO GRANDE
TX-011717,CLI-00290,2026-04-02,Cemento y áridos,19,277497.86,App,Cuenta corriente,Río Grande
TX-011718,CLI-00649,2026-04-02,Sanitarios y grifería,1,101643.58,Telefónico,Cuenta corriente,Ushuaia
TX-011720,CLI-00093,2026-04-02,Herramientas eléctricas,2,424186.38,Telefónico,Tarjeta de crédito,RÍO GRANDE
TX-011719,CLI-01005,2026-04-02,Herramientas eléctricas,3,795457.29,Web,Tarjeta de crédito,Ushuaia
TX-011752,CLI-00051,2026-04-03,Herramientas manuales,4,177393.61,Telefónico,transf.,Ushuaia
TX-011734,CLI-01148,2026-04-03,Herramientas manuales,2,37734.64,Web,transf.,Ushuaia
TX-011735,CLI-01082,2026-04-03,Aberturas,2,944564.72,Web,Cuenta corriente,Ushuaia
TX-011738,CLI-00821,2026-04-03,Herramientas manuales,2,30961.23,Web,Tarjeta de débito,Río Grande
TX-011742,CLI-00482,2026-04-03,Plomería y caños,6,89400.08,Telefónico,Cuenta corriente,Río Grande
TX-011743,CLI-00523,2026-04-03,Ferretería general,36,520236.84,Telefónico,Cuenta corriente,Río Grande
TX-011751,CLI-00378,2026-04-03,Herramientas manuales,2,41376.3,Web,Transferencia,Ushuaia
TX-011744,CLI-01223,2026-04-03,Aberturas,4,751439.91,Web,Transferencia,Ushuaia
TX-011746,CLI-00172,2026-04-03,Sanitarios y grifería,3,406630.78,Telefónico,Cuenta corriente,Tolhuin
TX-011747,CLI-00523,2026-04-03,Plomería y caños,15,325222.86,Web,Tarjeta de débito,Río Grande
TX-011748,CLI-00540,2026-04-03,Electricidad e iluminación,10,260032.51,Telefónico,Cuenta corriente,Ushuaia
TX-011757,CLI-00390,2026-04-03,Plomería y caños,6,102326.75,App,Transferencia,Ushuaia
TX-011755,CLI-00109,2026-04-03,Plomería y caños,3,28894.61,Web,Tarjeta de crédito,Ushuaia
TX-011754,CLI-00077,2026-04-03,Pisos y cerámicos,32,979267.19,App,Cuenta corriente,Río Grande
TX-011749,CLI-00772,2026-04-03,Cemento y áridos,55,1199548.15,Telefónico,Transferencia,Río Grande
TX-011745,CLI-01310,2026-04-03,Herramientas manuales,3,91787.29,Telefónico,Cuenta corriente,Río Grande
TX-011753,CLI-00301,2026-04-03,Ferretería general,4,19133.61,Web,Transferencia,Rio Grande
TX-011768,CLI-00411,2026-04-04,Pinturas y revestimientos,6,158241.62,App,Transferencia,RÍO GRANDE
TX-011764,CLI-00116,2026-04-04,Herramientas manuales,2,38884.13,Web,Transferencia,Río Grande
TX-011759,CLI-01089,2026-04-04,Herramientas manuales,2,38720.03,App,Tarjeta de crédito,Tolhuin
TX-011774,CLI-01159,2026-04-04,Electricidad e iluminación,1,14200.87,Web,Tarjeta de débito,Ushuaia
TX-011772,CLI-00540,2026-04-04,Ferretería general,8,65819.65,App,Tarjeta de débito,Ushuaia
TX-011771,CLI-00998,2026-04-04,Plomería y caños,7,53567.08,Web,Tarjeta de crédito,Río Grande
TX-011770,CLI-00378,2026-04-04,Ferretería general,8,53232.91,Web,Tarjeta de débito,Ushuaia
TX-011769,CLI-00935,2026-04-04,Maderas y tableros,11,872031.7,Telefónico,Cuenta corriente,Río Grande
TX-011767,CLI-01089,2026-04-04,Sanitarios y grifería,4,291774.75,Web,Tarjeta de débito,Tolhuin
TX-011766,CLI-01014,2026-04-04,Cemento y áridos,24,706301.14,Web,Transferencia,Rio Grande
TX-011765,CLI-00358,2026-04-04,Herramientas manuales,7,337325.68,App,Tarjeta de crédito,Ushuaia
TX-011760,CLI-00498,2026-04-04,Ferretería general,2,8276.5,App,Efectivo en sucursal,Río Grande
TX-011762,CLI-01100,2026-04-04,Electricidad e iluminación,9,418966.96,Telefónico,Tarjeta de débito,Tolhuin
TX-011761,CLI-00701,2026-04-04,Maderas y tableros,13,900047.05,App,Cuenta corriente,Río Grande
TX-011778,CLI-00687,2026-04-05,Sanitarios y grifería,6,634345.43,Web,Tarjeta de débito,Río Grande
TX-011780,CLI-01201,2026-04-05,Herramientas manuales,4,72549.1,Web,Tarjeta de débito,Río Grande
TX-011776,CLI-00944,2026-04-05,Sanitarios y grifería,2,118097.75,Web,Tarjeta de débito,Ushuaia
TX-011808,CLI-00687,2026-04-06,Maderas y tableros,9,343562.03,Telefónico,Cuenta corriente,Río Grande
TX-011812,CLI-00689,2026-04-06,Maderas y tableros,13,548341.27,App,Cuenta corriente,Río Grande
TX-011811,CLI-01269,2026-04-06,Ferretería general,23,156011.98,Web,Cuenta corriente,Ushuaia
TX-011810,CLI-00403,2026-04-06,Cemento y áridos,48,1254070.22,Web,Cuenta corriente,Ushuaia
TX-011809,CLI-00561,2026-04-06,Pinturas y revestimientos,3,200245.74,Telefónico,Transferencia,Ushuaia 
TX-011806,CLI-00850,2026-04-06,Aberturas,3,925944.98,Telefónico,Cuenta corriente,Río Grande
TX-011797,CLI-00523,2026-04-06,Pisos y cerámicos,106,7004699.77,Telefónico,Tarjeta de crédito,Río Grande
TX-011803,CLI-00649,2026-04-06,Pinturas y revestimientos,4,154009.3,Telefónico,Cuenta corriente,Ushuaia
TX-011781,CLI-00421,2026-04-06,Cemento y áridos,24,234013.99,Web,Tarjeta de débito,Río Grande
TX-011782,CLI-00156,2026-04-06,Cemento y áridos,6,79351.82,Web,Tarjeta de crédito,Río Grande
TX-011783,CLI-00993,2026-04-06,Herramientas eléctricas,1,541817.58,App,Tarjeta de crédito,Río Grande
TX-011784,CLI-01100,2026-04-06,Pisos y cerámicos,6,305970.69,App,Transferencia,Tolhuin
TX-011785,CLI-00856,2026-04-06,Seguridad e indumentaria,12,858416.01,Telefónico,Cuenta corriente,Ushuaia
TX-011786,CLI-00874,2026-04-06,Pinturas y revestimientos,3,90364.63,App,Tarjeta de crédito,Río Grande
TX-011788,CLI-00051,2026-04-06,Electricidad e iluminación,2,57461.76,Telefónico,,Ushuaia
TX-011789,CLI-00563,2026-04-06,Cemento y áridos,15,395503.81,App,Cuenta corriente,Río Grande
TX-011790,CLI-01223,2026-04-06,Plomería y caños,3,34188.97,App,Tarjeta de crédito,Ushuaia
TX-011791,CLI-00156,2026-04-06,Pinturas y revestimientos,2,44925.79,App,Transferencia,Río Grande
TX-011794,CLI-01137,2026-04-06,Electricidad e iluminación,17,755538.53,Telefónico,Cuenta corriente,Río Grande
TX-011795,CLI-00587,2026-04-06,Electricidad e iluminación,1,15942.24,Web,Tarjeta de débito,Río Grande
TX-011796,CLI-00282,2026-04-06,Ferretería general,4,27906.3,Telefónico,Tarjeta de crédito,Río Grande
TX-011798,CLI-00671,2026-04-06,Ferretería general,3,20061.47,Telefónico,Tarjeta de débito,Río Grande
TX-011799,CLI-00290,2026-04-06,Herramientas manuales,4,146032.41,Telefónico,Cuenta corriente,Río Grande
TX-011800,CLI-00411,2026-04-06,Sanitarios y grifería,3,212955.4,Web,Transferencia,Río Grande
TX-011802,CLI-01159,2026-04-06,Electricidad e iluminación,3,39299.02,Telefónico,Tarjeta de débito,Ushuaia
TX-011804,CLI-00687,2026-04-06,Herramientas manuales,9,276340.55,App,Transferencia,Río Grande
TX-011832,CLI-01099,2026-04-07,Herramientas manuales,21,811435.27,Telefónico,Transferencia,Ushuaia
TX-011826,CLI-00551,2026-04-07,Pinturas y revestimientos,20,1567087.18,Telefónico,Cuenta corriente,USHUAIA
TX-011827,CLI-00134,2026-04-07,Plomería y caños,2,28446.27,Web,Transferencia,ushuaia
TX-011825,CLI-01220,2026-04-07,Pisos y cerámicos,18,280899.3,Web,Tarjeta de crédito,Ushuaia
TX-011824,CLI-00649,2026-04-07,Ferretería general,10,75407.73,Telefónico,Transferencia,Ushuaia
TX-011823,CLI-01100,2026-04-07,Ferretería general,10,138572.92,App,Tarjeta de crédito,Tolhuin
TX-011822,CLI-00264,2026-04-07,Herramientas eléctricas,1,129762.7,Web,Tarjeta de débito,USHUAIA
TX-011821,CLI-00106,2026-04-07,Ferretería general,7,25760.99,Telefónico,Tarjeta de débito,Ushuaia
TX-011820,CLI-01017,2026-04-07,Electricidad e iluminación,11,652890.51,App,Transferencia,Río Grande
TX-011819,CLI-00355,2026-04-07,Pinturas y revestimientos,4,138776.23,Web,Tarjeta de débito,
TX-011818,CLI-00491,2026-04-07,Plomería y caños,5,45822.21,Web,Tarjeta de débito,RÍO GRANDE
TX-011817,CLI-01053,2026-04-07,Seguridad e indumentaria,9,799157.57,App,Efectivo en sucursal,Río Grande
TX-011816,CLI-00172,2026-04-07,Cemento y áridos,103,3437575.5,Telefónico,Transferencia,Tolhuin
TX-011815,CLI-00872,2026-04-07,Ferretería general,3,26726.23,Telefónico,Cuenta corriente,Río Grande
TX-011814,CLI-00254,2026-04-07,Electricidad e iluminación,4,63022.67,Web,Tarjeta de crédito,Río Grande
TX-011813,CLI-01104,2026-04-07,Plomería y caños,13,209028.88,Web,Cuenta corriente,Río Grande
TX-011829,CLI-00556,2026-04-07,Ferretería general,8,38803.89,Telefónico,Transferencia,Río Grande
TX-011854,CLI-00274,2026-04-08,Aberturas,2,613778.01,Telefónico,Cuenta corriente,Río Grande
TX-011853,CLI-00540,2026-04-08,Cemento y áridos,26,633600.18,Telefónico,Tarjeta de débito,Ushuaia
TX-011851,CLI-00119,2026-04-08,Ferretería general,9,30322.24,App,Tarjeta de débito,Tolhuin
TX-011850,CLI-00370,2026-04-08,Electricidad e iluminación,20,391167.19,Web,Tarjeta de crédito,Ushuaia
TX-011849,CLI-00056,2026-04-08,Herramientas manuales,2,38379.69,Web,Transferencia,Tolhuin
TX-011847,CLI-01170,2026-04-08,Seguridad e indumentaria,12,678220.82,Telefónico,Transferencia,Tolhuin
TX-011846,CLI-00561,2026-04-08,Aberturas,13,4672434.59,Telefónico,Cuenta corriente,USHUAIA
TX-011845,CLI-01329,2026-04-08,Electricidad e iluminación,2,27829.44,App,Tarjeta de débito,Río Grande
TX-011844,CLI-01306,2026-04-08,Herramientas eléctricas,1,270566.17,Web,Transferencia,Ushuaia
TX-011843,CLI-01046,2026-04-08,Pinturas y revestimientos,3,154560.2,Web,Cuenta corriente,Río Grande
TX-011840,CLI-00264,2026-04-08,Electricidad e iluminación,2,25318.37,Web,Tarjeta de crédito,Ushuaia
TX-011839,CLI-01137,2026-04-08,Pinturas y revestimientos,3,424545.59,App,Cuenta corriente,río grande
TX-011837,CLI-00051,2026-04-08,Maderas y tableros,15,540190.38,Telefónico,Cuenta corriente,Ushuaia
TX-011835,CLI-00401,2026-04-08,Electricidad e iluminación,2,-24900.84,Web,Transferencia,Río Grande
TX-011834,CLI-00087,2026-04-08,Aberturas,1,126303.23,Web,Transferencia,ushuaia
TX-011833,CLI-00716,2026-04-08,Plomería y caños,4,36722.16,Web,Tarjeta de crédito,río grande
TX-011842,CLI-01051,2026-04-08,Plomería y caños,15,260701.35,Web,,Río Grande
TX-011875,CLI-00932,2026-04-09,Sanitarios y grifería,3,362801.29,App,Tarjeta de crédito,Río Grande
TX-011877,CLI-00382,2026-04-09,Herramientas manuales,5,129067.03,App,Transferencia,Río Grande
TX-011874,CLI-00587,2026-04-09,Ferretería general,2,11176.77,App,Tarjeta de débito,Río Grande
TX-011873,CLI-00500,2026-04-09,Electricidad e iluminación,12,321289.48,App,Cuenta corriente,Ushuaia
TX-011872,CLI-00162,2026-04-09,Ferretería general,5,40968.9,App,Cuenta corriente,Río Grande
TX-011855,CLI-00879,2026-04-09,Ferretería general,10,196448.83,Web,Transferencia,Río Grande
TX-011856,CLI-01082,2026-04-09,Seguridad e indumentaria,2,201839.61,Telefónico,Cuenta corriente,Ushuaia
TX-011857,CLI-00733,2026-04-09,Electricidad e iluminación,5,159916.49,App,Tarjeta de crédito,Río Grande
TX-011858,CLI-00077,2026-04-09,Pisos y cerámicos,26,1001766.65,Telefónico,Transferencia,Río Grande
TX-011859,CLI-00523,2026-04-09,Herramientas eléctricas,1,613102.78,App,Transferencia,Río Grande
TX-011860,CLI-01163,2026-04-09,Cemento y áridos,30,399176.3,Web,Tarjeta de crédito,Río Grande
TX-011861,CLI-01008,2026-04-09,Seguridad e indumentaria,5,249623.72,Web,Transferencia,Ushuaia
TX-011863,CLI-00746,2026-04-09,Seguridad e indumentaria,8,428094.45,Telefónico,Efectivo en sucursal,Ushuaia
TX-011865,CLI-00733,2026-04-09,Ferretería general,52,430110.1,Web,Transferencia,Río Grande
TX-011866,CLI-00258,2026-04-09,Ferretería general,24,105989.34,Web,Tarjeta de crédito,Ushuaia
TX-011867,CLI-01329,2026-04-09,Ferretería general,4,21396.9,App,Transferencia,Río Grande
TX-011868,CLI-01100,2026-04-09,Herramientas manuales,6,489423.17,Web,Cuenta corriente,Tolhuin
TX-011869,CLI-01137,2026-04-09,Seguridad e indumentaria,10,1047058.29,App,Cuenta corriente,Río Grande
TX-011870,CLI-00701,2026-04-09,Pisos y cerámicos,22,1584028.74,Web,Transferencia,Rio Grande
TX-011871,CLI-00831,2026-04-09,Ferretería general,7,37644.5,Web,Transferencia,Ushuaia
TX-011864,CLI-00358,2026-04-09,Cemento y áridos,72,1181754.74,Web,Cuenta corriente,Ushuaia
TX-011897,CLI-01008,2026-04-10,Plomería y caños,11,132158.22,App,Tarjeta de débito,Ushuaia
TX-011895,CLI-00194,2026-04-10,Pisos y cerámicos,6,338403.7,Web,Cuenta corriente,Río Grande
TX-011881,CLI-00566,2026-04-10,Electricidad e iluminación,1,17674.53,Web,Tarjeta de débito,Río Grande
TX-011893,CLI-00274,2026-04-10,Seguridad e indumentaria,4,607799.17,Web,Transferencia,Río Grande
TX-011885,CLI-00300,2026-04-10,Plomería y caños,5,120507.64,App,Cuenta corriente,Ushuaia
TX-011884,CLI-00043,2026-04-10,Herramientas manuales,8,136521.73,Web,Tarjeta de débito,Río Grande
TX-011883,CLI-01249,2026-04-10,Ferretería general,11,73091.7,Web,Transferencia,Río Grande
TX-011882,CLI-00691,2026-04-10,Sanitarios y grifería,3,318653.09,Telefónico,Transferencia,Ushuaia
TX-011880,CLI-01113,2026-04-10,Ferretería general,12,118321.96,Telefónico,Tarjeta de crédito,Río Grande
TX-011879,CLI-00142,2026-04-10,Aberturas,4,1377150.7,App,Cuenta corriente,Río Grande
TX-011878,CLI-01099,2026-04-10,Electricidad e iluminación,9,537559.47,Telefónico,Tarjeta de crédito,Ushuaia
TX-011891,CLI-00357,2026-04-10,Sanitarios y grifería,4,580933.27,App,Cuenta corriente,Ushuaia
TX-011887,CLI-00470,2026-04-10,Electricidad e iluminación,3,,Web,Transferencia,Ushuaia
TX-011888,CLI-00971,2026-04-10,Ferretería general,1,4605.11,App,Tarjeta de crédito,Ushuaia
TX-011886,CLI-00856,2026-04-10,Herramientas eléctricas,4,1284726.63,Telefónico,Cuenta corriente,Ushuaia
TX-011889,CLI-01141,2026-04-10,Pisos y cerámicos,6,244542.99,Web,Tarjeta de crédito,Ushuaia
TX-011890,CLI-00157,2026-04-10,Pisos y cerámicos,9,394702.17,Telefónico,Cuenta corriente,Ushuaia
TX-011894,CLI-01181,2026-04-10,Seguridad e indumentaria,5,206200.86,Web,Tarjeta de crédito,Río Grande
TX-011909,CLI-00077,2026-04-11,Pisos y cerámicos,12,365214.22,Web,Transferencia,Río Grande
TX-011908,CLI-01148,2026-04-11,Herramientas manuales,3,65923.74,Web,Tarjeta de crédito,Ushuaia
TX-011907,CLI-00696,2026-04-11,Plomería y caños,8,107952.42,Web,Tarjeta de débito,Río Grande
TX-011906,CLI-01079,2026-04-11,Ferretería general,3,14408.52,App,Transferencia,USHUAIA
TX-011905,CLI-01269,2026-04-11,Herramientas manuales,2,79458.03,App,Transferencia,Ushuaia
TX-011904,CLI-00498,2026-04-11,Ferretería general,15,90511.58,Web,Tarjeta de débito,RÍO GRANDE
TX-011902,CLI-00475,2026-04-11,Ferretería general,9,39794.49,Web,Tarjeta de crédito,RÍO GRANDE
TX-011900,CLI-00805,2026-04-11,Plomería y caños,5,63819.0,App,Tarjeta de débito,Ushuaia
TX-011899,CLI-00948,2026-04-11,Herramientas manuales,25,582563.17,Web,Tarjeta de débito,Río Grande
TX-011898,CLI-00077,2026-04-11,Ferretería general,4,42741.83,Telefónico,Cuenta corriente,Río Grande
TX-011914,CLI-00344,2026-04-12,Ferretería general,11,127576.36,Web,Cuenta corriente,Río Grande
TX-011912,CLI-00540,2026-04-12,Herramientas manuales,4,102192.9,App,Cuenta corriente,Ushuaia
TX-011911,CLI-01322,2026-04-12,Electricidad e iluminación,5,107514.99,Web,Transferencia,río grande
TX-011910,CLI-01002,2026-04-12,Maderas y tableros,17,943014.61,Telefónico,T. crédito,RÍO GRANDE
TX-011913,CLI-01100,2026-04-12,Pisos y cerámicos,9,528821.91,App,Tarjeta de crédito,Tolhuin
TX-011938,CLI-00649,2026-04-13,Electricidad e iluminación,3,78190.68,App,Cuenta corriente,Ushuaia
TX-011926,CLI-00157,2026-04-13,Electricidad e iluminación,5,109020.15,Web,Cuenta corriente,Ushuaia
TX-011935,CLI-01008,2026-04-13,Plomería y caños,11,136453.13,Web,Transferencia,Ushuaia
TX-011915,CLI-00256,2026-04-13,Plomería y caños,40,584918.03,App,Cuenta corriente,Río Grande
TX-011916,CLI-00615,2026-04-13,Maderas y tableros,15,399980.1,Web,Transferencia,Río Grande
TX-011917,CLI-00077,2026-04-13,Maderas y tableros,30,1183614.42,Telefónico,Transferencia,Río Grande
TX-011918,CLI-00357,2026-04-13,Plomería y caños,5,146340.25,Web,Cuenta corriente,Ushuaia
TX-011936,CLI-00449,2026-04-13,Cemento y áridos,11,140872.04,Web,Transferencia,Ushuaia
TX-011921,CLI-00112,2026-04-13,Aberturas,5,2150980.24,Telefónico,Tarjeta de débito,Río Grande
TX-011920,CLI-00009,2026-04-13,Pisos y cerámicos,16,709725.97,Telefónico,Cuenta corriente,Tolhuin
TX-011923,CLI-01306,2026-04-13,Herramientas manuales,24,661117.67,Web,Tarjeta de débito,Ushuaia
TX-011928,CLI-00068,2026-04-13,Plomería y caños,8,223558.06,Telefónico,Transferencia,Río Grande
TX-011930,CLI-00603,2026-04-13,Pisos y cerámicos,3,97173.64,Telefónico,Cuenta corriente,Ushuaia
TX-011931,CLI-00602,2026-04-13,Herramientas manuales,3,66983.51,Web,Tarjeta de débito,Ushuaia
TX-011932,CLI-00698,2026-04-13,Herramientas manuales,3,62185.25,Web,Transferencia,Río Grande
TX-011922,CLI-00935,2026-04-13,Pinturas y revestimientos,5,398342.21,Telefónico,Transferencia,Río Grande
TX-011969,CLI-00971,2026-04-14,Pisos y cerámicos,16,307689.47,App,Tarjeta de débito,Ushuaia
TX-011971,CLI-00274,2026-04-14,Herramientas manuales,14,593831.35,Telefónico,Transferencia,Río Grande
TX-011970,CLI-00687,2026-04-14,Pisos y cerámicos,8,236170.97,Telefónico,Transferencia,Río Grande
TX-011968,CLI-01006,2026-04-14,Cemento y áridos,59,1700901.8,Telefónico,Transferencia,Río Grande
TX-011959,CLI-01322,2026-04-14,Sanitarios y grifería,2,133848.35,Web,Tarjeta de crédito,Río Grande
TX-011964,CLI-00337,2026-04-14,Pisos y cerámicos,15,-221311.92,App,Tarjeta de débito,Río Grande
TX-011942,CLI-01258,2026-04-14,Plomería y caños,30,469050.97,App,Tarjeta de débito,Río Grande
TX-011945,CLI-00275,2026-04-14,Seguridad e indumentaria,5,205743.21,Web,Cuenta corriente,Ushuaia
TX-011946,CLI-00100,2026-04-14,Cemento y áridos,66,1374653.13,Telefónico,Cuenta corriente,Ushuaia
TX-011947,CLI-00129,2026-04-14,Cemento y áridos,60,1395626.2,Telefónico,Transferencia,ushuaia
TX-011948,CLI-00248,2026-04-14,Pisos y cerámicos,16,499027.49,Web,Tarjeta de débito,
TX-011950,CLI-01207,2026-04-14,Ferretería general,4,33350.07,Telefónico,Cuenta corriente,Ushuaia
TX-011951,CLI-00077,2026-04-14,Pinturas y revestimientos,3,200885.01,App,Transferencia,Río Grande
TX-011957,CLI-01079,2026-04-14,Plomería y caños,14,134722.77,Telefónico,Tarjeta de débito,ushuaia
TX-011952,CLI-00935,2026-04-14,Pinturas y revestimientos,4,384200.82,App,Tarjeta de débito,Río Grande
TX-011954,CLI-00671,2026-04-14,Ferretería general,6,38515.66,Telefónico,Tarjeta de crédito,Río Grande
TX-011955,CLI-00841,2026-04-14,Cemento y áridos,38,855729.77,Telefónico,,Ushuaia
TX-011956,CLI-00185,2026-04-14,Sanitarios y grifería,6,242453.56,Web,Tarjeta de débito,Ushuaia
TX-011940,CLI-00944,2026-04-14,Maderas y tableros,8,186425.82,Web,Tarjeta de crédito,Ushuaia
TX-011966,CLI-00105,2026-04-14,Seguridad e indumentaria,7,308051.02,Web,Tarjeta de débito,Ushuaia
TX-011963,CLI-00815,2026-04-14,Herramientas manuales,1,17539.32,Web,Tarjeta de débito,Ushuaia
TX-011962,CLI-00523,2026-04-14,Cemento y áridos,27,1083502.81,App,Transferencia,río grande
TX-011958,CLI-01322,2026-04-14,Seguridad e indumentaria,1,36402.63,App,Efectivo en sucursal,río grande
TX-011984,CLI-00411,2026-04-15,Cemento y áridos,14,163018.22,Web,,Río Grande
TX-011979,CLI-01170,2026-04-15,Electricidad e iluminación,19,366916.56,Telefónico,Cuenta corriente,Tolhuin
TX-011978,CLI-00813,2026-04-15,Plomería y caños,4,147854.84,App,Cuenta corriente,Río Grande
TX-011977,CLI-00030,2026-04-15,Cemento y áridos,12,124552.94,Web,Transferencia,Ushuaia
TX-011976,CLI-01028,2026-04-15,Herramientas manuales,4,101382.68,Telefónico,Tarjeta de crédito,Ushuaia
TX-011975,CLI-00284,2026-04-15,Ferretería general,18,84726.2,Web,Tarjeta de débito,Río Grande
TX-011973,CLI-00900,2026-04-15,Maderas y tableros,4,95813.78,Web,Transferencia,Ushuaia
TX-011983,CLI-00231,2026-04-15,Ferretería general,1,7072.46,Web,Tarjeta de débito,Ushuaia
TX-011982,CLI-00687,2026-04-15,Seguridad e indumentaria,3,167349.03,Telefónico,Transferencia,Río Grande
TX-011972,CLI-01306,2026-04-15,Cemento y áridos,7,91935.39,Web,Tarjeta de débito,Ushuaia
TX-011986,CLI-00370,2026-04-15,Electricidad e iluminación,5,70645.8,Web,Tarjeta de débito,Ushuaia
TX-011985,CLI-00496,2026-04-15,Herramientas manuales,6,135993.15,Web,Transferencia,Río Grande
TX-011974,CLI-00068,2026-04-15,Cemento y áridos,10,296324.15,App,Cuenta corriente,Río Grande
TX-011981,CLI-00260,2026-04-15,Pinturas y revestimientos,7,237768.32,App,Efectivo en sucursal,Río Grande
TX-012004,CLI-01082,2026-04-16,Plomería y caños,5,121263.45,Telefónico,Cuenta corriente,Ushuaia
TX-012003,CLI-00337,2026-04-16,Cemento y áridos,15,168737.45,App,Transferencia,Río Grande
TX-012001,CLI-01100,2026-04-16,Electricidad e iluminación,2,78110.26,Telefónico,Transferencia,Tolhuin
TX-011999,CLI-00161,2026-04-16,Herramientas manuales,2,52365.8,Web,Tarjeta de débito,Ushuaia
TX-011998,CLI-00561,2026-04-16,Cemento y áridos,16,623023.1,App,transf.,Ushuaia
TX-011997,CLI-00491,2026-04-16,Plomería y caños,13,144451.14,Web,Tarjeta de crédito,Río Grande
TX-011994,CLI-01253,2026-04-16,Ferretería general,5,22361.47,Web,Tarjeta de débito,Ushuaia
TX-011993,CLI-00496,2026-04-16,Herramientas manuales,7,159702.71,App,Tarjeta de crédito,Río Grande
TX-011991,CLI-01201,2026-04-16,Herramientas manuales,2,44545.15,Web,Tarjeta de crédito,Río Grande
TX-011989,CLI-01099,2026-04-16,Aberturas,2,871229.4,App,Cuenta corriente,Ushuaia
TX-011988,CLI-01100,2026-04-16,Electricidad e iluminación,18,681996.41,App,Tarjeta de crédito,Tolhuin
TX-011987,CLI-00953,2026-04-16,Plomería y caños,5,45905.26,App,Tarjeta de crédito,Ushuaia
TX-012005,CLI-00759,2026-04-16,Herramientas eléctricas,2,944004.91,Telefónico,Transferencia,Ushuaia
TX-011992,CLI-00258,2026-04-16,Cemento y áridos,7,106243.93,Web,Transferencia,Ushuaia
TX-012011,CLI-00470,2026-04-17,Herramientas manuales,3,68822.65,App,Tarjeta de crédito,Ushuaia
TX-012019,CLI-00458,2026-04-17,Pinturas y revestimientos,2,51215.56,App,Tarjeta de débito,río grande
TX-012006,CLI-00321,2026-04-17,Plomería y caños,9,262053.46,Web,Cuenta corriente,Ushuaia
TX-012008,CLI-00990,2026-04-17,Electricidad e iluminación,4,98337.82,Web,Cuenta corriente,Ushuaia
TX-012009,CLI-00900,2026-04-17,Electricidad e iluminación,1,15680.39,Web,Transferencia,Ushuaia
TX-012010,CLI-00145,2026-04-17,Herramientas manuales,3,57928.0,Web,Tarjeta de crédito,USHUAIA
TX-012012,CLI-00496,2026-04-17,Pinturas y revestimientos,1,47396.77,Web,Transferencia,Rio Grande
TX-012013,CLI-00090,2026-04-17,Plomería y caños,12,230670.33,Telefónico,Transferencia,Río Grande
TX-012014,CLI-00811,2026-04-17,Seguridad e indumentaria,3,170475.05,Web,Tarjeta de crédito,Ushuaia
TX-012015,CLI-00540,2026-04-17,Electricidad e iluminación,4,111034.97,Telefónico,Tarjeta de débito,Ushuaia
TX-012016,CLI-01313,2026-04-17,Pinturas y revestimientos,8,407708.03,Telefónico,Cuenta corriente,Río Grande
TX-012017,CLI-00028,2026-04-17,Ferretería general,8,76542.42,Web,transf.,Ushuaia
TX-012018,CLI-01248,2026-04-17,Pisos y cerámicos,8,193732.09,App,Transferencia,Ushuaia
TX-012021,CLI-00185,2026-04-17,Pinturas y revestimientos,3,80442.08,Web,Tarjeta de crédito,Ushuaia
TX-012022,CLI-01100,2026-04-17,Herramientas manuales,3,196264.31,Telefónico,Efectivo en sucursal,Tolhuin
TX-012023,CLI-00821,2026-04-18,Pinturas y revestimientos,1,33199.33,Web,Tarjeta de débito,Río Grande
TX-012035,CLI-00700,2026-04-18,Ferretería general,24,112397.47,App,Efectivo en sucursal,ushuaia
TX-012034,CLI-00109,2026-04-18,Plomería y caños,6,54655.66,Web,Tarjeta de crédito,Ushuaia
TX-012033,CLI-00202,2026-04-18,Maderas y tableros,11,553020.76,Telefónico,Cuenta corriente,Ushuaia
TX-012030,CLI-00649,2026-04-18,Sanitarios y grifería,5,511878.69,App,Transferencia,Ushuaia
TX-012029,CLI-00264,2026-04-18,Ferretería general,3,9526.7,App,Tarjeta de crédito,Ushuaia
TX-012028,CLI-01192,2026-04-18,Sanitarios y grifería,2,106874.04,App,Tarjeta de crédito,Río Grande
TX-012027,CLI-00932,2026-04-18,Plomería y caños,43,753569.69,Web,Cuenta corriente,Río Grande
TX-012026,CLI-00872,2026-04-18,Electricidad e iluminación,10,235851.34,Telefónico,Cuenta corriente,Río Grande 
TX-012025,CLI-01100,2026-04-18,Ferretería general,18,270088.28,Telefónico,Transferencia,Tolhuin
TX-012024,CLI-00563,2026-04-18,Cemento y áridos,4,83065.54,Telefónico,Transferencia,Río Grande
TX-012036,CLI-01306,2026-04-19,Electricidad e iluminación,4,57024.74,Web,Transferencia,USHUAIA
TX-012055,CLI-01136,2026-04-20,Electricidad e iluminación,6,88730.08,App,Tarjeta de crédito,río grande
TX-012038,CLI-01181,2026-04-20,Aberturas,5,1088057.22,Web,Tarjeta de débito,Río Grande
TX-012053,CLI-00561,2026-04-20,Maderas y tableros,6,608017.13,Telefónico,Cuenta corriente,Ushuaia
TX-012052,CLI-01082,2026-04-20,Herramientas manuales,1,59863.15,Telefónico,Cuenta corriente,Ushuaia
TX-012051,CLI-01031,2026-04-20,Plomería y caños,8,113999.3,Web,Tarjeta de débito,USHUAIA
TX-012050,CLI-00687,2026-04-20,Pisos y cerámicos,21,771527.06,Web,Transferencia,Río Grande
TX-012049,CLI-01170,2026-04-20,Cemento y áridos,16,-332912.51,Web,Cuenta corriente,Tolhuin
TX-012048,CLI-00379,2026-04-20,Pisos y cerámicos,2,38456.88,Web,Tarjeta de crédito,Río Grande
TX-012054,CLI-00700,2026-04-20,Ferretería general,5,31290.6,Web,transf.,Ushuaia
TX-012046,CLI-00900,2026-04-20,Pinturas y revestimientos,6,208213.94,Web,,Ushuaia
TX-012047,CLI-00249,2026-04-20,,30,1423054.07,Telefónico,Cuenta corriente,RÍO GRANDE
TX-012045,CLI-01099,2026-04-20,Herramientas manuales,3,177518.08,App,Tarjeta de crédito,Ushuaia
TX-012043,CLI-00813,2026-04-20,Herramientas manuales,3,169869.36,Telefónico,Cuenta corriente,Río Grande
TX-012042,CLI-01137,2026-04-20,Plomería y caños,4,116646.02,App,Cuenta corriente,Río Grande
TX-012041,CLI-01349,2026-04-20,Pinturas y revestimientos,2,80116.23,Web,Tarjeta de débito,USHUAIA
TX-012040,CLI-00587,2026-04-20,Pinturas y revestimientos,2,67115.0,Web,Transferencia,Río Grande
TX-012039,CLI-00872,2026-04-20,Seguridad e indumentaria,4,367597.96,Telefónico,Cuenta corriente,Río Grande
TX-012083,CLI-00274,2026-04-21,Cemento y áridos,33,1539943.35,App,Transferencia,Rio Grande
TX-012082,CLI-01206,2026-04-21,Herramientas manuales,3,80281.29,Web,Tarjeta de débito,USHUAIA
TX-012081,CLI-01306,2026-04-21,Ferretería general,6,40617.34,Web,Transferencia,Ushuaia
TX-012065,CLI-00687,2026-04-21,Electricidad e iluminación,6,147610.08,App,Cuenta corriente,río grande
TX-012078,CLI-01082,2026-04-21,Pinturas y revestimientos,48,4289053.02,Web,Cuenta corriente,Ushuaia
TX-012080,CLI-00874,2026-04-21,Electricidad e iluminación,1,14266.82,Web,Transferencia,Río Grande
TX-012074,CLI-01100,2026-04-21,Plomería y caños,6,289550.5,Telefónico,Cuenta corriente,Tolhuin
TX-012056,CLI-01265,2026-04-21,Aberturas,4,1120564.32,App,Cuenta corriente,TOLHUIN
TX-012057,CLI-00378,2026-04-21,Plomería y caños,1,18784.8,Web,Tarjeta de débito,Ushuaia
TX-012058,CLI-00245,2026-04-21,Sanitarios y grifería,3,209880.27,Web,Tarjeta de crédito,Río Grande
TX-012059,CLI-01222,2026-04-21,Pisos y cerámicos,10,423578.54,App,Cuenta corriente,USHUAIA
TX-012060,CLI-01104,2026-04-21,Pisos y cerámicos,11,372423.6,Telefónico,Cuenta corriente,Río Grande
TX-012061,CLI-00783,2026-04-21,Pisos y cerámicos,4,69210.49,Web,Transferencia,Ushuaia
TX-012062,CLI-00260,2026-04-21,Pinturas y revestimientos,4,142927.63,App,Transferencia,Río Grande
TX-012063,CLI-00457,2026-04-21,Herramientas manuales,3,51656.04,App,Tarjeta de crédito,Ushuaia
TX-012075,CLI-01082,2026-04-21,Maderas y tableros,5,349479.58,App,Tarjeta de crédito,Ushuaia
TX-012064,CLI-00077,2026-04-21,Aberturas,4,984850.08,Telefónico,Transferencia,Río Grande
TX-012066,CLI-00300,2026-04-21,Herramientas manuales,7,390663.17,Telefónico,Cuenta corriente,Ushuaia
TX-012067,CLI-00523,2026-04-21,Pinturas y revestimientos,2,185069.82,Telefónico,Cuenta corriente,Río Grande
TX-012068,CLI-01079,2026-04-21,Ferretería general,3,20420.48,App,Tarjeta de crédito,ushuaia
TX-012069,CLI-00500,2026-04-21,Herramientas manuales,5,186735.79,Web,Transferencia,Ushuaia
TX-012070,CLI-00301,2026-04-21,Plomería y caños,1,9693.86,Web,Transferencia,Río Grande
TX-012071,CLI-00959,2026-04-21,Sanitarios y grifería,3,185573.86,Web,Tarjeta de crédito,Ushuaia
TX-012072,CLI-01316,2026-04-21,Ferretería general,14,78485.54,Web,Transferencia,Ushuaia
TX-012073,CLI-00162,2026-04-21,Herramientas manuales,3,102956.65,Telefónico,Efectivo en sucursal,Río Grande
TX-012065,CLI-00687,2026-04-21,Electricidad e iluminación,6,147610.08,App,Cuenta corriente,río grande
TX-012115,CLI-00923,2026-04-22,Herramientas manuales,2,39038.95,Web,Tarjeta de débito,Río Grande
TX-012117,CLI-01316,2026-04-22,Herramientas manuales,2,41800.69,Web,Efectivo en sucursal,Ushuaia
TX-012116,CLI-01100,2026-04-22,Plomería y caños,32,784118.01,App,Transferencia,Tolhuin
TX-012114,CLI-01206,2026-04-22,Electricidad e iluminación,6,79065.02,Web,Transferencia,Ushuaia
TX-012088,CLI-00523,2026-04-22,Ferretería general,5,59829.02,Telefónico,Transferencia,Río Grande
TX-012110,CLI-00610,2026-04-22,Pinturas y revestimientos,5,142044.45,Web,Transferencia,Río Grande
TX-012099,CLI-00649,2026-04-22,Electricidad e iluminación,6,197069.67,App,Cuenta corriente,Ushuaia
TX-012097,CLI-00470,2026-04-22,Herramientas manuales,4,81127.53,App,Efectivo en sucursal,USHUAIA
TX-012095,CLI-00576,2026-04-22,Ferretería general,20,187145.33,Web,Transferencia,Río Grande
TX-012093,CLI-01008,2026-04-22,Pinturas y revestimientos,4,120680.85,Web,Tarjeta de débito,Ushuaia
TX-012092,CLI-00038,2026-04-22,Plomería y caños,3,32466.42,Web,Transferencia,Río Grande
TX-012091,CLI-00806,2026-04-22,Pisos y cerámicos,6,361581.66,App,Tarjeta de débito,Río Grande
TX-012090,CLI-01100,2026-04-22,Seguridad e indumentaria,15,1174358.4,Telefónico,Cuenta corriente,Tolhuin
TX-012089,CLI-01100,2026-04-22,Ferretería general,3,34775.94,App,Cuenta corriente,Tolhuin
TX-012087,CLI-00517,2026-04-22,Herramientas manuales,2,30799.15,Web,Tarjeta de débito,RÍO GRANDE
TX-012086,CLI-01310,2026-04-22,Sanitarios y grifería,2,177538.58,App,Transferencia,Río Grande
TX-012085,CLI-00576,2026-04-22,Plomería y caños,5,65833.75,Web,Transferencia,Río Grande
TX-012102,CLI-00134,2026-04-22,Ferretería general,11,69437.94,Web,Transferencia,USHUAIA
TX-012084,CLI-01102,2026-04-22,Pinturas y revestimientos,4,102423.85,Web,Tarjeta de débito,Ushuaia
TX-012101,CLI-01276,2026-04-22,Pisos y cerámicos,3,66827.15,Web,Tarjeta de crédito,Ushuaia
TX-012113,CLI-00563,2026-04-22,Cemento y áridos,69,-2273797.07,Telefónico,Tarjeta de crédito,Río Grande
TX-012109,CLI-00043,2026-04-22,Electricidad e iluminación,3,31990.17,App,Transferencia,Río Grande
TX-012108,CLI-00305,2026-04-22,Pinturas y revestimientos,3,155155.28,Web,Transferencia,Río Grande 
TX-012107,CLI-01191,2026-04-22,Ferretería general,5,25032.98,Web,Tarjeta de crédito,Río Grande
TX-012133,CLI-00116,2026-04-23,Aberturas,2,311210.16,Telefónico,Transferencia,Río Grande
TX-012132,CLI-00753,2026-04-23,Seguridad e indumentaria,5,319928.95,App,Efectivo en sucursal,Río Grande
TX-012130,CLI-01100,2026-04-23,Pinturas y revestimientos,3,251256.55,Telefónico,Cuenta corriente,Tolhuin
TX-012129,CLI-01100,2026-04-23,Sanitarios y grifería,2,353968.95,Web,Cuenta corriente,Tolhuin
TX-012128,CLI-00403,2026-04-23,Ferretería general,4,23315.43,App,Cuenta corriente,Ushuaia
TX-012126,CLI-00691,2026-04-23,Ferretería general,16,109856.55,Web,Tarjeta de crédito,Ushuaia
TX-012125,CLI-00049,2026-04-23,Electricidad e iluminación,1,12296.01,Web,Transferencia,Río Grande
TX-012124,CLI-01100,2026-04-23,Pisos y cerámicos,19,837026.23,App,Transferencia,Tolhuin
TX-012123,CLI-01310,2026-04-23,Sanitarios y grifería,3,293449.89,Telefónico,Cuenta corriente,Río Grande
TX-012121,CLI-01100,2026-04-23,Sanitarios y grifería,4,653116.83,Telefónico,Tarjeta de crédito,Tolhuin
TX-012120,CLI-00142,2026-04-23,Ferretería general,6,69113.86,Telefónico,Cuenta corriente,Río Grande
TX-012118,CLI-01031,2026-04-23,Ferretería general,27,107508.08,App,Tarjeta de crédito,Ushuaia
TX-012137,CLI-01079,2026-04-23,Pisos y cerámicos,13,253240.19,App,transf.,Ushuaia
TX-012136,CLI-00540,2026-04-23,Herramientas manuales,4,199224.15,Telefónico,Transferencia,Ushuaia
TX-012135,CLI-01146,2026-04-23,Ferretería general,3,38967.81,App,Transferencia,Río Grande
TX-012134,CLI-00145,2026-04-23,Herramientas manuales,2,38125.47,Web,Tarjeta de crédito,Ushuaia
TX-012122,CLI-00077,2026-04-23,Seguridad e indumentaria,6,609623.46,Telefónico,Cuenta corriente,Río Grande
TX-012165,CLI-00649,2026-04-24,Herramientas eléctricas,3,1196117.87,App,Tarjeta de débito,ushuaia
TX-012163,CLI-00157,2026-04-24,Plomería y caños,9,191305.63,Telefónico,transf.,Ushuaia
TX-012156,CLI-01031,2026-04-24,Plomería y caños,4,41452.44,Web,Tarjeta de crédito,ushuaia
TX-012161,CLI-00203,2026-04-24,Aberturas,1,-163724.45,Web,Tarjeta de débito,Río Grande
TX-012152,CLI-00649,2026-04-24,Plomería y caños,4,70353.57,Telefónico,Cuenta corriente,Ushuaia
TX-012151,CLI-00102,2026-04-24,Pisos y cerámicos,2,46541.34,Web,Tarjeta de crédito,Ushuaia
TX-012150,CLI-01014,2026-04-24,Pinturas y revestimientos,3,146311.9,Telefónico,Cuenta corriente,Río Grande
TX-012149,CLI-01316,2026-04-24,Maderas y tableros,2,47078.68,Web,Transferencia,Ushuaia
TX-012147,CLI-00840,2026-04-24,Ferretería general,4,20427.79,Web,Transferencia,Río Grande
TX-012146,CLI-00803,2026-04-24,Pisos y cerámicos,5,98472.59,Web,Tarjeta de débito,Ushuaia
TX-012162,CLI-01174,2026-04-24,Plomería y caños,3,99111.1,Telefónico,Tarjeta de débito,Río Grande
TX-012143,CLI-01099,2026-04-24,Cemento y áridos,74,2978280.5,App,Cuenta corriente,Ushuaia
TX-012141,CLI-00221,2026-04-24,Electricidad e iluminación,11,264304.94,App,Tarjeta de crédito,Río Grande
TX-012140,CLI-01137,2026-04-24,Maderas y tableros,34,2695238.84,Telefónico,Cuenta corriente,Río Grande
TX-012139,CLI-01174,2026-04-24,Electricidad e iluminación,5,250547.28,Web,Transferencia,río grande
TX-012158,CLI-00077,2026-04-24,Maderas y tableros,7,415987.19,App,Transferencia,RÍO GRANDE
TX-012138,CLI-01193,2026-04-24,Pisos y cerámicos,2,44112.66,Web,Cuenta corriente,Río Grande
TX-012160,CLI-00687,2026-04-24,Plomería y caños,9,147520.71,Telefónico,Cuenta corriente,Río Grande
TX-012142,CLI-00687,2026-04-24,Cemento y áridos,65,1382311.95,Telefónico,Tarjeta de crédito,RÍO GRANDE
TX-012154,CLI-00759,2026-04-24,Electricidad e iluminación,5,112744.73,Web,Cuenta corriente,Ushuaia
TX-012180,CLI-01100,2026-04-25,Ferretería general,2,25009.47,App,Transferencia,Tolhuin
TX-012177,CLI-00691,2026-04-25,Pinturas y revestimientos,6,393500.19,App,Cuenta corriente,Ushuaia
TX-012176,CLI-01316,2026-04-25,Maderas y tableros,5,149506.52,App,Tarjeta de débito,Ushuaia
TX-012175,CLI-00378,2026-04-25,Ferretería general,11,67208.11,Web,Tarjeta de débito,Ushuaia
TX-012174,CLI-01099,2026-04-25,Cemento y áridos,27,819802.94,Telefónico,Cuenta corriente,Ushuaia
TX-012173,CLI-00112,2026-04-25,Plomería y caños,2,62153.75,Telefónico,T. crédito,Río Grande
TX-012172,CLI-00613,2026-04-25,Electricidad e iluminación,4,97245.45,Telefónico,Cuenta corriente,Ushuaia
TX-012171,CLI-00840,2026-04-25,Plomería y caños,9,112167.23,Web,Transferencia,Río Grande
TX-012170,CLI-00290,2026-04-25,Aberturas,2,623741.4,App,Transferencia,Rio Grande
TX-012169,CLI-01099,2026-04-25,Sanitarios y grifería,3,473846.87,Telefónico,Transferencia,Ushuaia
TX-012168,CLI-00313,2026-04-25,Herramientas manuales,2,42157.65,Web,Transferencia,Tolhuin
TX-012166,CLI-00321,2026-04-25,Herramientas eléctricas,3,2065965.16,App,Cuenta corriente,Ushuaia
TX-012179,CLI-00113,2026-04-25,Pisos y cerámicos,8,332044.44,App,Cuenta corriente,Río Grande
TX-012167,CLI-00077,2026-04-25,Cemento y áridos,24,516031.49,App,Cuenta corriente,Río Grande
TX-012183,CLI-00671,2026-04-26,Ferretería general,3,12805.06,Web,Transferencia,río grande
TX-012184,CLI-01163,2026-04-26,Ferretería general,56,154867.4,Web,Tarjeta de débito,Río Grande
TX-012182,CLI-01017,2026-04-26,Pisos y cerámicos,17,792719.53,Web,Transferencia,Río Grande
TX-012200,CLI-00077,2026-04-27,Maderas y tableros,11,668580.64,App,Cuenta corriente,Río Grande
TX-012198,CLI-00347,2026-04-27,Aberturas,4,594398.28,App,Transferencia,Río Grande
TX-012196,CLI-00378,2026-04-27,Herramientas manuales,4,83963.35,Web,Transferencia,Ushuaia
TX-012194,CLI-00357,2026-04-27,Electricidad e iluminación,5,160540.5,Telefónico,Cuenta corriente,Ushuaia 
TX-012192,CLI-01009,2026-04-27,Ferretería general,17,86296.26,App,Tarjeta de crédito,Tolhuin
TX-012191,CLI-00128,2026-04-27,Pinturas y revestimientos,4,209038.68,Web,Cuenta corriente,Río Grande
TX-012190,CLI-01051,2026-04-27,Aberturas,4,1506621.87,Telefónico,Efectivo en sucursal,Río Grande
TX-012189,CLI-00858,2026-04-27,Herramientas eléctricas,1,317730.92,Web,Transferencia,Ushuaia
TX-012188,CLI-00420,2026-04-27,Pisos y cerámicos,7,126512.67,App,Tarjeta de débito,Ushuaia
TX-012187,CLI-01079,2026-04-27,Sanitarios y grifería,4,237366.37,Web,Tarjeta de débito,USHUAIA
TX-012186,CLI-00479,2026-04-27,Cemento y áridos,13,136482.22,App,Tarjeta de crédito,Ushuaia
TX-012185,CLI-01336,2026-04-27,Ferretería general,18,73247.18,Web,Tarjeta de débito,Ushuaia
TX-012201,CLI-01332,2026-04-27,Ferretería general,9,75924.89,App,Cuenta corriente,Ushuaia
TX-012199,CLI-00347,2026-04-27,Pinturas y revestimientos,3,91825.25,App,Transferencia,Río Grande
TX-012212,CLI-01100,2026-04-27,Electricidad e iluminación,23,923984.14,Telefónico,Cuenta corriente,tolhuin
TX-012211,CLI-01206,2026-04-27,Ferretería general,6,41049.6,App,Efectivo en sucursal,Ushuaia
TX-012210,CLI-00491,2026-04-27,Ferretería general,9,43795.34,Web,Tarjeta de crédito,Río Grande
TX-012209,CLI-01349,2026-04-27,Herramientas manuales,1,28626.06,Web,Transferencia,Ushuaia
TX-012208,CLI-01011,2026-04-27,Pisos y cerámicos,4,78792.08,Web,Transferencia,Ushuaia
TX-012207,CLI-00221,2026-04-27,Seguridad e indumentaria,4,191609.11,App,Transferencia,Río Grande
TX-012206,CLI-01206,2026-04-27,Seguridad e indumentaria,2,62114.09,Telefónico,Tarjeta de crédito,ushuaia
TX-012205,CLI-00339,2026-04-27,Plomería y caños,6,84992.18,App,Tarjeta de crédito,Ushuaia
TX-012204,CLI-00179,2026-04-27,Aberturas,4,489708.75,App,Tarjeta de crédito,Río Grande
TX-012203,CLI-00671,2026-04-27,Ferretería general,5,22651.43,Web,Tarjeta de crédito,Río Grande
TX-012202,CLI-00671,2026-04-27,Plomería y caños,6,68300.52,App,Transferencia,Río Grande
TX-012235,CLI-00378,2026-04-28,Seguridad e indumentaria,2,77154.37,App,Tarjeta de crédito,Ushuaia
TX-012234,CLI-01172,2026-04-28,Ferretería general,14,68232.37,Web,Tarjeta de débito,RÍO GRANDE
TX-012233,CLI-00895,2026-04-28,Sanitarios y grifería,4,244945.96,App,Tarjeta de débito,Ushuaia
TX-012229,CLI-00333,2026-04-28,Plomería y caños,5,74052.66,Web,Transferencia,Ushuaia
TX-012231,CLI-00815,2026-04-28,Pinturas y revestimientos,5,97700.42,App,Efectivo en sucursal,Ushuaia
TX-012213,CLI-00719,2026-04-28,Herramientas manuales,4,200402.26,App,Cuenta corriente,Ushuaia
TX-012214,CLI-00357,2026-04-28,Ferretería general,15,146648.32,Telefónico,Transferencia,Ushuaia
TX-012215,CLI-01260,2026-04-28,Ferretería general,1,3908.55,Web,Tarjeta de débito,Río Grande
TX-012216,CLI-01028,2026-04-28,Electricidad e iluminación,3,45380.14,App,Tarjeta de crédito,Ushuaia
TX-012217,CLI-01079,2026-04-28,Electricidad e iluminación,1,13847.39,Web,Transferencia,Ushuaia
TX-012218,CLI-01100,2026-04-28,Sanitarios y grifería,2,386095.75,Telefónico,Transferencia,Tolhuin
TX-012232,CLI-00874,2026-04-28,Electricidad e iluminación,6,94036.45,App,Tarjeta de débito,Río Grande
TX-012220,CLI-01339,2026-04-28,Ferretería general,6,31356.56,App,Tarjeta de crédito,Ushuaia
TX-012219,CLI-01099,2026-04-28,Ferretería general,55,749546.3,Web,Cuenta corriente,Ushuaia
TX-012223,CLI-00523,2026-04-28,Herramientas manuales,9,463282.06,Web,Cuenta corriente,Río Grande
TX-012225,CLI-01104,2026-04-28,Cemento y áridos,13,330356.02,App,Cuenta corriente,Río Grande
TX-012226,CLI-00733,2026-04-28,Electricidad e iluminación,9,337601.87,App,Transferencia,Río Grande
TX-012227,CLI-01316,2026-04-28,Pinturas y revestimientos,3,79814.9,Web,Tarjeta de crédito,Ushuaia
TX-012228,CLI-00192,2026-04-28,Sanitarios y grifería,2,108279.02,App,Tarjeta de crédito,RÍO GRANDE
TX-012230,CLI-00199,2026-04-28,Seguridad e indumentaria,3,221341.82,App,Cuenta corriente,RÍO GRANDE
TX-012221,CLI-00112,2026-04-28,Electricidad e iluminación,10,469389.75,Web,Cuenta corriente,Río Grande
TX-012265,CLI-00408,2026-04-29,Ferretería general,8,40892.92,App,Tarjeta de débito,Tolhuin
TX-012270,CLI-01100,2026-04-29,Pisos y cerámicos,16,725439.43,App,Cuenta corriente,Tolhuin
TX-012268,CLI-01031,2026-04-29,Electricidad e iluminación,1,12355.42,Web,Tarjeta de crédito,USHUAIA
TX-012266,CLI-01329,2026-04-29,Herramientas manuales,4,76127.85,Web,Tarjeta de débito,Río Grande
TX-012264,CLI-01051,2026-04-29,Plomería y caños,12,244294.94,Telefónico,Cuenta corriente,Río Grande
TX-012242,CLI-00806,2026-04-29,Herramientas manuales,8,412606.59,App,Cuenta corriente,Rio Grande
TX-012261,CLI-00305,2026-04-29,Plomería y caños,16,280534.89,Telefónico,Tarjeta de crédito,Río Grande
TX-012236,CLI-00649,2026-04-29,Cemento y áridos,25,422419.26,Telefónico,Tarjeta de débito,Ushuaia
TX-012237,CLI-00523,2026-04-29,Aberturas,9,4879691.2,Telefónico,Transferencia,Río Grande
TX-012238,CLI-01159,2026-04-29,Seguridad e indumentaria,2,91609.15,App,Transferencia,Ushuaia
TX-012239,CLI-00540,2026-04-29,Seguridad e indumentaria,11,584315.65,Telefónico,Transferencia,ushuaia
TX-012240,CLI-01079,2026-04-29,Herramientas eléctricas,2,614964.35,App,Cuenta corriente,Ushuaia
TX-012244,CLI-00172,2026-04-29,Plomería y caños,15,417249.81,App,Tarjeta de crédito,Tolhuin
TX-012263,CLI-00687,2026-04-29,Cemento y áridos,5,140414.35,Telefónico,Transferencia,Río Grande
TX-012246,CLI-00649,2026-04-29,Maderas y tableros,84,3562552.03,Telefónico,Cuenta corriente,Ushuaia
TX-012245,CLI-00821,2026-04-29,Ferretería general,2,8466.06,Web,Tarjeta de débito,Río Grande
TX-012249,CLI-01316,2026-04-29,Herramientas manuales,2,33436.73,Web,Tarjeta de débito,Ushuaia
TX-012250,CLI-01104,2026-04-29,Sanitarios y grifería,7,762339.42,Telefónico,Cuenta corriente,Río Grande
TX-012251,CLI-00561,2026-04-29,Maderas y tableros,15,963050.42,Telefónico,Cuenta corriente,Ushuaia
TX-012253,CLI-00038,2026-04-29,Electricidad e iluminación,4,59598.44,App,Tarjeta de crédito,Río Grande
TX-012254,CLI-01316,2026-04-29,Aberturas,2,223479.7,Web,Tarjeta de débito,Ushuaia
TX-012258,CLI-00850,2026-04-29,Cemento y áridos,68,1757090.85,Telefónico,Cuenta corriente,Río Grande
TX-012259,CLI-00615,2026-04-29,Cemento y áridos,19,367692.02,Web,Transferencia,Río Grande
TX-012260,CLI-01100,2026-04-29,Pisos y cerámicos,8,438913.94,Telefónico,Cuenta corriente,Tolhuin
TX-012247,CLI-00218,2026-04-29,Pisos y cerámicos,11,358846.98,Telefónico,Transferencia,Río Grande
TX-012294,CLI-00105,2026-04-30,Plomería y caños,5,66753.41,Web,Transferencia,Ushuaia
TX-012296,CLI-00305,2026-04-30,Plomería y caños,21,408867.98,App,Efectivo en sucursal,Río Grande
TX-012295,CLI-00840,2026-04-30,Pinturas y revestimientos,8,249459.44,Web,Transferencia,Río Grande
TX-012293,CLI-00561,2026-04-30,Maderas y tableros,22,1396325.24,App,Transferencia,Ushuaia
TX-012280,CLI-00347,2026-04-30,Seguridad e indumentaria,1,31414.55,Web,Tarjeta de crédito,Río Grande
TX-012291,CLI-01053,2026-04-30,Ferretería general,5,32590.42,Web,Cuenta corriente,Río Grande
TX-012284,CLI-00093,2026-04-30,Herramientas eléctricas,2,468664.82,Web,Tarjeta de débito,Rio Grande
TX-012283,CLI-01113,2026-04-30,Plomería y caños,6,66711.76,Telefónico,Cuenta corriente,Río Grande
TX-012282,CLI-00156,2026-04-30,Maderas y tableros,2,36064.27,Telefónico,Transferencia,Río Grande
TX-012281,CLI-00264,2026-04-30,Sanitarios y grifería,2,166138.92,Web,Tarjeta de débito,Ushuaia
TX-012279,CLI-00264,2026-04-30,Maderas y tableros,3,56549.37,Web,Tarjeta de débito,Ushuaia
TX-012278,CLI-01204,2026-04-30,Herramientas manuales,1,22996.29,Telefónico,Tarjeta de crédito,Ushuaia
TX-012292,CLI-00300,2026-04-30,Herramientas eléctricas,3,1032447.86,Web,Cuenta corriente,Ushuaia
TX-012277,CLI-00370,2026-04-30,Pisos y cerámicos,18,390473.48,Web,Tarjeta de crédito,Ushuaia
TX-012276,CLI-00600,2026-04-30,Electricidad e iluminación,19,204493.32,App,Tarjeta de débito,Río Grande
TX-012275,CLI-01286,2026-04-30,Ferretería general,15,100186.79,App,Tarjeta de débito,Tolhuin
TX-012273,CLI-00459,2026-04-30,Ferretería general,27,110978.38,App,Tarjeta de débito,Río Grande
TX-012272,CLI-01051,2026-04-30,Electricidad e iluminación,9,-283718.19,App,Tarjeta de crédito,Río Grande
TX-012271,CLI-01316,2026-04-30,Plomería y caños,5,67305.78,App,Transferencia,Ushuaia
TX-012285,CLI-00090,2026-04-30,Herramientas manuales,3,85675.65,Telefónico,Cuenta corriente,Rio Grande
TX-012286,CLI-01099,2026-04-30,Electricidad e iluminación,22,834884.12,Telefónico,Cuenta corriente,Ushuaia
TX-012289,CLI-01174,2026-04-30,Herramientas manuales,10,605480.5,Telefónico,Cuenta corriente,Río Grande
TX-012288,CLI-00687,2026-04-30,Cemento y áridos,31,656827.32,Web,Cuenta corriente,Rio Grande
TX-012287,CLI-00649,2026-04-30,Maderas y tableros,9,417733.59,Web,Cuenta corriente,Ushuaia
TX-012309,CLI-00519,2026-05-01,Electricidad e iluminación,9,176218.35,Telefónico,Transferencia,Ushuaia
TX-012297,CLI-01249,2026-05-01,Sanitarios y grifería,2,136358.0,Web,Transferencia,Río Grande
TX-012298,CLI-00846,2026-05-01,Ferretería general,5,21157.96,Web,Transferencia,Río Grande
TX-012299,CLI-00587,2026-05-01,Aberturas,2,248196.11,Web,Tarjeta de crédito,
TX-012300,CLI-00403,2026-05-01,Sanitarios y grifería,5,448625.46,App,Transferencia,Ushuaia
TX-012301,CLI-00345,2026-05-01,Cemento y áridos,16,316972.34,App,Cuenta corriente,Río Grande
TX-012302,CLI-00403,2026-05-01,Electricidad e iluminación,2,49051.47,Web,Cuenta corriente,Ushuaia
TX-012303,CLI-01028,2026-05-01,Aberturas,2,371730.74,Web,Tarjeta de crédito,Ushuaia
TX-012304,CLI-00390,2026-05-01,Seguridad e indumentaria,4,208361.24,App,Cuenta corriente,Ushuaia
TX-012305,CLI-00874,2026-05-01,Ferretería general,28,173285.15,App,Tarjeta de crédito,río grande
TX-012306,CLI-00746,2026-05-01,Pinturas y revestimientos,1,48852.73,Telefónico,Cuenta corriente,USHUAIA
TX-012315,CLI-00746,2026-05-01,Pisos y cerámicos,9,338087.29,Telefónico,Tarjeta de débito,
TX-012314,CLI-00228,2026-05-01,Ferretería general,4,29158.09,Web,Tarjeta de crédito,tolhuin
TX-012313,CLI-01113,2026-05-01,Herramientas manuales,1,29617.75,App,Tarjeta de crédito,RÍO GRANDE
TX-012307,CLI-00687,2026-05-01,Pisos y cerámicos,4,133193.17,App,Efectivo en sucursal,Río Grande 
TX-012308,CLI-00696,2026-05-01,Ferretería general,3,-17586.56,Web,Transferencia,Río Grande
TX-012312,CLI-00470,2026-05-01,Pinturas y revestimientos,3,112095.81,Web,Tarjeta de crédito,Ushuaia
TX-012325,CLI-00691,2026-05-02,Maderas y tableros,10,523600.12,Web,Transferencia,Ushuaia
TX-012323,CLI-00587,2026-05-02,Sanitarios y grifería,4,249212.56,Telefónico,Efectivo en sucursal,Río Grande
TX-012316,CLI-00105,2026-05-02,Electricidad e iluminación,25,396141.75,Web,Transferencia,Ushuaia
TX-012317,CLI-00199,2026-05-02,Herramientas eléctricas,1,330093.42,App,Cuenta corriente,Río Grande
TX-012329,CLI-00701,2026-05-02,Pisos y cerámicos,9,592718.19,Telefónico,Tarjeta de débito,río grande
TX-012328,CLI-00051,2026-05-02,Cemento y áridos,6,146225.21,App,Transferencia,Ushuaia
TX-012320,CLI-00077,2026-05-02,Pisos y cerámicos,14,441413.18,Telefónico,Tarjeta de débito,Río Grande
TX-012327,CLI-00345,2026-05-02,Ferretería general,10,102037.31,Telefónico,Cuenta corriente,Río Grande
TX-012326,CLI-00691,2026-05-02,Herramientas eléctricas,2,612512.37,App,Cuenta corriente,Ushuaia
TX-012321,CLI-01006,2026-05-02,Herramientas eléctricas,1,327506.52,Telefónico,Transferencia,Río Grande
TX-012322,CLI-00691,2026-05-02,Cemento y áridos,18,368160.34,Telefónico,Cuenta corriente,Ushuaia
TX-012334,CLI-00871,2026-05-03,Plomería y caños,18,119858.9,App,Tarjeta de crédito,Ushuaia
TX-012331,CLI-01082,2026-05-03,Electricidad e iluminación,12,375096.42,Telefónico,Tarjeta de débito,Ushuaia
TX-012333,CLI-00360,2026-05-03,Pinturas y revestimientos,8,542723.49,App,Transferencia,Río Grande
TX-012335,CLI-00519,2026-05-03,Sanitarios y grifería,4,502356.69,Telefónico,Cuenta corriente,Ushuaia
TX-012366,CLI-01329,2026-05-04,Electricidad e iluminación,7,154542.3,Web,Tarjeta de crédito,Río Grande
TX-012368,CLI-00401,2026-05-04,Ferretería general,25,107447.76,Web,Tarjeta de crédito,Río Grande
TX-012367,CLI-00040,2026-05-04,Ferretería general,5,32618.24,Web,Transferencia,Ushuaia
TX-012365,CLI-01316,2026-05-04,Seguridad e indumentaria,4,213570.93,Web,Transferencia,Ushuaia
TX-012360,CLI-01316,2026-05-04,Cemento y áridos,108,1581089.51,Web,Tarjeta de crédito,Ushuaia
TX-012362,CLI-01206,2026-05-04,Herramientas manuales,5,84911.05,Web,Transferencia,Ushuaia
TX-012353,CLI-01028,2026-05-04,Maderas y tableros,3,66902.43,Web,Tarjeta de crédito,Ushuaia
TX-012352,CLI-00113,2026-05-04,Pinturas y revestimientos,3,125048.41,Telefónico,Cuenta corriente,Río Grande
TX-012350,CLI-00900,2026-05-04,Ferretería general,7,32468.2,Web,Tarjeta de débito,Ushuaia
TX-012348,CLI-00902,2026-05-04,Herramientas manuales,4,119705.29,App,Efectivo en sucursal,Río Grande
TX-012346,CLI-01349,2026-05-04,Electricidad e iluminación,5,92860.59,App,Tarjeta de débito,Ushuaia
TX-012344,CLI-01310,2026-05-04,Seguridad e indumentaria,3,229819.32,Telefónico,Transferencia,Rio Grande
TX-012364,CLI-00856,2026-05-04,Pinturas y revestimientos,7,337746.6,App,Cuenta corriente,Ushuaia
TX-012354,CLI-01031,2026-05-04,Seguridad e indumentaria,1,42160.62,Web,Tarjeta de crédito,Ushuaia
TX-012342,CLI-00105,2026-05-04,Pinturas y revestimientos,3,73077.71,App,Tarjeta de débito,Ushuaia
TX-012340,CLI-00162,2026-05-04,Pinturas y revestimientos,9,,Telefónico,Cuenta corriente,Río Grande
TX-012339,CLI-00519,2026-05-04,Seguridad e indumentaria,9,921220.28,App,Tarjeta de débito,USHUAIA
TX-012338,CLI-00519,2026-05-04,Pinturas y revestimientos,4,192069.78,Telefónico,Cuenta corriente,Ushuaia
TX-012337,CLI-00840,2026-05-04,Seguridad e indumentaria,2,93267.29,App,Tarjeta de débito,Río Grande
TX-012356,CLI-01100,2026-05-04,Herramientas manuales,9,562015.82,App,Transferencia,TOLHUIN
TX-012336,CLI-00192,2026-05-04,Ferretería general,15,54666.23,App,Tarjeta de débito,Río Grande
TX-012361,CLI-00671,2026-05-04,Electricidad e iluminación,10,162076.26,Web,Transferencia,Río Grande
TX-012341,CLI-00694,2026-05-04,Herramientas manuales,2,56290.5,Web,Efectivo en sucursal,RÍO GRANDE
TX-012355,CLI-00602,2026-05-04,Electricidad e iluminación,1,17831.63,Web,Transferencia,Ushuaia
TX-012388,CLI-00649,2026-05-05,Pisos y cerámicos,17,656108.59,App,Cuenta corriente,Ushuaia
TX-012380,CLI-00172,2026-05-05,Ferretería general,6,76088.06,Telefónico,Tarjeta de débito,Tolhuin
TX-012387,CLI-01002,2026-05-05,Herramientas manuales,16,606798.59,Telefónico,Transferencia,Río Grande
TX-012386,CLI-01206,2026-05-05,Ferretería general,20,60041.48,Web,Tarjeta de débito,USHUAIA
TX-012385,CLI-01206,2026-05-05,Ferretería general,2,10579.21,App,Tarjeta de débito,Ushuaia
TX-012384,CLI-00224,2026-05-05,Ferretería general,1,6553.27,Telefónico,Transferencia,Río Grande
TX-012383,CLI-01006,2026-05-05,Maderas y tableros,14,618673.97,Web,Cuenta corriente,Río Grande
TX-012382,CLI-01316,2026-05-05,Pinturas y revestimientos,9,306416.81,App,Tarjeta de débito,Ushuaia
TX-012381,CLI-00576,2026-05-05,Ferretería general,3,16956.06,App,Tarjeta de crédito,Río Grande
TX-012389,CLI-01206,2026-05-05,Sanitarios y grifería,1,60889.54,Web,Transferencia,Ushuaia
TX-012378,CLI-00902,2026-05-05,Plomería y caños,2,23216.62,Web,Transferencia,Río Grande
TX-012377,CLI-00420,2026-05-05,Plomería y caños,15,198829.26,Web,Tarjeta de crédito,Ushuaia
TX-012376,CLI-00228,2026-05-05,Cemento y áridos,43,804186.03,Web,Transferencia,TOLHUIN
TX-012375,CLI-01099,2026-05-05,Pinturas y revestimientos,5,452306.28,Telefónico,Cuenta corriente,Ushuaia
TX-012374,CLI-00840,2026-05-05,Herramientas manuales,3,56005.65,Web,Tarjeta de débito,Río Grande
TX-012373,CLI-01100,2026-05-05,Pisos y cerámicos,19,897989.72,App,Cuenta corriente,Tolhuin 
TX-012413,CLI-00944,2026-05-06,Plomería y caños,2,16306.27,Web,Transferencia,Ushuaia
TX-012414,CLI-00264,2026-05-06,Ferretería general,3,11188.28,Web,Transferencia,Ushuaia
TX-012412,CLI-00134,2026-05-06,Ferretería general,5,24712.08,Web,Tarjeta de débito,Ushuaia
TX-012410,CLI-01349,2026-05-06,Herramientas eléctricas,2,565041.35,Web,Tarjeta de débito,Ushuaia
TX-012409,CLI-01238,2026-05-06,Electricidad e iluminación,2,65552.77,Web,Transferencia,Ushuaia
TX-012404,CLI-00077,2026-05-06,Herramientas manuales,12,440367.45,App,Cuenta corriente,Río Grande
TX-012403,CLI-01121,2026-05-06,Plomería y caños,3,40108.26,App,Tarjeta de débito,Río Grande
TX-012402,CLI-01322,2026-05-06,Herramientas manuales,8,174035.43,Web,Tarjeta de débito,Río Grande
TX-012401,CLI-00519,2026-05-06,Aberturas,4,1171339.24,Web,Transferencia,Ushuaia
TX-012400,CLI-00077,2026-05-06,Sanitarios y grifería,3,272656.97,Telefónico,Cuenta corriente,Río Grande
TX-012399,CLI-00360,2026-05-06,Seguridad e indumentaria,5,405534.54,App,Cuenta corriente,Río Grande
TX-012405,CLI-00258,2026-05-06,Ferretería general,9,42985.13,Web,Transferencia,USHUAIA
TX-012397,CLI-00719,2026-05-06,Cemento y áridos,42,1370576.6,Telefónico,Transferencia,Ushuaia
TX-012395,CLI-00378,2026-05-06,Plomería y caños,7,59866.24,Web,Tarjeta de débito,Ushuaia
TX-012393,CLI-00192,2026-05-06,Ferretería general,7,29532.16,App,Tarjeta de débito,Río Grande
TX-012392,CLI-00563,2026-05-06,Maderas y tableros,10,468228.84,App,Transferencia,Río Grande
TX-012391,CLI-01099,2026-05-06,Seguridad e indumentaria,4,482394.91,Telefónico,Transferencia,Ushuaia
TX-012390,CLI-00390,2026-05-06,Sanitarios y grifería,10,1278880.38,App,Transferencia,Ushuaia
TX-012408,CLI-01082,2026-05-06,Plomería y caños,22,733976.07,Telefónico,Cuenta corriente,Ushuaia
TX-012396,CLI-00228,2026-05-06,Pisos y cerámicos,49,1315635.79,Web,Transferencia,Tolhuin
TX-012406,CLI-00459,2026-05-06,Pisos y cerámicos,8,1709100.76,Web,Transferencia,Río Grande
TX-012434,CLI-00587,2026-05-07,Ferretería general,27,159068.3,App,Tarjeta de débito,Río Grande
TX-012433,CLI-00513,2026-05-07,Seguridad e indumentaria,2,49672.32,Web,Tarjeta de crédito,Río Grande
TX-012415,CLI-01057,2026-05-07,Cemento y áridos,4,55561.22,App,Tarjeta de crédito,Tolhuin
TX-012417,CLI-01100,2026-05-07,Ferretería general,28,479278.05,App,Transferencia,
TX-012418,CLI-00612,2026-05-07,Herramientas manuales,4,75009.21,Web,Tarjeta de crédito,Río Grande
TX-012419,CLI-01028,2026-05-07,Ferretería general,2,8380.27,App,Tarjeta de débito,Ushuaia
TX-012420,CLI-00719,2026-05-07,Cemento y áridos,25,1079413.38,Web,Cuenta corriente,USHUAIA
TX-012421,CLI-00733,2026-05-07,Electricidad e iluminación,38,1131212.47,App,Cuenta corriente,Río Grande
TX-012422,CLI-00449,2026-05-07,Electricidad e iluminación,4,,App,Tarjeta de débito,Ushuaia
TX-012424,CLI-00663,2026-05-07,Herramientas manuales,5,84048.3,Web,Transferencia,Río Grande
TX-012425,CLI-01148,2026-05-07,Ferretería general,2,10566.95,App,Transferencia,ushuaia
TX-012426,CLI-00179,2026-05-07,Ferretería general,4,16541.91,Web,Tarjeta de débito,Río Grande
TX-012428,CLI-00077,2026-05-07,Electricidad e iluminación,15,360257.36,App,Cuenta corriente,RÍO GRANDE
TX-012430,CLI-01170,2026-05-07,Cemento y áridos,9,255560.29,Telefónico,Cuenta corriente,Tolhuin
TX-012432,CLI-00971,2026-05-07,Ferretería general,6,33939.13,Telefónico,Efectivo en sucursal,Ushuaia
TX-012423,CLI-01316,2026-05-07,Seguridad e indumentaria,2,98288.03,Web,Transferencia,Ushuaia
TX-012457,CLI-01100,2026-05-08,Cemento y áridos,51,2463315.4,Telefónico,Transferencia,Tolhuin
TX-012458,CLI-00358,2026-05-08,Plomería y caños,7,99171.05,Telefónico,Tarjeta de crédito,Ushuaia
TX-012456,CLI-00290,2026-05-08,Plomería y caños,7,158347.86,App,Cuenta corriente,Río Grande
TX-012444,CLI-00576,2026-05-08,Ferretería general,5,29127.92,Web,Tarjeta de crédito,Río Grande
TX-012454,CLI-00129,2026-05-08,Cemento y áridos,10,217648.48,Telefónico,Tarjeta de débito,Ushuaia
TX-012450,CLI-00500,2026-05-08,Cemento y áridos,24,699692.98,App,Transferencia,Ushuaia
TX-012449,CLI-00842,2026-05-08,Electricidad e iluminación,2,48585.87,App,Tarjeta de débito,Río Grande
TX-012448,CLI-01100,2026-05-08,Ferretería general,12,197334.6,App,Transferencia,Tolhuin
TX-012447,CLI-00411,2026-05-08,Pinturas y revestimientos,1,33583.35,Web,Tarjeta de débito,Río Grande
TX-012455,CLI-00783,2026-05-08,Herramientas manuales,1,18281.86,Web,Tarjeta de crédito,Ushuaia 
TX-012446,CLI-01100,2026-05-08,Cemento y áridos,18,597534.21,App,Cuenta corriente,Tolhuin
TX-012445,CLI-00733,2026-05-08,Seguridad e indumentaria,2,246644.08,Telefónico,Tarjeta de débito,Río Grande
TX-012442,CLI-00264,2026-05-08,Cemento y áridos,15,190226.03,Telefónico,Tarjeta de crédito,Ushuaia
TX-012441,CLI-00264,2026-05-08,Cemento y áridos,37,347019.66,App,Efectivo en sucursal,Ushuaia
TX-012439,CLI-01100,2026-05-08,Sanitarios y grifería,4,635223.19,Telefónico,Cuenta corriente,Tolhuin
TX-012438,CLI-01031,2026-05-08,Herramientas manuales,4,102396.66,Web,Transferencia,Ushuaia
TX-012437,CLI-00264,2026-05-08,Pinturas y revestimientos,3,-79218.31,Web,Tarjeta de débito,ushuaia
TX-012436,CLI-00258,2026-05-08,Herramientas manuales,4,59178.71,App,Tarjeta de débito,ushuaia
TX-012451,CLI-01333,2026-05-08,Plomería y caños,6,66580.43,Web,Tarjeta de crédito,Ushuaia
TX-012452,CLI-00561,2026-05-08,Plomería y caños,51,1690257.77,Telefónico,Cuenta corriente,Ushuaia
TX-012453,CLI-00613,2026-05-08,Pisos y cerámicos,8,306950.59,App,Transferencia,Ushuaia
TX-012469,CLI-00931,2026-05-09,Electricidad e iluminación,7,106097.15,App,Efectivo en sucursal,Río Grande
TX-012468,CLI-00879,2026-05-09,Ferretería general,16,305078.27,Web,Cuenta corriente,Río Grande
TX-012466,CLI-00588,2026-05-09,Plomería y caños,7,84552.57,Web,Tarjeta de débito,ushuaia
TX-012465,CLI-00961,2026-05-09,Plomería y caños,2,14482.69,Telefónico,Efectivo en sucursal,Río Grande
TX-012464,CLI-00993,2026-05-09,Ferretería general,8,70535.98,Web,Transferencia,Río Grande 
TX-012463,CLI-00258,2026-05-09,Pisos y cerámicos,54,1189036.36,Web,Tarjeta de crédito,Ushuaia
TX-012462,CLI-01349,2026-05-09,Cemento y áridos,7,97739.57,Web,Efectivo en sucursal,Ushuaia
TX-012460,CLI-00266,2026-05-09,Herramientas eléctricas,2,552714.28,Web,Tarjeta de crédito,Ushuaia
TX-012459,CLI-00049,2026-05-09,Seguridad e indumentaria,4,108020.11,Web,Tarjeta de débito,Río Grande
TX-012476,CLI-00192,2026-05-10,Herramientas manuales,4,71501.16,Web,Efectivo en sucursal,Río Grande
TX-012472,CLI-00833,2026-05-10,Herramientas manuales,2,45348.19,Web,Transferencia,Río Grande
TX-012471,CLI-01055,2026-05-10,Herramientas manuales,2,49780.6,Web,Transferencia,Ushuaia
TX-012470,CLI-00842,2026-05-10,Cemento y áridos,18,460648.34,App,Cuenta corriente,Río Grande
TX-012473,CLI-00971,2026-05-10,Ferretería general,5,24256.6,Telefónico,Transferencia,Ushuaia
TX-012475,CLI-00519,2026-05-10,Sanitarios y grifería,3,338226.6,Telefónico,Cuenta corriente,Ushuaia
TX-012492,CLI-01249,2026-05-11,Ferretería general,9,54680.4,Web,Tarjeta de débito,Río Grande
TX-012497,CLI-00192,2026-05-11,Herramientas manuales,3,60612.14,Web,Tarjeta de débito,RÍO GRANDE
TX-012479,CLI-01100,2026-05-11,Electricidad e iluminación,7,291469.4,Web,Cuenta corriente,Tolhuin
TX-012480,CLI-00840,2026-05-11,Herramientas eléctricas,3,521361.88,Web,Tarjeta de crédito,Río Grande
TX-012498,CLI-01044,2026-05-11,Cemento y áridos,15,415932.02,Web,Cuenta corriente,RÍO GRANDE
TX-012482,CLI-00347,2026-05-11,Sanitarios y grifería,1,38472.21,App,Transferencia,Río Grande
TX-012483,CLI-01170,2026-05-11,Plomería y caños,4,101273.54,App,Cuenta corriente,Tolhuin
TX-012481,CLI-00840,2026-05-11,Plomería y caños,6,62147.97,Web,Transferencia,RÍO GRANDE
TX-012488,CLI-00053,2026-05-11,Seguridad e indumentaria,2,81683.49,Web,Tarjeta de crédito,Río Grande
TX-012489,CLI-00872,2026-05-11,,24,1172825.67,Telefónico,Cuenta corriente,Río Grande
TX-012493,CLI-01170,2026-05-11,Cemento y áridos,39,1257391.63,Telefónico,Cuenta corriente,Tolhuin 
TX-012494,CLI-01256,2026-05-11,Ferretería general,14,67899.13,Web,T. débito,Río Grande
TX-012495,CLI-01204,2026-05-11,Aberturas,1,202591.08,Web,Tarjeta de crédito,Ushuaia
TX-012487,CLI-00051,2026-05-11,Sanitarios y grifería,2,304086.02,Telefónico,Tarjeta de débito,Ushuaia
TX-012529,CLI-01013,2026-05-12,Ferretería general,5,88848.4,App,Cuenta corriente,Ushuaia
TX-012534,CLI-00347,2026-05-12,Pinturas y revestimientos,3,74836.03,Web,Transferencia,Río Grande
TX-012533,CLI-01013,2026-05-12,Plomería y caños,38,1275400.11,Telefónico,Cuenta corriente,Ushuaia
TX-012532,CLI-00274,2026-05-12,Maderas y tableros,33,2494542.02,Web,Cuenta corriente,Río Grande
TX-012531,CLI-01100,2026-05-12,Maderas y tableros,4,330791.39,Web,Tarjeta de crédito,Tolhuin
TX-012528,CLI-00264,2026-05-12,Pinturas y revestimientos,3,106916.06,App,Tarjeta de débito,Ushuaia
TX-012499,CLI-00691,2026-05-12,Pinturas y revestimientos,8,373797.23,App,Cuenta corriente,Ushuaia
TX-012525,CLI-01113,2026-05-12,Plomería y caños,6,156241.04,App,Cuenta corriente,Río Grande 
TX-012526,CLI-01249,2026-05-12,Electricidad e iluminación,13,272652.05,Web,Tarjeta de crédito,Río Grande
TX-012517,CLI-01031,2026-05-12,Pinturas y revestimientos,4,194229.89,App,Tarjeta de crédito,Ushuaia
TX-012516,CLI-00931,2026-05-12,Seguridad e indumentaria,1,54594.19,Web,Tarjeta de crédito,Río Grande
TX-012513,CLI-01064,2026-05-12,Cemento y áridos,7,135276.93,Web,Tarjeta de crédito,Río Grande 
TX-012512,CLI-01322,2026-05-12,Sanitarios y grifería,2,101080.0,Web,Tarjeta de débito,Río Grande
TX-012519,CLI-01137,2026-05-12,Plomería y caños,12,428465.76,Telefónico,Transferencia,Río Grande
TX-012511,CLI-00806,2026-05-12,Ferretería general,73,1211418.72,App,Cuenta corriente,Río Grande
TX-012510,CLI-00540,2026-05-12,Maderas y tableros,5,214519.5,App,Cuenta corriente,Ushuaia
TX-012507,CLI-00649,2026-05-12,Ferretería general,5,41550.44,Web,Transferencia,Ushuaia
TX-012506,CLI-01082,2026-05-12,Pisos y cerámicos,7,455877.3,Telefónico,Tarjeta de crédito,Ushuaia
TX-012505,CLI-01329,2026-05-12,Electricidad e iluminación,2,25333.42,Web,Tarjeta de crédito,RÍO GRANDE
TX-012504,CLI-01100,2026-05-12,Cemento y áridos,35,1125642.2,Web,Cuenta corriente,Tolhuin
TX-012503,CLI-00161,2026-05-12,Seguridad e indumentaria,2,112217.15,Web,Transferencia,Ushuaia
TX-012501,CLI-00691,2026-05-12,Ferretería general,2,20078.97,App,Transferencia,Ushuaia
TX-012500,CLI-01100,2026-05-12,Seguridad e indumentaria,5,462351.41,Web,Tarjeta de crédito,Tolhuin
TX-012520,CLI-00865,2026-05-12,Pisos y cerámicos,6,80954.59,Web,Tarjeta de crédito,Río Grande
TX-012521,CLI-00874,2026-05-12,Electricidad e iluminación,18,305986.49,App,Tarjeta de crédito,Río Grande
TX-012522,CLI-00321,2026-05-12,Electricidad e iluminación,7,306150.36,Web,Tarjeta de crédito,Ushuaia
TX-012523,CLI-00482,2026-05-12,Maderas y tableros,14,604442.58,App,Cuenta corriente,Río Grande
TX-012560,CLI-00470,2026-05-13,Aberturas,3,618667.06,Web,Tarjeta de crédito,Ushuaia
TX-012559,CLI-00482,2026-05-13,Maderas y tableros,29,1412694.21,App,Tarjeta de crédito,Río Grande
TX-012548,CLI-00099,2026-05-13,Ferretería general,7,37737.37,Web,Transferencia,ushuaia
TX-012556,CLI-00112,2026-05-13,Seguridad e indumentaria,5,675252.38,App,Cuenta corriente,Río Grande
TX-012550,CLI-00248,2026-05-13,Seguridad e indumentaria,2,104275.65,App,Tarjeta de débito,Ushuaia
TX-012549,CLI-01100,2026-05-13,Cemento y áridos,36,1333447.48,App,Transferencia,Tolhuin
TX-012544,CLI-01193,2026-05-13,Electricidad e iluminación,4,56926.84,Web,Efectivo en sucursal,Río Grande
TX-012543,CLI-00951,2026-05-13,Herramientas manuales,1,24508.92,Web,Tarjeta de débito,Ushuaia
TX-012542,CLI-00322,2026-05-13,Herramientas manuales,5,214404.47,Telefónico,Cuenta corriente,Río Grande
TX-012541,CLI-00077,2026-05-13,Herramientas manuales,5,206674.15,Telefónico,transf.,Río Grande
TX-012554,CLI-00179,2026-05-13,Plomería y caños,2,19331.01,Web,Transferencia,RÍO GRANDE
TX-012540,CLI-00142,2026-05-13,Cemento y áridos,18,384876.17,Web,Cuenta corriente,Río Grande
TX-012539,CLI-00172,2026-05-13,Herramientas manuales,22,1356320.01,Telefónico,Tarjeta de débito,Tolhuin
TX-012538,CLI-01248,2026-05-13,Sanitarios y grifería,2,148564.13,Web,Transferencia,Ushuaia
TX-012537,CLI-00561,2026-05-13,Cemento y áridos,20,496417.66,Telefónico,Cuenta corriente,Ushuaia
TX-012557,CLI-00459,2026-05-13,Pinturas y revestimientos,4,104053.54,App,Transferencia,Río Grande
TX-012535,CLI-01206,2026-05-13,Pinturas y revestimientos,1,41371.7,Web,Tarjeta de crédito,Ushuaia
TX-012552,CLI-00056,2026-05-13,Herramientas manuales,4,66464.23,App,Efectivo en sucursal,Tolhuin
TX-012553,CLI-01082,2026-05-13,Electricidad e iluminación,30,1530510.92,App,Transferencia,Ushuaia
TX-012555,CLI-00523,2026-05-13,Herramientas manuales,9,489307.83,Telefónico,Transferencia,Río Grande
TX-012578,CLI-00321,2026-05-14,Electricidad e iluminación,12,528505.85,Telefónico,Tarjeta de crédito,Ushuaia
TX-012562,CLI-00411,2026-05-14,Plomería y caños,6,63998.13,Web,Transferencia,Rio Grande
TX-012563,CLI-01206,2026-05-14,Seguridad e indumentaria,6,281481.88,Web,Tarjeta de débito,Ushuaia
TX-012564,CLI-00218,2026-05-14,Plomería y caños,26,471825.6,Web,Cuenta corriente,Río Grande
TX-012566,CLI-00056,2026-05-14,Sanitarios y grifería,18,820667.64,App,,TOLHUIN
TX-012567,CLI-00274,2026-05-14,Ferretería general,35,599305.41,Telefónico,Cuenta corriente,Rio Grande
TX-012568,CLI-01100,2026-05-14,Herramientas manuales,3,172508.55,Web,transf.,Tolhuin
TX-012569,CLI-00376,2026-05-14,Seguridad e indumentaria,3,230128.29,Telefónico,Cuenta corriente,Ushuaia
TX-012570,CLI-01249,2026-05-14,Pinturas y revestimientos,20,455482.47,Web,Tarjeta de crédito,Río Grande
TX-012571,CLI-00909,2026-05-14,Electricidad e iluminación,3,26759.44,Web,Tarjeta de débito,Ushuaia
TX-012573,CLI-00142,2026-05-14,Ferretería general,23,245565.52,Telefónico,Efectivo en sucursal,Río Grande
TX-012574,CLI-01316,2026-05-14,Ferretería general,3,17511.2,Web,Tarjeta de crédito,Ushuaia
TX-012577,CLI-01079,2026-05-14,,3,68622.46,Telefónico,Cuenta corriente,Ushuaia
TX-012583,CLI-00840,2026-05-14,Maderas y tableros,3,77681.87,Telefónico,Tarjeta de crédito,Río Grande
TX-012582,CLI-01265,2026-05-14,Sanitarios y grifería,3,311528.16,Telefónico,Transferencia,Tolhuin
TX-012580,CLI-00561,2026-05-14,Plomería y caños,8,280039.6,Telefónico,Cuenta corriente,Ushuaia
TX-012581,CLI-00218,2026-05-14,Ferretería general,8,69705.17,Telefónico,Cuenta corriente,Río Grande
TX-012600,CLI-01349,2026-05-15,Pinturas y revestimientos,4,137528.99,Web,Tarjeta de débito,Ushuaia
TX-012585,CLI-00689,2026-05-15,Cemento y áridos,5,148131.69,Telefónico,Cuenta corriente,Río Grande
TX-012592,CLI-00701,2026-05-15,Electricidad e iluminación,7,310443.0,Telefónico,Transferencia,Río Grande
TX-012593,CLI-01316,2026-05-15,Plomería y caños,4,51817.39,Web,T. crédito,Ushuaia
TX-012594,CLI-00040,2026-05-15,Plomería y caños,9,138229.26,App,Cuenta corriente,Ushuaia
TX-012595,CLI-01100,2026-05-15,Herramientas manuales,3,175965.95,Web,Cuenta corriente,Tolhuin
TX-012596,CLI-01349,2026-05-15,Herramientas manuales,3,63090.35,App,Tarjeta de débito,Ushuaia
TX-012598,CLI-00390,2026-05-15,Plomería y caños,27,504019.6,App,Tarjeta de crédito,ushuaia
TX-012599,CLI-01100,2026-05-15,Sanitarios y grifería,2,586110.56,App,Tarjeta de crédito,tolhuin
TX-012589,CLI-00694,2026-05-15,Sanitarios y grifería,3,207727.4,App,Tarjeta de débito,Río Grande 
TX-012588,CLI-00646,2026-05-15,Plomería y caños,7,87452.35,App,Tarjeta de débito,Ushuaia
TX-012587,CLI-00523,2026-05-15,Maderas y tableros,6,398134.4,Web,Transferencia,Río Grande
TX-012586,CLI-01002,2026-05-15,Aberturas,2,543542.71,Web,Cuenta corriente,Río Grande
TX-012591,CLI-01028,2026-05-15,Seguridad e indumentaria,1,44057.46,Web,Tarjeta de crédito,Ushuaia
TX-012590,CLI-00944,2026-05-15,Pinturas y revestimientos,1,31817.36,Web,Tarjeta de crédito,Ushuaia
TX-012584,CLI-00523,2026-05-15,Electricidad e iluminación,22,861441.58,Web,Cuenta corriente,Río Grande
TX-012616,CLI-00687,2026-05-16,Cemento y áridos,13,371277.64,Telefónico,Tarjeta de crédito,Río Grande
TX-012615,CLI-01100,2026-05-16,Ferretería general,1,19176.22,App,Cuenta corriente,Tolhuin
TX-012614,CLI-00874,2026-05-16,Ferretería general,9,61024.14,Web,Transferencia,Río Grande 
TX-012613,CLI-00450,2026-05-16,Aberturas,3,1074432.03,App,Transferencia,Ushuaia
TX-012612,CLI-01206,2026-05-16,Cemento y áridos,26,448458.39,App,Tarjeta de débito,Ushuaia
TX-012611,CLI-01119,2026-05-16,Pisos y cerámicos,7,461579.03,Web,Cuenta corriente,Ushuaia
TX-012609,CLI-00849,2026-05-16,Plomería y caños,3,30532.3,Web,Tarjeta de crédito,Río Grande
TX-012607,CLI-00301,2026-05-16,Aberturas,5,580676.21,App,Tarjeta de crédito,Rio Grande
TX-012606,CLI-01100,2026-05-16,Seguridad e indumentaria,8,1076994.5,App,,Tolhuin
TX-012605,CLI-00333,2026-05-16,Herramientas manuales,2,42820.43,Web,Tarjeta de crédito,Ushuaia
TX-012604,CLI-00479,2026-05-16,Pinturas y revestimientos,6,174452.44,Web,transf.,Ushuaia
TX-012602,CLI-00379,2026-05-16,Pinturas y revestimientos,2,70788.13,Web,Tarjeta de crédito,Río Grande
TX-012623,CLI-01306,2026-05-17,Herramientas eléctricas,3,887408.51,Web,Efectivo en sucursal,Ushuaia
TX-012621,CLI-00999,2026-05-17,Cemento y áridos,11,200840.55,Web,Transferencia,río grande
TX-012620,CLI-01316,2026-05-17,Herramientas manuales,3,80163.53,Web,Transferencia,Ushuaia
TX-012619,CLI-01216,2026-05-17,Ferretería general,9,45988.92,App,Transferencia,Ushuaia
TX-012618,CLI-00850,2026-05-17,Pinturas y revestimientos,8,380378.49,Telefónico,Cuenta corriente,Río Grande
TX-012617,CLI-01100,2026-05-17,Maderas y tableros,29,2365322.9,Telefónico,Cuenta corriente,Tolhuin 
TX-012646,CLI-01100,2026-05-18,Ferretería general,23,,Telefónico,Cuenta corriente,tolhuin
TX-012645,CLI-00228,2026-05-18,Herramientas manuales,3,76762.82,Web,Transferencia,Tolhuin
TX-012640,CLI-01093,2026-05-18,Electricidad e iluminación,4,123775.24,App,Tarjeta de crédito,Ushuaia
TX-012642,CLI-00540,2026-05-18,Electricidad e iluminación,10,300268.32,Telefónico,Cuenta corriente,Ushuaia
TX-012639,CLI-01249,2026-05-18,Herramientas manuales,10,219540.19,Web,Tarjeta de débito,Río Grande
TX-012638,CLI-00561,2026-05-18,Ferretería general,25,391643.07,App,Cuenta corriente,Ushuaia
TX-012637,CLI-00719,2026-05-18,Sanitarios y grifería,3,398174.5,App,Cuenta corriente,Ushuaia
TX-012635,CLI-01238,2026-05-18,Maderas y tableros,51,2232073.4,Telefónico,Cuenta corriente,Ushuaia
TX-012634,CLI-00248,2026-05-18,Herramientas manuales,4,89055.63,App,Efectivo en sucursal,Ushuaia
TX-012633,CLI-01100,2026-05-18,Cemento y áridos,10,436849.41,App,Cuenta corriente,tolhuin
TX-012632,CLI-00274,2026-05-18,Ferretería general,3,46065.43,Telefónico,Cuenta corriente,Río Grande
TX-012631,CLI-00649,2026-05-18,Herramientas manuales,7,191778.71,App,Cuenta corriente,Ushuaia
TX-012630,CLI-01116,2026-05-18,Plomería y caños,3,31654.94,App,Tarjeta de crédito,Ushuaia
TX-012627,CLI-01286,2026-05-18,Ferretería general,6,40122.9,App,Tarjeta de crédito,Tolhuin
TX-012626,CLI-01011,2026-05-18,Seguridad e indumentaria,2,92572.94,Web,Transferencia,Ushuaia
TX-012625,CLI-00051,2026-05-18,Cemento y áridos,15,511747.23,Telefónico,Efectivo en sucursal,Ushuaia
TX-012624,CLI-00517,2026-05-18,Herramientas eléctricas,3,492801.06,Web,Transferencia,Rio Grande
TX-012644,CLI-00077,2026-05-18,Cemento y áridos,28,684721.21,Telefónico,Cuenta corriente,Rio Grande
TX-012641,CLI-01332,2026-05-18,Cemento y áridos,26,671542.1,Telefónico,Cuenta corriente,Ushuaia
TX-012666,CLI-01137,2026-05-19,Pinturas y revestimientos,4,380343.02,Web,Cuenta corriente,Río Grande
TX-012663,CLI-00077,2026-05-19,Pinturas y revestimientos,1,50379.41,App,Cuenta corriente,Río Grande
TX-012661,CLI-01017,2026-05-19,Herramientas manuales,8,759817.18,Telefónico,Tarjeta de crédito,RÍO GRANDE
TX-012658,CLI-00576,2026-05-19,Cemento y áridos,13,174025.3,Web,Cuenta corriente,Río Grande
TX-012657,CLI-01193,2026-05-19,Sanitarios y grifería,5,407394.97,Telefónico,Tarjeta de crédito,Río Grande
TX-012656,CLI-01055,2026-05-19,Pisos y cerámicos,26,505425.62,Web,Transferencia,Ushuaia
TX-012654,CLI-01079,2026-05-19,Electricidad e iluminación,1,17154.51,Telefónico,Tarjeta de débito,Ushuaia
TX-012653,CLI-00813,2026-05-19,Pisos y cerámicos,19,1304643.12,App,Tarjeta de crédito,Río Grande
TX-012652,CLI-01204,2026-05-19,Aberturas,1,113699.32,Web,T. crédito,Ushuaia
TX-012651,CLI-00840,2026-05-19,Pinturas y revestimientos,2,67021.22,Web,Tarjeta de crédito,Río Grande
TX-012650,CLI-00821,2026-05-19,Plomería y caños,3,32432.05,Telefónico,Tarjeta de débito,Río Grande
TX-012649,CLI-00561,2026-05-19,Cemento y áridos,27,1077884.96,App,Cuenta corriente,Ushuaia
TX-012648,CLI-00561,2026-05-19,Electricidad e iluminación,5,,Telefónico,Cuenta corriente,Ushuaia
TX-012647,CLI-00691,2026-05-19,Plomería y caños,8,144428.9,App,Transferencia,Ushuaia
TX-012664,CLI-00610,2026-05-19,Ferretería general,2,11472.06,Web,Transferencia,Río Grande
TX-012665,CLI-01174,2026-05-19,Aberturas,3,1423260.99,App,Transferencia,río grande
TX-012685,CLI-01011,2026-05-20,Herramientas manuales,6,123206.89,Web,Tarjeta de crédito,Ushuaia
TX-012684,CLI-00156,2026-05-20,Seguridad e indumentaria,3,70619.37,Web,Transferencia,Río Grande
TX-012669,CLI-01338,2026-05-20,Pinturas y revestimientos,2,90596.26,App,Tarjeta de débito,Tolhuin
TX-012670,CLI-01093,2026-05-20,Plomería y caños,5,64193.21,Telefónico,Cuenta corriente,Ushuaia
TX-012671,CLI-00116,2026-05-20,Ferretería general,8,37582.26,Web,Tarjeta de crédito,Río Grande
TX-012672,CLI-01099,2026-05-20,Seguridad e indumentaria,2,166613.19,App,Tarjeta de crédito,Ushuaia
TX-012673,CLI-01178,2026-05-20,Electricidad e iluminación,3,48699.8,Web,Transferencia,Río Grande
TX-012674,CLI-01017,2026-05-20,Seguridad e indumentaria,19,2728187.2,App,Cuenta corriente,Río Grande
TX-012676,CLI-01112,2026-05-20,Plomería y caños,2,29249.36,Web,Tarjeta de débito,Ushuaia
TX-012678,CLI-00563,2026-05-20,Pinturas y revestimientos,2,134857.0,Telefónico,Cuenta corriente,Río Grande
TX-012679,CLI-00199,2026-05-20,Herramientas eléctricas,3,1295994.72,Telefónico,Cuenta corriente,Rio Grande
TX-012680,CLI-01005,2026-05-20,Herramientas manuales,2,45165.95,Web,T. débito,Ushuaia
TX-012681,CLI-00300,2026-05-20,Aberturas,1,399351.78,App,Cuenta corriente,Ushuaia
TX-012682,CLI-01316,2026-05-20,Plomería y caños,5,71381.73,App,Transferencia,Ushuaia
TX-012687,CLI-01137,2026-05-20,Ferretería general,29,482788.78,Telefónico,Transferencia,Río Grande
TX-012688,CLI-01178,2026-05-20,Herramientas manuales,4,79298.7,Web,Transferencia,RÍO GRANDE
TX-012690,CLI-00561,2026-05-21,Electricidad e iluminación,5,246018.65,Telefónico,Tarjeta de crédito,Ushuaia
TX-012705,CLI-00077,2026-05-21,Herramientas manuales,5,164787.79,App,Transferencia,Río Grande
TX-012704,CLI-01017,2026-05-21,Ferretería general,49,824932.07,App,Cuenta corriente,río grande
TX-012703,CLI-00156,2026-05-21,Maderas y tableros,9,244853.84,Web,Tarjeta de débito,Río Grande
TX-012702,CLI-00185,2026-05-21,Herramientas manuales,2,40787.32,Web,Tarjeta de débito,USHUAIA
TX-012700,CLI-01286,2026-05-21,Pinturas y revestimientos,7,236402.4,Web,Tarjeta de débito,tolhuin
TX-012698,CLI-01222,2026-05-21,Sanitarios y grifería,3,303475.41,App,Cuenta corriente,USHUAIA
TX-012697,CLI-00523,2026-05-21,Ferretería general,2,36109.95,App,Efectivo en sucursal,Río Grande
TX-012696,CLI-01137,2026-05-21,Electricidad e iluminación,12,579722.86,Telefónico,Cuenta corriente,Río Grande
TX-012695,CLI-00258,2026-05-21,Maderas y tableros,7,209662.67,Web,Transferencia,Ushuaia
TX-012692,CLI-00459,2026-05-21,Plomería y caños,1,7236.78,Web,Transferencia,Río Grande
TX-012691,CLI-00750,2026-05-21,Seguridad e indumentaria,2,81298.89,Web,Tarjeta de débito,Ushuaia
TX-012707,CLI-00787,2026-05-21,Ferretería general,4,24891.29,Web,transf.,Ushuaia
TX-012726,CLI-01109,2026-05-22,Pisos y cerámicos,6,78773.5,App,Tarjeta de débito,Ushuaia 
TX-012727,CLI-00568,2026-05-22,Herramientas eléctricas,3,1184875.06,Telefónico,,Río Grande
TX-012723,CLI-01100,2026-05-22,Ferretería general,58,705264.3,Telefónico,Tarjeta de crédito,Tolhuin
TX-012708,CLI-00264,2026-05-22,Pinturas y revestimientos,3,97333.34,Web,Transferencia,Ushuaia
TX-012709,CLI-00403,2026-05-22,Plomería y caños,5,117654.86,Web,Cuenta corriente,Ushuaia
TX-012710,CLI-00256,2026-05-22,Pinturas y revestimientos,53,2571301.75,Web,Cuenta corriente,Río Grande
TX-012711,CLI-00370,2026-05-22,Sanitarios y grifería,7,599479.16,Web,Tarjeta de débito,Ushuaia
TX-012712,CLI-00479,2026-05-22,Herramientas manuales,2,30443.25,Web,Tarjeta de crédito,Ushuaia
TX-012714,CLI-00313,2026-05-22,Herramientas manuales,2,47896.51,Web,Transferencia,Tolhuin
TX-012715,CLI-00077,2026-05-22,Plomería y caños,9,160666.17,Web,Cuenta corriente,Río Grande
TX-012716,CLI-00519,2026-05-22,Pisos y cerámicos,9,289324.88,Telefónico,Cuenta corriente,Ushuaia
TX-012717,CLI-00874,2026-05-22,Ferretería general,3,14762.73,Telefónico,Tarjeta de débito,Río Grande
TX-012718,CLI-00689,2026-05-22,Electricidad e iluminación,6,164099.01,App,Cuenta corriente,Río Grande
TX-012719,CLI-01100,2026-05-22,Ferretería general,46,675280.41,Web,Transferencia,Tolhuin
TX-012720,CLI-00663,2026-05-22,Plomería y caños,4,37222.75,Web,Tarjeta de crédito,Río Grande
TX-012722,CLI-00561,2026-05-22,Cemento y áridos,10,462086.44,Telefónico,Tarjeta de crédito,Ushuaia
TX-012725,CLI-00561,2026-05-22,Aberturas,4,2305821.96,Telefónico,Cuenta corriente,Ushuaia
TX-012713,CLI-00339,2026-05-22,Seguridad e indumentaria,4,166551.91,Web,Transferencia,Ushuaia
TX-012734,CLI-00068,2026-05-23,Electricidad e iluminación,7,244548.24,App,Transferencia,Río Grande
TX-012737,CLI-01095,2026-05-23,Pisos y cerámicos,10,204760.81,App,Efectivo en sucursal,Río Grande
TX-012736,CLI-01028,2026-05-23,Ferretería general,6,36395.09,Web,Transferencia,Ushuaia
TX-012728,CLI-00888,2026-05-23,Pinturas y revestimientos,2,52476.6,Web,Tarjeta de crédito,Tolhuin
TX-012735,CLI-01217,2026-05-23,Pisos y cerámicos,43,1579802.71,Web,Tarjeta de crédito,Ushuaia 
TX-012729,CLI-00051,2026-05-23,Aberturas,2,,Telefónico,Cuenta corriente,Ushuaia
TX-012733,CLI-00274,2026-05-23,Herramientas manuales,5,317600.25,Telefónico,Transferencia,Río Grande 
TX-012732,CLI-01206,2026-05-23,Electricidad e iluminación,10,162241.08,Web,Tarjeta de crédito,USHUAIA
TX-012731,CLI-00185,2026-05-23,Maderas y tableros,9,267601.88,Web,Transferencia,Ushuaia
TX-012730,CLI-01286,2026-05-23,Electricidad e iluminación,4,54349.67,App,Tarjeta de débito,Tolhuin
TX-012740,CLI-00382,2026-05-24,Electricidad e iluminación,7,96442.62,App,Tarjeta de débito,Río Grande
TX-012738,CLI-00162,2026-05-24,Herramientas manuales,3,112874.49,Web,Transferencia,Río Grande
TX-012770,CLI-01100,2026-05-25,Pinturas y revestimientos,2,139654.14,Web,Tarjeta de crédito,TOLHUIN
TX-012744,CLI-00663,2026-05-25,Pinturas y revestimientos,7,182825.68,App,Tarjeta de crédito,Río Grande
TX-012742,CLI-01339,2026-05-25,Pinturas y revestimientos,5,153568.6,Web,Transferencia,ushuaia
TX-012741,CLI-01349,2026-05-25,Electricidad e iluminación,9,143733.64,Web,Tarjeta de débito,ushuaia
TX-012769,CLI-00403,2026-05-25,Electricidad e iluminación,14,297146.65,App,Transferencia,Ushuaia
TX-012767,CLI-00112,2026-05-25,Maderas y tableros,10,910072.05,Telefónico,Transferencia,Río Grande
TX-012743,CLI-00378,2026-05-25,Seguridad e indumentaria,4,243147.3,Web,Tarjeta de crédito,Ushuaia
TX-012765,CLI-00615,2026-05-25,Ferretería general,3,17968.86,App,transf.,Río Grande
TX-012762,CLI-00063,2026-05-25,Seguridad e indumentaria,2,101288.61,Web,Tarjeta de débito,Ushuaia
TX-012761,CLI-01064,2026-05-25,Ferretería general,14,71438.41,App,Tarjeta de crédito,Río Grande
TX-012760,CLI-01206,2026-05-25,Seguridad e indumentaria,1,49387.22,Telefónico,Transferencia,Ushuaia
TX-012759,CLI-01017,2026-05-25,Cemento y áridos,59,1954867.28,App,Tarjeta de débito,Río Grande
TX-012757,CLI-00059,2026-05-25,Herramientas manuales,7,170777.95,Web,Transferencia,Río Grande
TX-012756,CLI-00450,2026-05-25,Electricidad e iluminación,8,251735.23,Telefónico,Cuenta corriente,Ushuaia
TX-012754,CLI-01249,2026-05-25,Seguridad e indumentaria,1,61495.68,Web,Tarjeta de crédito,Rio Grande
TX-012755,CLI-01137,2026-05-25,Herramientas manuales,3,218774.45,Web,Transferencia,Río Grande
TX-012751,CLI-01100,2026-05-25,Sanitarios y grifería,2,293250.58,App,Cuenta corriente,Tolhuin
TX-012748,CLI-00403,2026-05-25,Sanitarios y grifería,5,572117.38,App,Cuenta corriente,Ushuaia
TX-012747,CLI-00068,2026-05-25,Cemento y áridos,29,963109.27,Web,Cuenta corriente,Río Grande
TX-012746,CLI-01100,2026-05-25,Plomería y caños,4,131890.39,Telefónico,Cuenta corriente,Tolhuin
TX-012745,CLI-01248,2026-05-25,Pinturas y revestimientos,4,149195.31,Web,Tarjeta de crédito,Ushuaia
TX-012764,CLI-01100,2026-05-25,Cemento y áridos,23,1047456.84,Web,Cuenta corriente,Tolhuin
TX-012753,CLI-00382,2026-05-25,Ferretería general,1,6759.69,Web,Tarjeta de débito,Río Grande
TX-012766,CLI-00093,2026-05-25,Electricidad e iluminación,3,53248.42,Web,Transferencia,Río Grande
TX-012798,CLI-01100,2026-05-26,Maderas y tableros,6,454115.55,App,Tarjeta de crédito,Tolhuin
TX-012800,CLI-00142,2026-05-26,Plomería y caños,16,375311.22,Web,Cuenta corriente,RÍO GRANDE
TX-012799,CLI-01100,2026-05-26,Cemento y áridos,22,837851.35,App,Cuenta corriente,Tolhuin
TX-012797,CLI-01099,2026-05-26,Herramientas manuales,4,238737.16,Telefónico,Cuenta corriente,Ushuaia
TX-012795,CLI-00077,2026-05-26,Ferretería general,21,192218.82,App,Transferencia,Río Grande
TX-012772,CLI-00649,2026-05-26,Pisos y cerámicos,8,233732.21,Telefónico,Cuenta corriente,USHUAIA
TX-012774,CLI-00649,2026-05-26,Maderas y tableros,31,1825680.97,Web,Tarjeta de crédito,Ushuaia
TX-012775,CLI-00840,2026-05-26,Ferretería general,7,35719.9,Web,Transferencia,Río Grande
TX-012777,CLI-01082,2026-05-26,Cemento y áridos,113,4677268.62,Web,Cuenta corriente,Ushuaia
TX-012780,CLI-01082,2026-05-26,Sanitarios y grifería,2,420814.38,Telefónico,Cuenta corriente,Ushuaia
TX-012781,CLI-01206,2026-05-26,Pinturas y revestimientos,4,145044.41,App,Tarjeta de crédito,Ushuaia
TX-012782,CLI-01206,2026-05-26,Pisos y cerámicos,57,1465404.85,Telefónico,Tarjeta de débito,Ushuaia
TX-012796,CLI-01299,2026-05-26,Aberturas,5,1574503.91,Web,Cuenta corriente,RÍO GRANDE
TX-012783,CLI-00874,2026-05-26,Maderas y tableros,10,234966.45,Web,Transferencia,río grande
TX-012787,CLI-01028,2026-05-26,Ferretería general,5,18545.01,Web,Tarjeta de débito,Ushuaia
TX-012789,CLI-00266,2026-05-26,Electricidad e iluminación,4,75866.64,App,Transferencia,Ushuaia
TX-012790,CLI-00274,2026-05-26,Pinturas y revestimientos,4,299361.21,Web,Cuenta corriente,Río Grande 
TX-012791,CLI-00090,2026-05-26,Cemento y áridos,36,741236.62,Telefónico,Cuenta corriente,Río Grande
TX-012792,CLI-01273,2026-05-26,Maderas y tableros,7,132171.87,App,Tarjeta de débito,RÍO GRANDE
TX-012793,CLI-00321,2026-05-26,Seguridad e indumentaria,3,360901.93,App,Cuenta corriente,Ushuaia
TX-012794,CLI-01100,2026-05-26,Sanitarios y grifería,6,1415690.21,Telefónico,Transferencia,Tolhuin
TX-012785,CLI-01207,2026-05-26,Maderas y tableros,29,1287025.4,Telefónico,Cuenta corriente,USHUAIA
TX-012823,CLI-00333,2026-05-27,Ferretería general,1,4667.11,App,Tarjeta de débito,Ushuaia
TX-012822,CLI-00358,2026-05-27,Electricidad e iluminación,53,1268524.6,App,Transferencia,Ushuaia
TX-012821,CLI-00613,2026-05-27,Herramientas manuales,8,251157.35,Telefónico,Cuenta corriente,Ushuaia
TX-012819,CLI-00923,2026-05-27,Herramientas manuales,4,60865.4,App,Efectivo en sucursal,Río Grande
TX-012802,CLI-01087,2026-05-27,Pisos y cerámicos,32,866079.52,Web,T. crédito,río grande
TX-012803,CLI-01299,2026-05-27,Maderas y tableros,12,537909.11,App,Transferencia,RÍO GRANDE
TX-012804,CLI-00249,2026-05-27,Electricidad e iluminación,16,454576.52,App,Efectivo en sucursal,Río Grande
TX-012805,CLI-01099,2026-05-27,,24,1008540.89,Telefónico,Tarjeta de crédito,Ushuaia
TX-012806,CLI-00561,2026-05-27,Pisos y cerámicos,27,1458657.14,Web,Cuenta corriente,ushuaia
TX-012807,CLI-00519,2026-05-27,Aberturas,3,731455.85,Web,Tarjeta de crédito,Ushuaia
TX-012809,CLI-01207,2026-05-27,Maderas y tableros,40,2287894.31,App,Transferencia,Ushuaia
TX-012810,CLI-01006,2026-05-27,Herramientas manuales,4,153841.62,Telefónico,Transferencia,Río Grande
TX-012814,CLI-00671,2026-05-27,Seguridad e indumentaria,4,163668.15,Web,Transferencia,Río Grande
TX-012815,CLI-01031,2026-05-27,Herramientas manuales,4,122209.59,Web,Tarjeta de débito,Ushuaia
TX-012816,CLI-00360,2026-05-27,Cemento y áridos,18,465755.84,Telefónico,Cuenta corriente,Río Grande
TX-012817,CLI-00403,2026-05-27,Pisos y cerámicos,12,426788.93,App,Cuenta corriente,Ushuaia
TX-012818,CLI-00576,2026-05-27,Seguridad e indumentaria,2,106624.64,Web,Tarjeta de crédito,Río Grande
TX-012820,CLI-00610,2026-05-27,Ferretería general,3,10154.58,Web,Tarjeta de crédito,Río Grande
TX-012812,CLI-01299,2026-05-27,Herramientas eléctricas,4,2002404.15,App,Cuenta corriente,Río Grande
TX-012846,CLI-01139,2026-05-28,Herramientas manuales,6,98157.46,App,Transferencia,Ushuaia
TX-012840,CLI-01079,2026-05-28,Maderas y tableros,39,966444.64,Web,Tarjeta de débito,Ushuaia
TX-012838,CLI-00519,2026-05-28,Plomería y caños,11,174749.12,Telefónico,Transferencia,Ushuaia
TX-012843,CLI-01276,2026-05-28,Pisos y cerámicos,21,557853.55,Web,transf.,USHUAIA
TX-012836,CLI-00519,2026-05-28,Herramientas manuales,4,248126.94,Telefónico,Cuenta corriente,Ushuaia
TX-012835,CLI-00102,2026-05-28,Plomería y caños,1,12310.67,Web,Tarjeta de crédito,Ushuaia
TX-012834,CLI-01256,2026-05-28,Aberturas,1,177680.5,Web,Tarjeta de débito,Río Grande
TX-012841,CLI-00358,2026-05-28,Pisos y cerámicos,12,297395.58,Web,Tarjeta de crédito,Ushuaia
TX-012833,CLI-00382,2026-05-28,Plomería y caños,5,61170.35,App,Tarjeta de débito,RÍO GRANDE
TX-012830,CLI-00671,2026-05-28,Herramientas manuales,3,74730.07,App,Tarjeta de crédito,Río Grande
TX-012829,CLI-00587,2026-05-28,Maderas y tableros,8,188259.09,App,,Río Grande
TX-012827,CLI-00733,2026-05-28,Pisos y cerámicos,6,256013.99,Telefónico,Tarjeta de crédito,Río Grande
TX-012825,CLI-01031,2026-05-28,Pisos y cerámicos,7,172344.86,Web,Transferencia,Ushuaia
TX-012824,CLI-00228,2026-05-28,Ferretería general,2,12102.16,Web,Transferencia,Tolhuin
TX-012849,CLI-00077,2026-05-28,Ferretería general,4,36993.09,App,Cuenta corriente,Río Grande
TX-012832,CLI-01193,2026-05-28,Cemento y áridos,3,33705.96,Web,Tarjeta de crédito,Río Grande
TX-012844,CLI-00842,2026-05-28,Electricidad e iluminación,9,239019.61,Telefónico,Cuenta corriente,Río Grande
TX-012863,CLI-00840,2026-05-29,Herramientas manuales,1,28442.89,Web,T. débito,Río Grande
TX-012864,CLI-01141,2026-05-29,Seguridad e indumentaria,5,332650.04,Telefónico,Transferencia,Ushuaia
TX-012850,CLI-01100,2026-05-29,Maderas y tableros,43,3001767.21,App,Cuenta corriente,Tolhuin
TX-012867,CLI-00228,2026-05-29,Sanitarios y grifería,1,77749.41,Web,Tarjeta de débito,Tolhuin
TX-012851,CLI-01137,2026-05-29,Pinturas y revestimientos,9,784891.33,Telefónico,Transferencia,Río Grande
TX-012853,CLI-00649,2026-05-29,Seguridad e indumentaria,6,484480.87,Web,Transferencia,Ushuaia
TX-012854,CLI-00621,2026-05-29,Sanitarios y grifería,6,636482.34,Telefónico,Cuenta corriente,Río Grande
TX-012855,CLI-01139,2026-05-29,Pinturas y revestimientos,2,61686.98,Web,Tarjeta de débito,Ushuaia
TX-012856,CLI-00347,2026-05-29,Plomería y caños,8,70324.44,Web,Tarjeta de crédito,Río Grande
TX-012857,CLI-00561,2026-05-29,Ferretería general,24,413982.92,App,Cuenta corriente,Ushuaia
TX-012866,CLI-00563,2026-05-29,Sanitarios y grifería,2,267755.23,Telefónico,Tarjeta de débito,Río Grande
TX-012865,CLI-01082,2026-05-29,Pisos y cerámicos,5,310432.6,Telefónico,T. crédito,Ushuaia
TX-012868,CLI-00165,2026-05-29,Sanitarios y grifería,1,100320.96,Web,Tarjeta de crédito,Ushuaia
TX-012860,CLI-00840,2026-05-29,Ferretería general,3,14507.6,Web,Cuenta corriente,Río Grande
TX-012859,CLI-00519,2026-05-29,Cemento y áridos,24,550951.28,Web,Cuenta corriente,Ushuaia
TX-012858,CLI-00931,2026-05-29,Ferretería general,5,34004.81,Telefónico,Transferencia,Río Grande
TX-012870,CLI-00357,2026-05-30,Sanitarios y grifería,2,341398.01,Web,Tarjeta de débito,Ushuaia
TX-012879,CLI-01031,2026-05-30,Electricidad e iluminación,5,114895.15,Web,Transferencia,Ushuaia
TX-012878,CLI-00378,2026-05-30,Plomería y caños,9,92937.55,Web,Tarjeta de crédito,Ushuaia
TX-012876,CLI-00879,2026-05-30,Plomería y caños,11,356330.93,Telefónico,Transferencia,Río Grande
TX-012875,CLI-01239,2026-05-30,Ferretería general,7,91398.18,Telefónico,Transferencia,Río Grande
TX-012873,CLI-01316,2026-05-30,Sanitarios y grifería,1,64086.47,Telefónico,Efectivo en sucursal,Ushuaia
TX-012871,CLI-01031,2026-05-30,Pinturas y revestimientos,1,35852.61,Web,Tarjeta de débito,Ushuaia
TX-012872,CLI-01313,2026-05-30,Electricidad e iluminación,1,22818.11,App,Transferencia,Río Grande
TX-012880,CLI-00390,2026-05-31,Cemento y áridos,7,141187.66,Telefónico,Cuenta corriente,USHUAIA
